<?xml version="1.0" standalone="yes"?>
<mi:PackageInstaller xmlns:mi="http://www.composite.net/ns/management/packageinstaller/1.0">
	<mi:PackageRequirements minimumCompositeVersion="4.2.0.0" maximumCompositeVersion="9.9999.9999.9999" />
	<mi:PackageInformation name="Composite.Community.Facebook.LikeButton" groupName="Composite.Community" version="1.0.7" author="Composite A/S" website="http://composite.net" readMoreUrl="http://docs.composite.net/Composite.Community.Facebook.LikeButton" id="43aeba79-ae83-4bcc-b7be-9e43b78c14b1" canBeUninstalled="true" systemLocking="hard" flushOnCompletion="false">
		<Description>Adds the Like button to a page for users to share content with their Facebook friends.</Description>
		<TechnicalDetails>Adds the Like button to a page for users to share content with their Facebook friends.</TechnicalDetails>
	</mi:PackageInformation>
	<mi:PackageFragmentInstallerBinaries />
	<mi:PackageFragmentInstallers>
		<mi:Add installerType="Composite.Core.PackageSystem.PackageFragmentInstallers.FilePackageFragmentInstaller, Composite" uninstallerType="Composite.Core.PackageSystem.PackageFragmentInstallers.FilePackageFragmentUninstaller, Composite">
			<Files>
				<File sourceFilename="~\App_Data\Razor\Composite\Community\Facebook\LikeButton.cshtml" targetFilename="~\App_Data\Razor\Composite\Community\Facebook\LikeButton.cshtml" allowOverwrite="false" />
			</Files>
			<Directories />
		</mi:Add>
		<mi:Add installerType="Composite.Core.PackageSystem.PackageFragmentInstallers.DynamicDataTypePackageFragmentInstaller, Composite" uninstallerType="Composite.Core.PackageSystem.PackageFragmentInstallers.DynamicDataTypePackageFragmentUninstaller, Composite">
			<Types />
		</mi:Add>
	</mi:PackageFragmentInstallers>
</mi:PackageInstaller>