<?xml version="1.0" standalone="yes"?>
<mi:PackageInstaller xmlns:mi="http://www.composite.net/ns/management/packageinstaller/1.0">
	<mi:PackageRequirements minimumCompositeVersion="4.2.0.0" maximumCompositeVersion="9.9999.9999.9999" />
	<mi:PackageInformation name="Composite.Media.ImageGallery.ADGallery" groupName="Composite.Media" version="1.1.2" author="Composite A/S" website="http://www.composite.net" readMoreUrl="http://docs.composite.net/Composite.Media.ImageGallery.ADGallery" id="758b0028-abb1-4f67-bd35-5ddad97ad96e" canBeUninstalled="true" systemLocking="hard" flushOnCompletion="false">
		<Description>Displays a gallery of images using AD Gallery, a highly customizable gallery/showcase plugin for jQuery</Description>
		<TechnicalDetails>Composite.Media.ImageGallery.ADGallery displays a gallery of images using AD Gallery, a highly customizable showcase plugin for jQuery.</TechnicalDetails>
	</mi:PackageInformation>
	<mi:PackageFragmentInstallerBinaries />
	<mi:PackageFragmentInstallers>
		<mi:Add installerType="Composite.Core.PackageSystem.PackageFragmentInstallers.FilePackageFragmentInstaller, Composite" uninstallerType="Composite.Core.PackageSystem.PackageFragmentInstallers.FilePackageFragmentUninstaller, Composite">
			<Files>
				<File sourceFilename="~\App_Data\Razor\Composite\Media\ImageGallery\ADGallery.cshtml" targetFilename="~\App_Data\Razor\Composite\Media\ImageGallery\ADGallery.cshtml" allowOverwrite="false" />
			</Files>
			<Directories>
				<Directory sourceDirectory="~\Frontend\Composite\Media\ImageGallery\ADGallery\" targetDirectory="~\Frontend\Composite\Media\ImageGallery\ADGallery\" allowOverwrite="true" deleteTargetDirectory="false" />
			</Directories>
		</mi:Add>
	</mi:PackageFragmentInstallers>
</mi:PackageInstaller>