﻿<?xml version="1.0" encoding="utf-8"?>
<UserGroupActivePerspectiveElementss>
  <UserGroupActivePerspectiveElements Id="79537783-e2ba-439f-9570-15c0dc25ac7e" UserGroupId="c3d9049e-f95e-4375-a3fa-af3ee9f40606" SerializedEntityToken="entityTokenType='Composite\.Plugins\.Elements\.ElementProviders\.VirtualElementProvider\.VirtualElementProviderEntityToken,Composite'entityToken='_EntityToken_Type_=\'Composite\\\.Plugins\\\.Elements\\\.ElementProviders\\\.VirtualElementProvider\\\.VirtualElementProviderEntityToken,Composite\'_EntityToken_Source_=\'VirtualElementProvider\'_EntityToken_Id_=\'ContentPerspective\''" />
  <UserGroupActivePerspectiveElements Id="a74a8f9d-c993-4dea-bc53-5a028de068d8" UserGroupId="0dd7fdb9-dd4b-4990-a0ec-b42cca61e39c" SerializedEntityToken="entityTokenType='Composite\.Plugins\.Elements\.ElementProviders\.VirtualElementProvider\.VirtualElementProviderEntityToken,Composite'entityToken='_EntityToken_Type_=\'Composite\\\.Plugins\\\.Elements\\\.ElementProviders\\\.VirtualElementProvider\\\.VirtualElementProviderEntityToken,Composite\'_EntityToken_Source_=\'VirtualElementProvider\'_EntityToken_Id_=\'ContentPerspective\''" />
  <UserGroupActivePerspectiveElements Id="788de738-6161-4de9-9a86-76ab92748180" UserGroupId="a313fdae-232e-4997-9a21-264649dff307" SerializedEntityToken="entityTokenType='Composite\.Plugins\.Elements\.ElementProviders\.VirtualElementProvider\.VirtualElementProviderEntityToken,Composite'entityToken='_EntityToken_Type_=\'Composite\\\.Plugins\\\.Elements\\\.ElementProviders\\\.VirtualElementProvider\\\.VirtualElementProviderEntityToken,Composite\'_EntityToken_Source_=\'VirtualElementProvider\'_EntityToken_Id_=\'FunctionsPerspective\''" />
  <UserGroupActivePerspectiveElements Id="6c02b26b-7e88-4c5f-b248-f1a528cf07b5" UserGroupId="a313fdae-232e-4997-9a21-264649dff307" SerializedEntityToken="entityTokenType='Composite\.Plugins\.Elements\.ElementProviders\.VirtualElementProvider\.VirtualElementProviderEntityToken,Composite'entityToken='_EntityToken_Type_=\'Composite\\\.Plugins\\\.Elements\\\.ElementProviders\\\.VirtualElementProvider\\\.VirtualElementProviderEntityToken,Composite\'_EntityToken_Source_=\'VirtualElementProvider\'_EntityToken_Id_=\'SystemPerspective\''" />
  <UserGroupActivePerspectiveElements Id="cd12ac07-1f8d-41e5-b76e-b610eb2f5be4" UserGroupId="a313fdae-232e-4997-9a21-264649dff307" SerializedEntityToken="entityTokenType='Composite\.Plugins\.Elements\.ElementProviders\.VirtualElementProvider\.VirtualElementProviderEntityToken,Composite'entityToken='_EntityToken_Type_=\'Composite\\\.Plugins\\\.Elements\\\.ElementProviders\\\.VirtualElementProvider\\\.VirtualElementProviderEntityToken,Composite\'_EntityToken_Source_=\'VirtualElementProvider\'_EntityToken_Id_=\'DatasPerspective\''" />
  <UserGroupActivePerspectiveElements Id="d90252d2-3619-451f-a875-ec501b9f1295" UserGroupId="0dd7fdb9-dd4b-4990-a0ec-b42cca61e39c" SerializedEntityToken="entityTokenType='Composite\.Plugins\.Elements\.ElementProviders\.VirtualElementProvider\.VirtualElementProviderEntityToken,Composite'entityToken='_EntityToken_Type_=\'Composite\\\.Plugins\\\.Elements\\\.ElementProviders\\\.VirtualElementProvider\\\.VirtualElementProviderEntityToken,Composite\'_EntityToken_Source_=\'VirtualElementProvider\'_EntityToken_Id_=\'DesignPerspective\''" />
  <UserGroupActivePerspectiveElements Id="eb4da2c8-4f89-4f83-94a1-ef82d4ce88b5" UserGroupId="0dd7fdb9-dd4b-4990-a0ec-b42cca61e39c" SerializedEntityToken="entityTokenType='Composite\.Plugins\.Elements\.ElementProviders\.VirtualElementProvider\.VirtualElementProviderEntityToken,Composite'entityToken='_EntityToken_Type_=\'Composite\\\.Plugins\\\.Elements\\\.ElementProviders\\\.VirtualElementProvider\\\.VirtualElementProviderEntityToken,Composite\'_EntityToken_Source_=\'VirtualElementProvider\'_EntityToken_Id_=\'MediaPerspective\''" />
  <UserGroupActivePerspectiveElements Id="838fb932-4919-4a75-bd69-a4e9b06ee80c" UserGroupId="a313fdae-232e-4997-9a21-264649dff307" SerializedEntityToken="entityTokenType='Composite\.Plugins\.Elements\.ElementProviders\.VirtualElementProvider\.VirtualElementProviderEntityToken,Composite'entityToken='_EntityToken_Type_=\'Composite\\\.Plugins\\\.Elements\\\.ElementProviders\\\.VirtualElementProvider\\\.VirtualElementProviderEntityToken,Composite\'_EntityToken_Source_=\'VirtualElementProvider\'_EntityToken_Id_=\'UserPerspective\''" />
  <UserGroupActivePerspectiveElements Id="381fd64c-ea9c-4504-b515-69e415c169a7" UserGroupId="a313fdae-232e-4997-9a21-264649dff307" SerializedEntityToken="entityTokenType='Composite\.Plugins\.Elements\.ElementProviders\.VirtualElementProvider\.VirtualElementProviderEntityToken,Composite'entityToken='_EntityToken_Type_=\'Composite\\\.Plugins\\\.Elements\\\.ElementProviders\\\.VirtualElementProvider\\\.VirtualElementProviderEntityToken,Composite\'_EntityToken_Source_=\'VirtualElementProvider\'_EntityToken_Id_=\'ContentPerspective\''" />
  <UserGroupActivePerspectiveElements Id="713d7af6-279b-4e2c-ac7c-4d5c3e74b4f9" UserGroupId="0dd7fdb9-dd4b-4990-a0ec-b42cca61e39c" SerializedEntityToken="entityTokenType='Composite\.Plugins\.Elements\.ElementProviders\.VirtualElementProvider\.VirtualElementProviderEntityToken,Composite'entityToken='_EntityToken_Type_=\'Composite\\\.Plugins\\\.Elements\\\.ElementProviders\\\.VirtualElementProvider\\\.VirtualElementProviderEntityToken,Composite\'_EntityToken_Source_=\'VirtualElementProvider\'_EntityToken_Id_=\'DatasPerspective\''" />
  <UserGroupActivePerspectiveElements Id="65253009-dafb-40f8-bdb3-58247e6edfc9" UserGroupId="a313fdae-232e-4997-9a21-264649dff307" SerializedEntityToken="entityTokenType='Composite\.Plugins\.Elements\.ElementProviders\.VirtualElementProvider\.VirtualElementProviderEntityToken,Composite'entityToken='_EntityToken_Type_=\'Composite\\\.Plugins\\\.Elements\\\.ElementProviders\\\.VirtualElementProvider\\\.VirtualElementProviderEntityToken,Composite\'_EntityToken_Source_=\'VirtualElementProvider\'_EntityToken_Id_=\'DesignPerspective\''" />
  <UserGroupActivePerspectiveElements Id="16236394-98d8-42a9-b8e8-23794814ec90" UserGroupId="a313fdae-232e-4997-9a21-264649dff307" SerializedEntityToken="entityTokenType='Composite\.Plugins\.Elements\.ElementProviders\.VirtualElementProvider\.VirtualElementProviderEntityToken,Composite'entityToken='_EntityToken_Type_=\'Composite\\\.Plugins\\\.Elements\\\.ElementProviders\\\.VirtualElementProvider\\\.VirtualElementProviderEntityToken,Composite\'_EntityToken_Source_=\'VirtualElementProvider\'_EntityToken_Id_=\'MediaPerspective\''" />
  <UserGroupActivePerspectiveElements Id="ca5c6aad-d786-4fae-9027-ade1ae00cf2f" UserGroupId="0dd7fdb9-dd4b-4990-a0ec-b42cca61e39c" SerializedEntityToken="entityTokenType='Composite\.Plugins\.Elements\.ElementProviders\.VirtualElementProvider\.VirtualElementProviderEntityToken,Composite'entityToken='_EntityToken_Type_=\'Composite\\\.Plugins\\\.Elements\\\.ElementProviders\\\.VirtualElementProvider\\\.VirtualElementProviderEntityToken,Composite\'_EntityToken_Source_=\'VirtualElementProvider\'_EntityToken_Id_=\'FunctionsPerspective\''" />
  <UserGroupActivePerspectiveElements Id="69878ad7-eea2-43c9-af60-e68820b0a11a" UserGroupId="c3d9049e-f95e-4375-a3fa-af3ee9f40606" SerializedEntityToken="entityTokenType='Composite\.Plugins\.Elements\.ElementProviders\.VirtualElementProvider\.VirtualElementProviderEntityToken,Composite'entityToken='_EntityToken_Type_=\'Composite\\\.Plugins\\\.Elements\\\.ElementProviders\\\.VirtualElementProvider\\\.VirtualElementProviderEntityToken,Composite\'_EntityToken_Source_=\'VirtualElementProvider\'_EntityToken_Id_=\'MediaPerspective\''" />
</UserGroupActivePerspectiveElementss>