﻿<?xml version="1.0" encoding="utf-8"?>
<UserGroupPermissionDefinitionPermissionTypeElementss>
  <UserGroupPermissionDefinitionPermissionTypeElements Id="50fb8e7a-5863-4761-b9b7-cfbb25eb47a0" UserGroupPermissionDefinitionId="d77e18df-aac4-45fd-bc7e-defdfaab1141" PermissionTypeName="Delete" />
  <UserGroupPermissionDefinitionPermissionTypeElements Id="99d0ea21-7299-4265-ad74-b08720d38f97" UserGroupPermissionDefinitionId="26b2b533-d6a3-4628-94f4-a9009ac32284" PermissionTypeName="Approve" />
  <UserGroupPermissionDefinitionPermissionTypeElements Id="5d9190c9-2fa8-416c-8d8a-0ee43d82852a" UserGroupPermissionDefinitionId="1fb0a33b-aa37-4acf-be0b-2c78d6ddd964" PermissionTypeName="Publish" />
  <UserGroupPermissionDefinitionPermissionTypeElements Id="afd2891f-e5ca-4376-84bf-b3ef87159f28" UserGroupPermissionDefinitionId="26b2b533-d6a3-4628-94f4-a9009ac32284" PermissionTypeName="Edit" />
  <UserGroupPermissionDefinitionPermissionTypeElements Id="9d872afc-95f4-4255-96dd-167aeab4a7fc" UserGroupPermissionDefinitionId="8fcc4920-a390-445e-8240-81da8abf7567" PermissionTypeName="Read" />
  <UserGroupPermissionDefinitionPermissionTypeElements Id="bd03873c-fad5-48c8-a893-ff6f7c2bc1a5" UserGroupPermissionDefinitionId="26b2b533-d6a3-4628-94f4-a9009ac32284" PermissionTypeName="Read" />
  <UserGroupPermissionDefinitionPermissionTypeElements Id="936f789d-f206-476e-a488-fd0c15f0dcc2" UserGroupPermissionDefinitionId="1fb0a33b-aa37-4acf-be0b-2c78d6ddd964" PermissionTypeName="Edit" />
  <UserGroupPermissionDefinitionPermissionTypeElements Id="98196483-3dfb-4f2a-beab-a671187f613f" UserGroupPermissionDefinitionId="26b2b533-d6a3-4628-94f4-a9009ac32284" PermissionTypeName="Delete" />
  <UserGroupPermissionDefinitionPermissionTypeElements Id="2bde49c8-6569-41b3-b715-e04b808075dc" UserGroupPermissionDefinitionId="9d32502b-b93d-43fe-9113-bc7681b30b3c" PermissionTypeName="Approve" />
  <UserGroupPermissionDefinitionPermissionTypeElements Id="2633d6ab-f376-4a8a-b3c3-1859ffc108ba" UserGroupPermissionDefinitionId="30254057-e49c-4d6b-ae02-a38ea0588f8d" PermissionTypeName="Delete" />
  <UserGroupPermissionDefinitionPermissionTypeElements Id="44e3a9b5-5f34-459c-8110-cd9455cd6b69" UserGroupPermissionDefinitionId="30254057-e49c-4d6b-ae02-a38ea0588f8d" PermissionTypeName="Edit" />
  <UserGroupPermissionDefinitionPermissionTypeElements Id="30f234a1-e64a-4ded-ab25-f0405952070f" UserGroupPermissionDefinitionId="1fb0a33b-aa37-4acf-be0b-2c78d6ddd964" PermissionTypeName="Add" />
  <UserGroupPermissionDefinitionPermissionTypeElements Id="8aed720e-3643-41f0-9736-59064ca82803" UserGroupPermissionDefinitionId="9d32502b-b93d-43fe-9113-bc7681b30b3c" PermissionTypeName="Read" />
  <UserGroupPermissionDefinitionPermissionTypeElements Id="200f85b9-f69e-416c-b0c8-a909ef74e879" UserGroupPermissionDefinitionId="26b2b533-d6a3-4628-94f4-a9009ac32284" PermissionTypeName="Add" />
  <UserGroupPermissionDefinitionPermissionTypeElements Id="af2ea96c-96d5-4ebf-9dfc-e5aa7c5c57ec" UserGroupPermissionDefinitionId="30254057-e49c-4d6b-ae02-a38ea0588f8d" PermissionTypeName="Publish" />
  <UserGroupPermissionDefinitionPermissionTypeElements Id="b88bbb0b-975a-4a85-9eef-da151878369d" UserGroupPermissionDefinitionId="d77e18df-aac4-45fd-bc7e-defdfaab1141" PermissionTypeName="Approve" />
  <UserGroupPermissionDefinitionPermissionTypeElements Id="4eae9311-1d2c-4ae7-9848-4fc392dbabee" UserGroupPermissionDefinitionId="d77e18df-aac4-45fd-bc7e-defdfaab1141" PermissionTypeName="Edit" />
  <UserGroupPermissionDefinitionPermissionTypeElements Id="00005206-fd06-4879-af50-f25d647e29df" UserGroupPermissionDefinitionId="9d32502b-b93d-43fe-9113-bc7681b30b3c" PermissionTypeName="Publish" />
  <UserGroupPermissionDefinitionPermissionTypeElements Id="67146768-b43d-47ff-ab9b-9855b5ba2f82" UserGroupPermissionDefinitionId="1fb0a33b-aa37-4acf-be0b-2c78d6ddd964" PermissionTypeName="Delete" />
  <UserGroupPermissionDefinitionPermissionTypeElements Id="ea7625de-8071-4908-b2e4-bbc35df1abfb" UserGroupPermissionDefinitionId="9d32502b-b93d-43fe-9113-bc7681b30b3c" PermissionTypeName="Delete" />
  <UserGroupPermissionDefinitionPermissionTypeElements Id="c2e42345-514e-406c-8ed0-b5a7ec72f2dd" UserGroupPermissionDefinitionId="1fb0a33b-aa37-4acf-be0b-2c78d6ddd964" PermissionTypeName="Administrate" />
  <UserGroupPermissionDefinitionPermissionTypeElements Id="79d61b4e-9122-4db0-80a7-34327f68889f" UserGroupPermissionDefinitionId="8fcc4920-a390-445e-8240-81da8abf7567" PermissionTypeName="Publish" />
  <UserGroupPermissionDefinitionPermissionTypeElements Id="b2fd1e56-bd0f-4e4e-88ff-a48d4df9de0f" UserGroupPermissionDefinitionId="8fcc4920-a390-445e-8240-81da8abf7567" PermissionTypeName="Approve" />
  <UserGroupPermissionDefinitionPermissionTypeElements Id="f8adcc96-8f78-40fe-852d-0951055e9a48" UserGroupPermissionDefinitionId="8fcc4920-a390-445e-8240-81da8abf7567" PermissionTypeName="Administrate" />
  <UserGroupPermissionDefinitionPermissionTypeElements Id="99b42d6c-3156-4be0-8ab3-ccac61a2d937" UserGroupPermissionDefinitionId="30254057-e49c-4d6b-ae02-a38ea0588f8d" PermissionTypeName="Read" />
  <UserGroupPermissionDefinitionPermissionTypeElements Id="6822a44c-f154-4609-9aa0-d2529d0caf65" UserGroupPermissionDefinitionId="8fcc4920-a390-445e-8240-81da8abf7567" PermissionTypeName="Edit" />
  <UserGroupPermissionDefinitionPermissionTypeElements Id="5fec8f3f-d12c-4a6f-926a-6325242bcdba" UserGroupPermissionDefinitionId="1fb0a33b-aa37-4acf-be0b-2c78d6ddd964" PermissionTypeName="Approve" />
  <UserGroupPermissionDefinitionPermissionTypeElements Id="5efb15d0-2af4-48bf-9691-7ec36fd6ce92" UserGroupPermissionDefinitionId="d77e18df-aac4-45fd-bc7e-defdfaab1141" PermissionTypeName="Read" />
  <UserGroupPermissionDefinitionPermissionTypeElements Id="4a887560-87a8-4a2b-8699-4b2c5a8b995b" UserGroupPermissionDefinitionId="d77e18df-aac4-45fd-bc7e-defdfaab1141" PermissionTypeName="Publish" />
  <UserGroupPermissionDefinitionPermissionTypeElements Id="b73ca1cd-680e-4a93-8210-0378bf775a56" UserGroupPermissionDefinitionId="9d32502b-b93d-43fe-9113-bc7681b30b3c" PermissionTypeName="Edit" />
  <UserGroupPermissionDefinitionPermissionTypeElements Id="3c7c23bd-01ab-4e89-853c-73e05cba4d48" UserGroupPermissionDefinitionId="26b2b533-d6a3-4628-94f4-a9009ac32284" PermissionTypeName="Publish" />
  <UserGroupPermissionDefinitionPermissionTypeElements Id="103c5ef3-38a5-494b-8e3f-9fc284c0e13d" UserGroupPermissionDefinitionId="1fb0a33b-aa37-4acf-be0b-2c78d6ddd964" PermissionTypeName="Read" />
  <UserGroupPermissionDefinitionPermissionTypeElements Id="c4492fb1-6aa6-418c-8f02-a91208e73917" UserGroupPermissionDefinitionId="8fcc4920-a390-445e-8240-81da8abf7567" PermissionTypeName="Delete" />
  <UserGroupPermissionDefinitionPermissionTypeElements Id="49419260-fb83-4161-8bde-8f0b48d628ee" UserGroupPermissionDefinitionId="30254057-e49c-4d6b-ae02-a38ea0588f8d" PermissionTypeName="Approve" />
  <UserGroupPermissionDefinitionPermissionTypeElements Id="5ebdb37e-33b8-4e50-90a4-563c96e10f64" UserGroupPermissionDefinitionId="8fcc4920-a390-445e-8240-81da8abf7567" PermissionTypeName="Add" />
  <UserGroupPermissionDefinitionPermissionTypeElements Id="e2ac5b06-b409-4f27-9262-c950ee6bde62" UserGroupPermissionDefinitionId="30254057-e49c-4d6b-ae02-a38ea0588f8d" PermissionTypeName="Add" />
</UserGroupPermissionDefinitionPermissionTypeElementss>