﻿<?xml version="1.0" encoding="utf-8"?>
<UserActivePerspectiveElementss>
  <UserActivePerspectiveElements Id="3e00d896-92fd-4ca7-af31-ebcea8040316" Username="admin" SerializedEntityToken="entityTokenType='Composite\.Plugins\.Elements\.ElementProviders\.VirtualElementProvider\.VirtualElementProviderEntityToken,Composite'entityToken='_EntityToken_Type_=\'Composite\\\.Plugins\\\.Elements\\\.ElementProviders\\\.VirtualElementProvider\\\.VirtualElementProviderEntityToken,Composite\'_EntityToken_Source_=\'VirtualElementProvider\'_EntityToken_Id_=\'Composite\\\.Tools\\\.PackageCreator\''" />
  <UserActivePerspectiveElements Id="b45c507e-8f68-4e29-9eb6-a7f893e1ecc5" Username="superuser" SerializedEntityToken="entityTokenType='Composite\.Plugins\.Elements\.ElementProviders\.VirtualElementProvider\.VirtualElementProviderEntityToken,Composite'entityToken='_EntityToken_Type_=\'Composite\\\.Plugins\\\.Elements\\\.ElementProviders\\\.VirtualElementProvider\\\.VirtualElementProviderEntityToken,Composite\'_EntityToken_Source_=\'VirtualElementProvider\'_EntityToken_Id_=\'DesignPerspective\''" />
  <UserActivePerspectiveElements Id="f131faab-8bf6-4c4d-85f8-439b680a939b" Username="superuser" SerializedEntityToken="entityTokenType='Composite\.Plugins\.Elements\.ElementProviders\.VirtualElementProvider\.VirtualElementProviderEntityToken,Composite'entityToken='_EntityToken_Type_=\'Composite\\\.Plugins\\\.Elements\\\.ElementProviders\\\.VirtualElementProvider\\\.VirtualElementProviderEntityToken,Composite\'_EntityToken_Source_=\'VirtualElementProvider\'_EntityToken_Id_=\'MediaPerspective\''" />
  <UserActivePerspectiveElements Id="919d66d8-15a2-463f-9857-f74b5a2ceb8d" Username="admin" SerializedEntityToken="entityTokenType='Composite\.Plugins\.Elements\.ElementProviders\.VirtualElementProvider\.VirtualElementProviderEntityToken,Composite'entityToken='_EntityToken_Type_=\'Composite\\\.Plugins\\\.Elements\\\.ElementProviders\\\.VirtualElementProvider\\\.VirtualElementProviderEntityToken,Composite\'_EntityToken_Source_=\'VirtualElementProvider\'_EntityToken_Id_=\'FunctionsPerspective\''" />
  <UserActivePerspectiveElements Id="f0037012-9203-4bbb-9355-f3c06d2c847c" Username="admin" SerializedEntityToken="entityTokenType='Composite\.Plugins\.Elements\.ElementProviders\.VirtualElementProvider\.VirtualElementProviderEntityToken,Composite'entityToken='_EntityToken_Type_=\'Composite\\\.Plugins\\\.Elements\\\.ElementProviders\\\.VirtualElementProvider\\\.VirtualElementProviderEntityToken,Composite\'_EntityToken_Source_=\'VirtualElementProvider\'_EntityToken_Id_=\'UserPerspective\''" />
  <UserActivePerspectiveElements Id="a4bddee1-c2d6-4686-840e-3808cbe4796b" Username="admin" SerializedEntityToken="entityTokenType='Composite\.Plugins\.Elements\.ElementProviders\.VirtualElementProvider\.VirtualElementProviderEntityToken,Composite'entityToken='_EntityToken_Type_=\'Composite\\\.Plugins\\\.Elements\\\.ElementProviders\\\.VirtualElementProvider\\\.VirtualElementProviderEntityToken,Composite\'_EntityToken_Source_=\'VirtualElementProvider\'_EntityToken_Id_=\'SystemPerspective\''" />
  <UserActivePerspectiveElements Id="bb6d4f2d-63fb-4c5e-bfd2-364c186e127a" Username="superuser" SerializedEntityToken="entityTokenType='Composite\.Plugins\.Elements\.ElementProviders\.VirtualElementProvider\.VirtualElementProviderEntityToken,Composite'entityToken='_EntityToken_Type_=\'Composite\\\.Plugins\\\.Elements\\\.ElementProviders\\\.VirtualElementProvider\\\.VirtualElementProviderEntityToken,Composite\'_EntityToken_Source_=\'VirtualElementProvider\'_EntityToken_Id_=\'ContentPerspective\''" />
  <UserActivePerspectiveElements Id="7e75aafa-991c-490c-820a-ead0572734c9" Username="user" SerializedEntityToken="entityTokenType='Composite\.Plugins\.Elements\.ElementProviders\.VirtualElementProvider\.VirtualElementProviderEntityToken,Composite'entityToken='_EntityToken_Type_=\'Composite\\\.Plugins\\\.Elements\\\.ElementProviders\\\.VirtualElementProvider\\\.VirtualElementProviderEntityToken,Composite\'_EntityToken_Source_=\'VirtualElementProvider\'_EntityToken_Id_=\'ContentPerspective\''" />
  <UserActivePerspectiveElements Id="b54627be-d020-4338-8e5e-a69726154921" Username="superuser" SerializedEntityToken="entityTokenType='Composite\.Plugins\.Elements\.ElementProviders\.VirtualElementProvider\.VirtualElementProviderEntityToken,Composite'entityToken='_EntityToken_Type_=\'Composite\\\.Plugins\\\.Elements\\\.ElementProviders\\\.VirtualElementProvider\\\.VirtualElementProviderEntityToken,Composite\'_EntityToken_Source_=\'VirtualElementProvider\'_EntityToken_Id_=\'DatasPerspective\''" />
  <UserActivePerspectiveElements Id="a410b953-1b71-4186-9993-b2c0368d25dc" Username="admin" SerializedEntityToken="entityTokenType='Composite\.Plugins\.Elements\.ElementProviders\.VirtualElementProvider\.VirtualElementProviderEntityToken,Composite'entityToken='_EntityToken_Type_=\'Composite\\\.Plugins\\\.Elements\\\.ElementProviders\\\.VirtualElementProvider\\\.VirtualElementProviderEntityToken,Composite\'_EntityToken_Source_=\'VirtualElementProvider\'_EntityToken_Id_=\'ContentPerspective\''" />
  <UserActivePerspectiveElements Id="8cf5bb0e-3275-4980-b64c-c35aa786e2ac" Username="admin" SerializedEntityToken="entityTokenType='Composite\.Plugins\.Elements\.ElementProviders\.VirtualElementProvider\.VirtualElementProviderEntityToken,Composite'entityToken='_EntityToken_Type_=\'Composite\\\.Plugins\\\.Elements\\\.ElementProviders\\\.VirtualElementProvider\\\.VirtualElementProviderEntityToken,Composite\'_EntityToken_Source_=\'VirtualElementProvider\'_EntityToken_Id_=\'DesignPerspective\''" />
  <UserActivePerspectiveElements Id="c3fefe09-2c99-4ee3-bf7e-ec9acbfdf09c" Username="superuser" SerializedEntityToken="entityTokenType='Composite\.Plugins\.Elements\.ElementProviders\.VirtualElementProvider\.VirtualElementProviderEntityToken,Composite'entityToken='_EntityToken_Type_=\'Composite\\\.Plugins\\\.Elements\\\.ElementProviders\\\.VirtualElementProvider\\\.VirtualElementProviderEntityToken,Composite\'_EntityToken_Source_=\'VirtualElementProvider\'_EntityToken_Id_=\'FunctionsPerspective\''" />
  <UserActivePerspectiveElements Id="b1e7bdd0-5c83-4e72-8bbe-953b3f1fd942" Username="admin" SerializedEntityToken="entityTokenType='Composite\.Plugins\.Elements\.ElementProviders\.VirtualElementProvider\.VirtualElementProviderEntityToken,Composite'entityToken='_EntityToken_Type_=\'Composite\\\.Plugins\\\.Elements\\\.ElementProviders\\\.VirtualElementProvider\\\.VirtualElementProviderEntityToken,Composite\'_EntityToken_Source_=\'VirtualElementProvider\'_EntityToken_Id_=\'DatasPerspective\''" />
  <UserActivePerspectiveElements Id="1cf1e75c-0bbb-42ee-a021-7030f83a0e62" Username="admin" SerializedEntityToken="entityTokenType='Composite\.Plugins\.Elements\.ElementProviders\.VirtualElementProvider\.VirtualElementProviderEntityToken,Composite'entityToken='_EntityToken_Type_=\'Composite\\\.Plugins\\\.Elements\\\.ElementProviders\\\.VirtualElementProvider\\\.VirtualElementProviderEntityToken,Composite\'_EntityToken_Source_=\'VirtualElementProvider\'_EntityToken_Id_=\'MediaPerspective\''" />
  <UserActivePerspectiveElements Id="9cc85f63-5294-4305-8033-9219d79d2a67" Username="user" SerializedEntityToken="entityTokenType='Composite\.Plugins\.Elements\.ElementProviders\.VirtualElementProvider\.VirtualElementProviderEntityToken,Composite'entityToken='_EntityToken_Type_=\'Composite\\\.Plugins\\\.Elements\\\.ElementProviders\\\.VirtualElementProvider\\\.VirtualElementProviderEntityToken,Composite\'_EntityToken_Source_=\'VirtualElementProvider\'_EntityToken_Id_=\'MediaPerspective\''" />
</UserActivePerspectiveElementss>