<?xml version="1.0" standalone="yes"?>
<mi:PackageInstaller xmlns:mi="http://www.composite.net/ns/management/packageinstaller/1.0">
	<mi:PackageRequirements minimumCompositeVersion="4.0.4846.29049" maximumCompositeVersion="9.9999.9999.9999" />
	<mi:PackageInformation name="Composite.StarterSite.Bootstrap.Templates.MasterPages" groupName="Composite.StarterSite.Bootstrap" version="2.0.1" author="Composite A/S" website="http://composite.net" readMoreUrl="-" id="97d66bdb-56ce-4d81-a945-8e6c77ed1dd2" canBeUninstalled="false" systemLocking="none" flushOnCompletion="false">
		<TechnicalDetails>-</TechnicalDetails>
		<Description>-</Description>
	</mi:PackageInformation>
	<mi:PackageFragmentInstallerBinaries />
	<mi:PackageFragmentInstallers>
		<mi:Add installerType="Composite.Core.PackageSystem.PackageFragmentInstallers.FilePackageFragmentInstaller, Composite" uninstallerType="Composite.Core.PackageSystem.PackageFragmentInstallers.FilePackageFragmentUninstaller, Composite">
			<Files>
				<File sourceFilename="~\App_Data\PageTemplates\Common.master" targetFilename="~\App_Data\PageTemplates\Common.master" allowOverwrite="false" />
				<File sourceFilename="~\App_Data\PageTemplates\Common.master.cs" targetFilename="~\App_Data\PageTemplates\Common.master.cs" allowOverwrite="false" />
				<File sourceFilename="~\App_Data\PageTemplates\Frontpage.master" targetFilename="~\App_Data\PageTemplates\Frontpage.master" allowOverwrite="false" />
				<File sourceFilename="~\App_Data\PageTemplates\Frontpage.master.cs" targetFilename="~\App_Data\PageTemplates\Frontpage.master.cs" allowOverwrite="false" />
				<File sourceFilename="~\App_Data\PageTemplates\OneColumnFullWidth.master" targetFilename="~\App_Data\PageTemplates\OneColumnFullWidth.master" allowOverwrite="false" />
				<File sourceFilename="~\App_Data\PageTemplates\OneColumnFullWidth.master.cs" targetFilename="~\App_Data\PageTemplates\OneColumnFullWidth.master.cs" allowOverwrite="false" />
				<File sourceFilename="~\App_Data\PageTemplates\ThreeColumns.master" targetFilename="~\App_Data\PageTemplates\ThreeColumns.master" allowOverwrite="false" />
				<File sourceFilename="~\App_Data\PageTemplates\ThreeColumns.master.cs" targetFilename="~\App_Data\PageTemplates\ThreeColumns.master.cs" allowOverwrite="false" />
				<File sourceFilename="~\App_Data\PageTemplates\TwoColumnsContentAside.master" targetFilename="~\App_Data\PageTemplates\TwoColumnsContentAside.master" allowOverwrite="false" />
				<File sourceFilename="~\App_Data\PageTemplates\TwoColumnsContentAside.master.cs" targetFilename="~\App_Data\PageTemplates\TwoColumnsContentAside.master.cs" allowOverwrite="false" />
				<File sourceFilename="~\App_Data\PageTemplates\TwoColumnsNavigationContent.master" targetFilename="~\App_Data\PageTemplates\TwoColumnsNavigationContent.master" allowOverwrite="false" />
				<File sourceFilename="~\App_Data\PageTemplates\TwoColumnsNavigationContent.master.cs" targetFilename="~\App_Data\PageTemplates\TwoColumnsNavigationContent.master.cs" allowOverwrite="false" />
			</Files>
		</mi:Add>
	</mi:PackageFragmentInstallers>
</mi:PackageInstaller>