﻿<?xml version="1.0" encoding="utf-8"?>
<Data>
  <Add XsltFunctionId="71f76d4f-8e67-453e-bfd6-95d626a763f1" Name="GetArchiveXml" SerializedFunction="&lt;f:function xmlns:f=&quot;http://www.composite.net/ns/function/1.0&quot; name=&quot;Composite.Community.Blog.GetArchiveXml&quot;&gt;&lt;f:param xmlns:f=&quot;http://www.composite.net/ns/function/1.0&quot; name=&quot;blogPage&quot;&gt;&lt;f:function xmlns:f=&quot;http://www.composite.net/ns/function/1.0&quot; name=&quot;Composite.Utils.GetInputParameter&quot;&gt;&lt;f:param name=&quot;InputParameterName&quot; value=&quot;BlogPage&quot; /&gt;&lt;/f:function&gt;&lt;/f:param&gt;&lt;f:param xmlns:f=&quot;http://www.composite.net/ns/function/1.0&quot; name=&quot;isGlobal&quot;&gt;&lt;f:function xmlns:f=&quot;http://www.composite.net/ns/function/1.0&quot; name=&quot;Composite.Utils.GetInputParameter&quot;&gt;&lt;f:param name=&quot;InputParameterName&quot; value=&quot;IsGlobal&quot; /&gt;&lt;/f:function&gt;&lt;/f:param&gt;&lt;/f:function&gt;" />
  <Add XsltFunctionId="71f76d4f-8e67-453e-bfd6-95d626a763f1" Name="GetPageId" SerializedFunction="&lt;f:function xmlns:f=&quot;http://www.composite.net/ns/function/1.0&quot; name=&quot;Composite.Pages.GetPageId&quot; /&gt;" />
  <Add XsltFunctionId="71f76d4f-8e67-453e-bfd6-95d626a763f1" Name="XsltExtensions" SerializedFunction="&lt;f:function xmlns:f=&quot;http://www.composite.net/ns/function/1.0&quot; name=&quot;Composite.Community.Blog.XsltExtensions&quot; /&gt;" />
  <Add XsltFunctionId="30c7b39d-5e02-4f89-a3b6-a80af00aee1f" Name="GetEntriesXml" SerializedFunction="&lt;f:function xmlns:f=&quot;http://www.composite.net/ns/function/1.0&quot; name=&quot;Composite.Community.Blog.Entries.GetEntriesXml&quot;&gt;&lt;f:param name=&quot;PropertyNames&quot;&gt;&lt;f:paramelement value=&quot;PageId.Id&quot; /&gt;&lt;f:paramelement value=&quot;DisplayComments&quot; /&gt;&lt;f:paramelement value=&quot;Content&quot; /&gt;&lt;f:paramelement value=&quot;Tags&quot; /&gt;&lt;f:paramelement value=&quot;Author.Picture&quot; /&gt;&lt;f:paramelement value=&quot;Author.Email&quot; /&gt;&lt;f:paramelement value=&quot;Author.Name&quot; /&gt;&lt;f:paramelement value=&quot;Author.DisplayEmail&quot; /&gt;&lt;f:paramelement value=&quot;Teaser&quot; /&gt;&lt;f:paramelement value=&quot;Date&quot; /&gt;&lt;f:paramelement value=&quot;Id&quot; /&gt;&lt;f:paramelement value=&quot;Image.Id&quot; /&gt;&lt;f:paramelement value=&quot;Image.Title&quot; /&gt;&lt;f:paramelement value=&quot;Title&quot; /&gt;&lt;/f:param&gt;&lt;f:param xmlns:f=&quot;http://www.composite.net/ns/function/1.0&quot; name=&quot;Filter&quot;&gt;&lt;f:function xmlns:f=&quot;http://www.composite.net/ns/function/1.0&quot; name=&quot;Composite.Community.Blog.GetBlogFilterFromUrl&quot;&gt;&lt;f:param xmlns:f=&quot;http://www.composite.net/ns/function/1.0&quot; name=&quot;isGlobal&quot;&gt;&lt;f:function xmlns:f=&quot;http://www.composite.net/ns/function/1.0&quot; name=&quot;Composite.Utils.GetInputParameter&quot;&gt;&lt;f:param name=&quot;InputParameterName&quot; value=&quot;IsGlobal&quot; /&gt;&lt;/f:function&gt;&lt;/f:param&gt;&lt;/f:function&gt;&lt;/f:param&gt;&lt;f:param name=&quot;OrderByField&quot; value=&quot;Date&quot; /&gt;&lt;f:param name=&quot;OrderAscending&quot; value=&quot;False&quot; /&gt;&lt;f:param xmlns:f=&quot;http://www.composite.net/ns/function/1.0&quot; name=&quot;PageSize&quot;&gt;&lt;f:function xmlns:f=&quot;http://www.composite.net/ns/function/1.0&quot; name=&quot;Composite.Utils.GetInputParameter&quot;&gt;&lt;f:param name=&quot;InputParameterName&quot; value=&quot;BlogEntriesCount&quot; /&gt;&lt;/f:function&gt;&lt;/f:param&gt;&lt;f:param xmlns:f=&quot;http://www.composite.net/ns/function/1.0&quot; name=&quot;PageNumber&quot;&gt;&lt;f:function xmlns:f=&quot;http://www.composite.net/ns/function/1.0&quot; name=&quot;Composite.Web.Request.QueryStringIntegerValue&quot;&gt;&lt;f:param name=&quot;ParameterName&quot; value=&quot;p&quot; /&gt;&lt;/f:function&gt;&lt;/f:param&gt;&lt;f:param name=&quot;IncludePagingInfo&quot; value=&quot;True&quot; /&gt;&lt;/f:function&gt;" />
  <Add XsltFunctionId="30c7b39d-5e02-4f89-a3b6-a80af00aee1f" Name="GetPageId" SerializedFunction="&lt;f:function xmlns:f=&quot;http://www.composite.net/ns/function/1.0&quot; name=&quot;Composite.Pages.GetPageId&quot; /&gt;" />
  <Add XsltFunctionId="30c7b39d-5e02-4f89-a3b6-a80af00aee1f" Name="MarkupParser" SerializedFunction="&lt;f:function xmlns:f=&quot;http://www.composite.net/ns/function/1.0&quot; name=&quot;Composite.Xslt.Extensions.MarkupParser&quot; /&gt;" />
  <Add XsltFunctionId="30c7b39d-5e02-4f89-a3b6-a80af00aee1f" Name="XsltExtensions" SerializedFunction="&lt;f:function xmlns:f=&quot;http://www.composite.net/ns/function/1.0&quot; name=&quot;Composite.Community.Blog.XsltExtensions&quot; /&gt;" />
  <Add XsltFunctionId="c90e12f7-0f65-40a5-9bae-5ebe953a2f57" Name="GetEntriesXml" SerializedFunction="&lt;f:function xmlns:f=&quot;http://www.composite.net/ns/function/1.0&quot; name=&quot;Composite.Community.Blog.Entries.GetEntriesXml&quot;&gt;&lt;f:param name=&quot;PropertyNames&quot;&gt;&lt;f:paramelement value=&quot;Date&quot; /&gt;&lt;f:paramelement value=&quot;Teaser&quot; /&gt;&lt;f:paramelement value=&quot;PageId&quot; /&gt;&lt;f:paramelement value=&quot;Id&quot; /&gt;&lt;f:paramelement value=&quot;Title&quot; /&gt;&lt;/f:param&gt;&lt;f:param name=&quot;OrderByField&quot; value=&quot;Date&quot; /&gt;&lt;f:param name=&quot;OrderAscending&quot; value=&quot;False&quot; /&gt;&lt;f:param xmlns:f=&quot;http://www.composite.net/ns/function/1.0&quot; name=&quot;PageSize&quot;&gt;&lt;f:function xmlns:f=&quot;http://www.composite.net/ns/function/1.0&quot; name=&quot;Composite.Utils.GetInputParameter&quot;&gt;&lt;f:param name=&quot;InputParameterName&quot; value=&quot;Count&quot; /&gt;&lt;/f:function&gt;&lt;/f:param&gt;&lt;/f:function&gt;" />
  <Add XsltFunctionId="c90e12f7-0f65-40a5-9bae-5ebe953a2f57" Name="XsltExtensions" SerializedFunction="&lt;f:function xmlns:f=&quot;http://www.composite.net/ns/function/1.0&quot; name=&quot;Composite.Community.Blog.XsltExtensions&quot; /&gt;" />
  <Add XsltFunctionId="029e6f07-0ca7-4cdf-8877-43e45f04aa2e" Name="GetPageId" SerializedFunction="&lt;f:function xmlns:f=&quot;http://www.composite.net/ns/function/1.0&quot; name=&quot;Composite.Pages.GetPageId&quot; /&gt;" />
  <Add XsltFunctionId="029e6f07-0ca7-4cdf-8877-43e45f04aa2e" Name="GetTagCloudXml" SerializedFunction="&lt;f:function xmlns:f=&quot;http://www.composite.net/ns/function/1.0&quot; name=&quot;Composite.Community.Blog.GetTagCloudXml&quot;&gt;&lt;f:param xmlns:f=&quot;http://www.composite.net/ns/function/1.0&quot; name=&quot;minFontSize&quot;&gt;&lt;f:function xmlns:f=&quot;http://www.composite.net/ns/function/1.0&quot; name=&quot;Composite.Utils.ParseStringToObject&quot;&gt;&lt;f:param xmlns:f=&quot;http://www.composite.net/ns/function/1.0&quot; name=&quot;StringToParse&quot;&gt;&lt;f:function xmlns:f=&quot;http://www.composite.net/ns/function/1.0&quot; name=&quot;Composite.Utils.GetInputParameter&quot;&gt;&lt;f:param name=&quot;InputParameterName&quot; value=&quot;MinFontSize&quot; /&gt;&lt;/f:function&gt;&lt;/f:param&gt;&lt;/f:function&gt;&lt;/f:param&gt;&lt;f:param xmlns:f=&quot;http://www.composite.net/ns/function/1.0&quot; name=&quot;maxFontSize&quot;&gt;&lt;f:function xmlns:f=&quot;http://www.composite.net/ns/function/1.0&quot; name=&quot;Composite.Utils.ParseStringToObject&quot;&gt;&lt;f:param xmlns:f=&quot;http://www.composite.net/ns/function/1.0&quot; name=&quot;StringToParse&quot;&gt;&lt;f:function xmlns:f=&quot;http://www.composite.net/ns/function/1.0&quot; name=&quot;Composite.Utils.GetInputParameter&quot;&gt;&lt;f:param name=&quot;InputParameterName&quot; value=&quot;MaxFontSize&quot; /&gt;&lt;/f:function&gt;&lt;/f:param&gt;&lt;/f:function&gt;&lt;/f:param&gt;&lt;f:param xmlns:f=&quot;http://www.composite.net/ns/function/1.0&quot; name=&quot;blogPage&quot;&gt;&lt;f:function xmlns:f=&quot;http://www.composite.net/ns/function/1.0&quot; name=&quot;Composite.Utils.GetInputParameter&quot;&gt;&lt;f:param name=&quot;InputParameterName&quot; value=&quot;BlogPage&quot; /&gt;&lt;/f:function&gt;&lt;/f:param&gt;&lt;f:param xmlns:f=&quot;http://www.composite.net/ns/function/1.0&quot; name=&quot;isGlobal&quot;&gt;&lt;f:function xmlns:f=&quot;http://www.composite.net/ns/function/1.0&quot; name=&quot;Composite.Utils.GetInputParameter&quot;&gt;&lt;f:param name=&quot;InputParameterName&quot; value=&quot;IsGlobal&quot; /&gt;&lt;/f:function&gt;&lt;/f:param&gt;&lt;/f:function&gt;" />
  <Add XsltFunctionId="029e6f07-0ca7-4cdf-8877-43e45f04aa2e" Name="XsltExtensions" SerializedFunction="&lt;f:function xmlns:f=&quot;http://www.composite.net/ns/function/1.0&quot; name=&quot;Composite.Community.Blog.XsltExtensions&quot; /&gt;" />
</Data>