<?xml version="1.0" standalone="yes"?>
<mi:PackageInstaller xmlns:mi="http://www.composite.net/ns/management/packageinstaller/1.0">
	<mi:PackageRequirements minimumCompositeVersion="2.0.3927.42711" maximumCompositeVersion="3.9999.9999.9999" />
	<mi:PackageInformation name="Composite.AspNet.MvcPlayer.Samples.Simple" groupName="Composite.AspNet.MvcPlayer.Samples" version="1.0.1" author="Composite A/S" website="http://www.composite.net" id="6ca7dc7a-66f1-4ebb-8a60-ef623f41b64c" canBeUninstalled="true" systemLocking="hard" flushOnCompletion="false">
		<Description>Simple sample for Ajax</Description>
	</mi:PackageInformation>
	<mi:PackageFragmentInstallerBinaries />
	<mi:PackageFragmentInstallers>
		<mi:Add installerType="Composite.Core.PackageSystem.PackageFragmentInstallers.FilePackageFragmentInstaller, Composite" uninstallerType="Composite.Core.PackageSystem.PackageFragmentInstallers.FilePackageFragmentUninstaller, Composite">
			<Files>
				<File sourceFilename="~\App_Code\Controllers\HomeController.cs" targetFilename="~\App_Code\Controllers\HomeController.cs" allowOverwrite="false" />
			</Files>
			<Directories>
				<Directory sourceDirectory="~\Views\Home\" targetDirectory="~\Views\Home\" allowOverwrite="true" deleteTargetDirectory="false" />
			</Directories>
		</mi:Add>
		<mi:Add installerType="Composite.Core.PackageSystem.PackageFragmentInstallers.DataPackageFragmentInstaller, Composite" uninstallerType="Composite.Core.PackageSystem.PackageFragmentInstallers.DataPackageFragmentUninstaller, Composite">
			<Types />
		</mi:Add>
	</mi:PackageFragmentInstallers>
</mi:PackageInstaller>