﻿<?xml version="1.0" encoding="utf-8"?>
<Data>
  <Add Id="f4a1c79b-8e36-4d8e-be22-d0fc9cb2f753" Function="caafacb4-d24e-4df6-9185-1f5e741c5474" Name="System.Xml.dll" Location="System" />
  <Add Id="0971530c-0d53-43f4-b570-fe7afec7ad8d" Function="caafacb4-d24e-4df6-9185-1f5e741c5474" Name="System.Core.dll" Location="System" />
  <Add Id="97e548b0-e9da-4da4-aec9-163993342855" Function="caafacb4-d24e-4df6-9185-1f5e741c5474" Name="System.Xml.Linq.dll" Location="System" />
  <Add Id="1198f36b-3df6-4f29-a533-3504291b1eae" Function="caafacb4-d24e-4df6-9185-1f5e741c5474" Name="System.dll" Location="System" />
  <Add Id="ebc9552d-55d6-43e2-a912-84c116e17189" Function="00f20f5b-9115-4083-b930-da92ab71624e" Name="System.Xml.Linq.dll" Location="System" />
  <Add Id="a20399fc-3702-4b64-825c-5a32df426a64" Function="00f20f5b-9115-4083-b930-da92ab71624e" Name="System.dll" Location="System" />
  <Add Id="6e44be6e-dd90-4e62-a837-fdef4432c925" Function="00f20f5b-9115-4083-b930-da92ab71624e" Name="System.Xml.dll" Location="System" />
  <Add Id="3dbfad7b-6ff5-4620-956c-64eb86449724" Function="00f20f5b-9115-4083-b930-da92ab71624e" Name="Composite.dll" Location="Bin" />
  <Add Id="10f84783-e0b1-47df-843b-72b56c658f37" Function="00f20f5b-9115-4083-b930-da92ab71624e" Name="System.Core.dll" Location="System" />
  <Add Id="bf793514-524e-4b69-aa72-998e15b95a17" Function="00f20f5b-9115-4083-b930-da92ab71624e" Name="Composite.Generated.dll" Location="Bin" />
  <Add Id="997ede67-eb35-4fa0-9eb0-c67a8bd999ec" Function="4476fb97-90c7-41f3-b3ec-013af4bf5dcf" Name="System.dll" Location="System" />
  <Add Id="3aa1be21-aa22-4bc8-896d-9e3afbf48627" Function="4476fb97-90c7-41f3-b3ec-013af4bf5dcf" Name="Composite.Generated.dll" Location="Bin" />
  <Add Id="d13fe0d4-848f-41a5-829d-7f066d0894f1" Function="4476fb97-90c7-41f3-b3ec-013af4bf5dcf" Name="System.Xml.dll" Location="System" />
  <Add Id="6dad6c97-8dc8-4d3d-820b-dee245809ac0" Function="4476fb97-90c7-41f3-b3ec-013af4bf5dcf" Name="Composite.dll" Location="Bin" />
  <Add Id="dde62fad-a86f-4697-904b-edddae95edac" Function="4476fb97-90c7-41f3-b3ec-013af4bf5dcf" Name="System.Xml.Linq.dll" Location="System" />
  <Add Id="3cfe3ced-29f0-4dec-bc7a-053341310315" Function="4476fb97-90c7-41f3-b3ec-013af4bf5dcf" Name="System.Core.dll" Location="System" />
</Data>