﻿<?xml version="1.0" encoding="utf-8"?>
<Data>
	<Add XsltFunctionId="c3a4bc4a-7f1a-4bbd-aa41-81ab4e91d934" Name="DateFormatting" SerializedFunction="&lt;f:function xmlns:f=&quot;http://www.composite.net/ns/function/1.0&quot; name=&quot;Composite.Xslt.Extensions.DateFormatting&quot; /&gt;" />
	<Add XsltFunctionId="c3a4bc4a-7f1a-4bbd-aa41-81ab4e91d934" Name="GetNewsItemXml" SerializedFunction="&lt;f:function xmlns:f=&quot;http://www.composite.net/ns/function/1.0&quot; name=&quot;Composite.News.NewsItem.GetNewsItemXml&quot;&gt;&lt;f:param name=&quot;PropertyNames&quot;&gt;&lt;f:paramelement value=&quot;Description&quot; /&gt;&lt;f:paramelement value=&quot;Date&quot; /&gt;&lt;f:paramelement value=&quot;Teaser&quot; /&gt;&lt;f:paramelement value=&quot;Id&quot; /&gt;&lt;f:paramelement value=&quot;Title&quot; /&gt;&lt;f:paramelement value=&quot;TitleUrl&quot; /&gt;&lt;/f:param&gt;&lt;f:param xmlns:f=&quot;http://www.composite.net/ns/function/1.0&quot; name=&quot;Filter&quot;&gt;&lt;f:function xmlns:f=&quot;http://www.composite.net/ns/function/1.0&quot; name=&quot;Composite.News.GetNewsFilterFromUrl&quot; /&gt;&lt;/f:param&gt;&lt;f:param name=&quot;OrderByField&quot; value=&quot;Date&quot; /&gt;&lt;f:param name=&quot;OrderAscending&quot; value=&quot;False&quot; /&gt;&lt;f:param xmlns:f=&quot;http://www.composite.net/ns/function/1.0&quot; name=&quot;PageSize&quot;&gt;&lt;f:function xmlns:f=&quot;http://www.composite.net/ns/function/1.0&quot; name=&quot;Composite.Utils.GetInputParameter&quot;&gt;&lt;f:param name=&quot;InputParameterName&quot; value=&quot;PageSize&quot; /&gt;&lt;/f:function&gt;&lt;/f:param&gt;&lt;f:param xmlns:f=&quot;http://www.composite.net/ns/function/1.0&quot; name=&quot;PageNumber&quot;&gt;&lt;f:function xmlns:f=&quot;http://www.composite.net/ns/function/1.0&quot; name=&quot;Composite.News.GetPageNumber&quot; /&gt;&lt;/f:param&gt;&lt;f:param name=&quot;IncludePagingInfo&quot; value=&quot;True&quot; /&gt;&lt;/f:function&gt;" />
	<Add XsltFunctionId="c3a4bc4a-7f1a-4bbd-aa41-81ab4e91d934" Name="GetPageId" SerializedFunction="&lt;f:function xmlns:f=&quot;http://www.composite.net/ns/function/1.0&quot; name=&quot;Composite.Pages.GetPageId&quot; /&gt;" />
	<Add XsltFunctionId="c3a4bc4a-7f1a-4bbd-aa41-81ab4e91d934" Name="MarkupParser" SerializedFunction="&lt;f:function xmlns:f=&quot;http://www.composite.net/ns/function/1.0&quot; name=&quot;Composite.Xslt.Extensions.MarkupParser&quot; /&gt;" />
	<Add XsltFunctionId="435542f4-4749-44e4-8417-330845b5b187" Name="Category" SerializedFunction="&lt;f:function xmlns:f=&quot;http://www.composite.net/ns/function/1.0&quot; name=&quot;Composite.Web.Request.QueryStringValue&quot;&gt;&lt;f:param name=&quot;ParameterName&quot; value=&quot;Category&quot; /&gt;&lt;/f:function&gt;" />
	<Add XsltFunctionId="435542f4-4749-44e4-8417-330845b5b187" Name="CurrentCulture" SerializedFunction="&lt;f:function xmlns:f=&quot;http://www.composite.net/ns/function/1.0&quot; name=&quot;Composite.Utils.Globalization.CurrentCulture&quot; /&gt;" />
	<Add XsltFunctionId="435542f4-4749-44e4-8417-330845b5b187" Name="DateFormatting" SerializedFunction="&lt;f:function xmlns:f=&quot;http://www.composite.net/ns/function/1.0&quot; name=&quot;Composite.Xslt.Extensions.DateFormatting&quot; /&gt;" />
	<Add XsltFunctionId="435542f4-4749-44e4-8417-330845b5b187" Name="GetNewsItemXml" SerializedFunction="&lt;f:function xmlns:f=&quot;http://www.composite.net/ns/function/1.0&quot; name=&quot;Composite.News.NewsItem.GetNewsItemXml&quot;&gt;&lt;f:param name=&quot;PropertyNames&quot;&gt;&lt;f:paramelement value=&quot;PageId.MenuTitle&quot; /&gt;&lt;f:paramelement value=&quot;PageId.Id&quot; /&gt;&lt;f:paramelement value=&quot;Date&quot; /&gt;&lt;f:paramelement value=&quot;Teaser&quot; /&gt;&lt;f:paramelement value=&quot;Id&quot; /&gt;&lt;f:paramelement value=&quot;Title&quot; /&gt;&lt;f:paramelement value=&quot;TitleUrl&quot; /&gt;&lt;/f:param&gt;&lt;f:param xmlns:f=&quot;http://www.composite.net/ns/function/1.0&quot; name=&quot;Filter&quot;&gt;&lt;f:function xmlns:f=&quot;http://www.composite.net/ns/function/1.0&quot; name=&quot;Composite.News.NewsItem.ActivePageReferenceFilter&quot;&gt;&lt;f:param name=&quot;SitemapScope&quot; value=&quot;Level1AndDescendants&quot; /&gt;&lt;/f:function&gt;&lt;/f:param&gt;&lt;f:param name=&quot;OrderByField&quot; value=&quot;Date&quot; /&gt;&lt;f:param name=&quot;OrderAscending&quot; value=&quot;False&quot; /&gt;&lt;f:param xmlns:f=&quot;http://www.composite.net/ns/function/1.0&quot; name=&quot;PageSize&quot;&gt;&lt;f:function xmlns:f=&quot;http://www.composite.net/ns/function/1.0&quot; name=&quot;Composite.Utils.GetInputParameter&quot;&gt;&lt;f:param name=&quot;InputParameterName&quot; value=&quot;PageSize&quot; /&gt;&lt;/f:function&gt;&lt;/f:param&gt;&lt;/f:function&gt;" />
</Data>