﻿<?xml version="1.0" encoding="utf-8" standalone="yes"?>
<mi:PackageInstaller xmlns:mi="http://www.composite.net/ns/management/packageinstaller/1.0">
	<mi:PackageRequirements minimumCompositeVersion="2.1.4042.26527" maximumCompositeVersion="2.9999.9999.9999"></mi:PackageRequirements>
	<mi:PackageInformation name="Composite.Tools.SqlStatementLogging" groupName="Composite.Tools" version="1.0.3" author="Composite A/S" website="www.composite.net" id="801A8B2A-9983-4576-8F08-6A0B93E64A08" canBeUninstalled="true" systemLocking="none" flushOnCompletion="true">
		<Description>Enables logging of SQL statements using the C1 logger.</Description>
	</mi:PackageInformation>
	<mi:PackageFragmentInstallerBinaries />
	<mi:PackageFragmentInstallers>
		<mi:Add installerType="Composite.Core.PackageSystem.PackageFragmentInstallers.ConfigurationTransformationPackageFragmentInstaller, Composite" uninstallerType="Composite.Core.PackageSystem.PackageFragmentInstallers.ConfigurationTransformationPackageFragmentUninstaller, Composite">
			<Install xsltFilePath="~\Config\Install.xsl" />
			<Uninstall xsltFilePath="~\Config\Uninstall.xsl" />
		</mi:Add>
	</mi:PackageFragmentInstallers>
</mi:PackageInstaller>