<?xml version="1.0" standalone="yes"?>
<mi:PackageInstaller xmlns:mi="http://www.composite.net/ns/management/packageinstaller/1.0">
	<mi:PackageRequirements minimumCompositeVersion="2.0.3890.28460" maximumCompositeVersion="2.9999.9999.9999" />
	<mi:PackageInformation name="Composite.Lists.FAQ" groupName="Composite.Lists" version="1.1.2" author="Composite A/S" website="www.composite.net" id="59f6c759-4f9c-4bae-9220-d440825abfff" canBeUninstalled="true" systemLocking="none" flushOnCompletion="false">
		<Description>Allows visitors to browse useful information as a list of questions and answers (FAQ). Supports assigning each item a type and target audience.</Description>
	</mi:PackageInformation>
	<mi:PackageFragmentInstallerBinaries />
	<mi:PackageFragmentInstallers>
		<mi:Add installerType="Composite.Core.PackageSystem.PackageFragmentInstallers.FilePackageFragmentInstaller, Composite" uninstallerType="Composite.Core.PackageSystem.PackageFragmentInstallers.FilePackageFragmentUninstaller, Composite">
			<Files>
				<File sourceFilename="~\App_Data\Xslt\Composite\Lists\FAQ\Detail.xsl" targetFilename="~\App_Data\Xslt\Composite\Lists\FAQ\Detail.xsl" allowOverwrite="false" />
				<File sourceFilename="~\App_Data\Xslt\Composite\Lists\FAQ\Latest.xsl" targetFilename="~\App_Data\Xslt\Composite\Lists\FAQ\Latest.xsl" allowOverwrite="false" />
				<File sourceFilename="~\App_Data\Composite\DynamicTypeForms\Composite\Lists\FAQ.xml" targetFilename="~\App_Data\Composite\DynamicTypeForms\Composite\Lists\FAQ.xml" allowOverwrite="false" />
			</Files>
			<Directories>
				<Directory sourceDirectory="~\Frontend\Composite\Lists\FAQ\" targetDirectory="~\Frontend\Composite\Lists\FAQ\" allowOverwrite="true" deleteTargetDirectory="false" />
			</Directories>
		</mi:Add>
		<mi:Add installerType="Composite.Core.PackageSystem.PackageFragmentInstallers.DynamicDataTypePackageFragmentInstaller, Composite" uninstallerType="Composite.Core.PackageSystem.PackageFragmentInstallers.DynamicDataTypePackageFragmentUninstaller, Composite">
			<Types>
				<Type providerName="GeneratedDataTypesElementProvider" dataTypeDescriptor="&lt;DataTypeDescriptor dataTypeId=&quot;90df672b-acf4-4687-993e-8e1b683ad7dd&quot; name=&quot;FAQType&quot; namespace=&quot;Composite.Lists&quot; title=&quot;FAQ Type&quot; hasCustomPhysicalSortOrder=&quot;false&quot; isCodeGenerated=&quot;true&quot; cachable=&quot;false&quot; labelFieldName=&quot;Name&quot; typeManagerTypeName=&quot;DynamicType:Composite.Lists.FAQType&quot; version=&quot;1&quot;&gt;&#xD;&#xA;  &lt;DataAssociations /&gt;&#xD;&#xA;  &lt;DataScopes&gt;&#xD;&#xA;    &lt;DataScopeIdentifier name=&quot;public&quot; /&gt;&#xD;&#xA;  &lt;/DataScopes&gt;&#xD;&#xA;  &lt;KeyPropertyNames&gt;&#xD;&#xA;    &lt;KeyPropertyName name=&quot;Id&quot; /&gt;&#xD;&#xA;  &lt;/KeyPropertyNames&gt;&#xD;&#xA;  &lt;SuperInterfaces /&gt;&#xD;&#xA;  &lt;Fields&gt;&#xD;&#xA;    &lt;DataFieldDescriptor id=&quot;63ee7d0b-4eee-4b81-97a5-2a4bf29756d4&quot; name=&quot;Id&quot; isNullable=&quot;false&quot; position=&quot;-1&quot; groupByPriority=&quot;0&quot; inherited=&quot;false&quot; instanceType=&quot;System.Guid, mscorlib, Version=4.0.0.0, Culture=neutral, PublicKeyToken=b77a5c561934e089&quot; storeType=&quot;PhysicalStoreType='Guid'&quot;&gt;&#xD;&#xA;      &lt;FormRenderingProfile /&gt;&#xD;&#xA;      &lt;ValidationFunctionMarkups /&gt;&#xD;&#xA;    &lt;/DataFieldDescriptor&gt;&#xD;&#xA;    &lt;DataFieldDescriptor id=&quot;e6b8e518-43c0-4b69-acc1-ec6e1118fc29&quot; name=&quot;Name&quot; isNullable=&quot;false&quot; position=&quot;0&quot; groupByPriority=&quot;0&quot; inherited=&quot;false&quot; instanceType=&quot;System.String, mscorlib, Version=4.0.0.0, Culture=neutral, PublicKeyToken=b77a5c561934e089&quot; storeType=&quot;PhysicalStoreType='String'Length='64'&quot; defaultValue=&quot;ValueType='String'Value=''&quot;&gt;&#xD;&#xA;      &lt;FormRenderingProfile label=&quot;Name&quot; helpText=&quot;Name&quot; widgetFunctionMarkup=&quot;&amp;lt;f:widgetfunction xmlns:f=&amp;quot;http://www.composite.net/ns/function/1.0&amp;quot; name=&amp;quot;Composite.Widgets.String.TextBox&amp;quot; label=&amp;quot;&amp;quot; bindingsourcename=&amp;quot;&amp;quot;&amp;gt;&amp;lt;f:helpdefinition xmlns:f=&amp;quot;http://www.composite.net/ns/function/1.0&amp;quot; helptext=&amp;quot;&amp;quot; /&amp;gt;&amp;lt;/f:widgetfunction&amp;gt;&quot; /&gt;&#xD;&#xA;      &lt;ValidationFunctionMarkups /&gt;&#xD;&#xA;    &lt;/DataFieldDescriptor&gt;&#xD;&#xA;  &lt;/Fields&gt;&#xD;&#xA;&lt;/DataTypeDescriptor&gt;" />
				<Type providerName="GeneratedDataTypesElementProvider" dataTypeDescriptor="&lt;DataTypeDescriptor dataTypeId=&quot;18e1d547-5fdf-4dee-be58-96dcc4332bf7&quot; name=&quot;FAQ&quot; namespace=&quot;Composite.Lists&quot; title=&quot;FAQ&quot; hasCustomPhysicalSortOrder=&quot;false&quot; isCodeGenerated=&quot;true&quot; cachable=&quot;false&quot; labelFieldName=&quot;QuestionHeading&quot; typeManagerTypeName=&quot;DynamicType:Composite.Lists.FAQ&quot; version=&quot;1&quot;&gt;&#xD;&#xA;  &lt;DataAssociations /&gt;&#xD;&#xA;  &lt;DataScopes&gt;&#xD;&#xA;    &lt;DataScopeIdentifier name=&quot;public&quot; /&gt;&#xD;&#xA;    &lt;DataScopeIdentifier name=&quot;administrated&quot; /&gt;&#xD;&#xA;  &lt;/DataScopes&gt;&#xD;&#xA;  &lt;KeyPropertyNames&gt;&#xD;&#xA;    &lt;KeyPropertyName name=&quot;Id&quot; /&gt;&#xD;&#xA;  &lt;/KeyPropertyNames&gt;&#xD;&#xA;  &lt;SuperInterfaces&gt;&#xD;&#xA;    &lt;SuperInterface type=&quot;Composite.Data.ProcessControlled.IPublishControlled,Composite&quot; /&gt;&#xD;&#xA;    &lt;SuperInterface type=&quot;Composite.Data.ProcessControlled.IProcessControlled,Composite&quot; /&gt;&#xD;&#xA;  &lt;/SuperInterfaces&gt;&#xD;&#xA;  &lt;Fields&gt;&#xD;&#xA;    &lt;DataFieldDescriptor id=&quot;bb176635-4408-47c1-846a-8a70474ceba2&quot; name=&quot;Id&quot; isNullable=&quot;false&quot; position=&quot;-1&quot; groupByPriority=&quot;0&quot; inherited=&quot;false&quot; instanceType=&quot;System.Guid, mscorlib, Version=4.0.0.0, Culture=neutral, PublicKeyToken=b77a5c561934e089&quot; storeType=&quot;PhysicalStoreType='Guid'&quot;&gt;&#xD;&#xA;      &lt;FormRenderingProfile /&gt;&#xD;&#xA;      &lt;ValidationFunctionMarkups /&gt;&#xD;&#xA;    &lt;/DataFieldDescriptor&gt;&#xD;&#xA;    &lt;DataFieldDescriptor id=&quot;32f1bad6-42dd-42a3-a07c-f34c86553bd2&quot; name=&quot;QuestionHeading&quot; isNullable=&quot;false&quot; position=&quot;0&quot; groupByPriority=&quot;0&quot; inherited=&quot;false&quot; instanceType=&quot;System.String, mscorlib, Version=4.0.0.0, Culture=neutral, PublicKeyToken=b77a5c561934e089&quot; storeType=&quot;PhysicalStoreType='String'Length='1024'&quot; defaultValue=&quot;ValueType='String'Value=''&quot;&gt;&#xD;&#xA;      &lt;FormRenderingProfile label=&quot;Question Heading&quot; helpText=&quot;Question Heading&quot; widgetFunctionMarkup=&quot;&amp;lt;f:widgetfunction xmlns:f=&amp;quot;http://www.composite.net/ns/function/1.0&amp;quot; name=&amp;quot;Composite.Widgets.String.TextBox&amp;quot; label=&amp;quot;&amp;quot; bindingsourcename=&amp;quot;&amp;quot;&amp;gt;&amp;lt;f:helpdefinition xmlns:f=&amp;quot;http://www.composite.net/ns/function/1.0&amp;quot; helptext=&amp;quot;&amp;quot; /&amp;gt;&amp;lt;/f:widgetfunction&amp;gt;&quot; /&gt;&#xD;&#xA;      &lt;ValidationFunctionMarkups /&gt;&#xD;&#xA;    &lt;/DataFieldDescriptor&gt;&#xD;&#xA;    &lt;DataFieldDescriptor id=&quot;a2822ed3-9227-400d-a185-fe83014ca62b&quot; name=&quot;QuestionDetails&quot; isNullable=&quot;false&quot; position=&quot;1&quot; groupByPriority=&quot;0&quot; inherited=&quot;false&quot; instanceType=&quot;System.String, mscorlib, Version=4.0.0.0, Culture=neutral, PublicKeyToken=b77a5c561934e089&quot; storeType=&quot;PhysicalStoreType='LargeString'&quot; defaultValue=&quot;ValueType='String'Value=''&quot;&gt;&#xD;&#xA;      &lt;FormRenderingProfile label=&quot;Question Details&quot; helpText=&quot;Question Details&quot; widgetFunctionMarkup=&quot;&amp;lt;f:widgetfunction xmlns:f=&amp;quot;http://www.composite.net/ns/function/1.0&amp;quot; name=&amp;quot;Composite.Widgets.String.VisualXhtmlEditor&amp;quot; label=&amp;quot;&amp;quot; bindingsourcename=&amp;quot;&amp;quot;&amp;gt;&amp;lt;f:helpdefinition xmlns:f=&amp;quot;http://www.composite.net/ns/function/1.0&amp;quot; helptext=&amp;quot;&amp;quot; /&amp;gt;&amp;lt;/f:widgetfunction&amp;gt;&quot; /&gt;&#xD;&#xA;      &lt;ValidationFunctionMarkups /&gt;&#xD;&#xA;    &lt;/DataFieldDescriptor&gt;&#xD;&#xA;    &lt;DataFieldDescriptor id=&quot;b2e74f84-9a89-4f0d-9377-98d42a2e06e9&quot; name=&quot;Answer&quot; isNullable=&quot;false&quot; position=&quot;2&quot; groupByPriority=&quot;0&quot; inherited=&quot;false&quot; instanceType=&quot;System.String, mscorlib, Version=4.0.0.0, Culture=neutral, PublicKeyToken=b77a5c561934e089&quot; storeType=&quot;PhysicalStoreType='LargeString'&quot; defaultValue=&quot;ValueType='String'Value=''&quot;&gt;&#xD;&#xA;      &lt;FormRenderingProfile label=&quot;Answer&quot; helpText=&quot;Answer&quot; widgetFunctionMarkup=&quot;&amp;lt;f:widgetfunction xmlns:f=&amp;quot;http://www.composite.net/ns/function/1.0&amp;quot; name=&amp;quot;Composite.Widgets.String.VisualXhtmlEditor&amp;quot; label=&amp;quot;&amp;quot; bindingsourcename=&amp;quot;&amp;quot;&amp;gt;&amp;lt;f:helpdefinition xmlns:f=&amp;quot;http://www.composite.net/ns/function/1.0&amp;quot; helptext=&amp;quot;&amp;quot; /&amp;gt;&amp;lt;/f:widgetfunction&amp;gt;&quot; /&gt;&#xD;&#xA;      &lt;ValidationFunctionMarkups /&gt;&#xD;&#xA;    &lt;/DataFieldDescriptor&gt;&#xD;&#xA;    &lt;DataFieldDescriptor id=&quot;38b33adc-848a-4bf6-8191-8bff3c708f63&quot; name=&quot;DateAdded&quot; isNullable=&quot;false&quot; position=&quot;3&quot; groupByPriority=&quot;0&quot; inherited=&quot;false&quot; instanceType=&quot;System.DateTime, mscorlib, Version=4.0.0.0, Culture=neutral, PublicKeyToken=b77a5c561934e089&quot; storeType=&quot;PhysicalStoreType='DateTime'&quot; defaultValue=&quot;ValueType='DateTimeNow'Value='4/7/2010\ 12:34:41\ PM'&quot;&gt;&#xD;&#xA;      &lt;FormRenderingProfile label=&quot;Date Added&quot; helpText=&quot;Date Added&quot; widgetFunctionMarkup=&quot;&amp;lt;f:widgetfunction xmlns:f=&amp;quot;http://www.composite.net/ns/function/1.0&amp;quot; name=&amp;quot;Composite.Widgets.Date.DateSelector&amp;quot; label=&amp;quot;&amp;quot; bindingsourcename=&amp;quot;&amp;quot;&amp;gt;&amp;lt;f:helpdefinition xmlns:f=&amp;quot;http://www.composite.net/ns/function/1.0&amp;quot; helptext=&amp;quot;&amp;quot; /&amp;gt;&amp;lt;/f:widgetfunction&amp;gt;&quot; /&gt;&#xD;&#xA;      &lt;ValidationFunctionMarkups /&gt;&#xD;&#xA;    &lt;/DataFieldDescriptor&gt;&#xD;&#xA;    &lt;DataFieldDescriptor id=&quot;9601d66a-c3b7-4195-9e7d-1fe10a6b30c4&quot; name=&quot;QuestionType&quot; isNullable=&quot;false&quot; position=&quot;4&quot; groupByPriority=&quot;1&quot; inherited=&quot;false&quot; instanceType=&quot;System.Guid, mscorlib, Version=4.0.0.0, Culture=neutral, PublicKeyToken=b77a5c561934e089&quot; storeType=&quot;PhysicalStoreType='Guid'&quot; defaultValue=&quot;ValueType='Guid'Value='00000000-0000-0000-0000-000000000000'&quot; foreignKeyReferenceTypeName=&quot;DynamicType:Composite.Lists.FAQType&quot;&gt;&#xD;&#xA;      &lt;FormRenderingProfile label=&quot;Question Type&quot; helpText=&quot;Question Type&quot; widgetFunctionMarkup=&quot;&amp;lt;f:widgetfunction xmlns:f=&amp;quot;http://www.composite.net/ns/function/1.0&amp;quot; name=&amp;quot;Composite.Widgets.DataReference.CompositeListsFAQType.Selector&amp;quot; label=&amp;quot;&amp;quot; bindingsourcename=&amp;quot;&amp;quot;&amp;gt;&amp;lt;f:helpdefinition xmlns:f=&amp;quot;http://www.composite.net/ns/function/1.0&amp;quot; helptext=&amp;quot;&amp;quot; /&amp;gt;&amp;lt;/f:widgetfunction&amp;gt;&quot; /&gt;&#xD;&#xA;      &lt;ValidationFunctionMarkups /&gt;&#xD;&#xA;    &lt;/DataFieldDescriptor&gt;&#xD;&#xA;    &lt;DataFieldDescriptor id=&quot;bbe8dec5-1ac6-4798-9ea2-43761dd4b0fa&quot; name=&quot;QuestionTarget&quot; isNullable=&quot;false&quot; position=&quot;5&quot; groupByPriority=&quot;0&quot; inherited=&quot;false&quot; instanceType=&quot;System.Guid, mscorlib, Version=4.0.0.0, Culture=neutral, PublicKeyToken=b77a5c561934e089&quot; storeType=&quot;PhysicalStoreType='Guid'&quot; defaultValue=&quot;ValueType='Guid'Value='00000000-0000-0000-0000-000000000000'&quot; foreignKeyReferenceTypeName=&quot;DynamicType:Composite.Lists.FAQTarget&quot;&gt;&#xD;&#xA;      &lt;FormRenderingProfile label=&quot;Question Target&quot; helpText=&quot;Question Target&quot; widgetFunctionMarkup=&quot;&amp;lt;f:widgetfunction xmlns:f=&amp;quot;http://www.composite.net/ns/function/1.0&amp;quot; name=&amp;quot;Composite.Widgets.DataReference.CompositeListsFAQTarget.Selector&amp;quot; label=&amp;quot;&amp;quot; bindingsourcename=&amp;quot;&amp;quot;&amp;gt;&amp;lt;f:helpdefinition xmlns:f=&amp;quot;http://www.composite.net/ns/function/1.0&amp;quot; helptext=&amp;quot;&amp;quot; /&amp;gt;&amp;lt;/f:widgetfunction&amp;gt;&quot; /&gt;&#xD;&#xA;      &lt;ValidationFunctionMarkups /&gt;&#xD;&#xA;    &lt;/DataFieldDescriptor&gt;&#xD;&#xA;  &lt;/Fields&gt;&#xD;&#xA;&lt;/DataTypeDescriptor&gt;" />
				<Type providerName="GeneratedDataTypesElementProvider" dataTypeDescriptor="&lt;DataTypeDescriptor dataTypeId=&quot;2c1dc75d-d9e4-485a-9a4a-0ab37f1ebcaf&quot; name=&quot;FAQTarget&quot; namespace=&quot;Composite.Lists&quot; title=&quot;FAQ Target&quot; hasCustomPhysicalSortOrder=&quot;false&quot; isCodeGenerated=&quot;true&quot; cachable=&quot;false&quot; labelFieldName=&quot;Name&quot; typeManagerTypeName=&quot;DynamicType:Composite.Lists.FAQTarget&quot; version=&quot;1&quot;&gt;&#xD;&#xA;  &lt;DataAssociations /&gt;&#xD;&#xA;  &lt;DataScopes&gt;&#xD;&#xA;    &lt;DataScopeIdentifier name=&quot;public&quot; /&gt;&#xD;&#xA;  &lt;/DataScopes&gt;&#xD;&#xA;  &lt;KeyPropertyNames&gt;&#xD;&#xA;    &lt;KeyPropertyName name=&quot;Id&quot; /&gt;&#xD;&#xA;  &lt;/KeyPropertyNames&gt;&#xD;&#xA;  &lt;SuperInterfaces /&gt;&#xD;&#xA;  &lt;Fields&gt;&#xD;&#xA;    &lt;DataFieldDescriptor id=&quot;cc59e5d6-e023-4303-835d-59f72a0fb74f&quot; name=&quot;Id&quot; isNullable=&quot;false&quot; position=&quot;-1&quot; groupByPriority=&quot;0&quot; inherited=&quot;false&quot; instanceType=&quot;System.Guid, mscorlib, Version=4.0.0.0, Culture=neutral, PublicKeyToken=b77a5c561934e089&quot; storeType=&quot;PhysicalStoreType='Guid'&quot;&gt;&#xD;&#xA;      &lt;FormRenderingProfile /&gt;&#xD;&#xA;      &lt;ValidationFunctionMarkups /&gt;&#xD;&#xA;    &lt;/DataFieldDescriptor&gt;&#xD;&#xA;    &lt;DataFieldDescriptor id=&quot;ddb6baac-881d-4b7f-a379-f7543f4b4440&quot; name=&quot;Name&quot; isNullable=&quot;false&quot; position=&quot;0&quot; groupByPriority=&quot;0&quot; inherited=&quot;false&quot; instanceType=&quot;System.String, mscorlib, Version=4.0.0.0, Culture=neutral, PublicKeyToken=b77a5c561934e089&quot; storeType=&quot;PhysicalStoreType='String'Length='64'&quot; defaultValue=&quot;ValueType='String'Value=''&quot;&gt;&#xD;&#xA;      &lt;FormRenderingProfile label=&quot;Name&quot; helpText=&quot;Name&quot; widgetFunctionMarkup=&quot;&amp;lt;f:widgetfunction xmlns:f=&amp;quot;http://www.composite.net/ns/function/1.0&amp;quot; name=&amp;quot;Composite.Widgets.String.TextBox&amp;quot; label=&amp;quot;&amp;quot; bindingsourcename=&amp;quot;&amp;quot;&amp;gt;&amp;lt;f:helpdefinition xmlns:f=&amp;quot;http://www.composite.net/ns/function/1.0&amp;quot; helptext=&amp;quot;&amp;quot; /&amp;gt;&amp;lt;/f:widgetfunction&amp;gt;&quot; /&gt;&#xD;&#xA;      &lt;ValidationFunctionMarkups /&gt;&#xD;&#xA;    &lt;/DataFieldDescriptor&gt;&#xD;&#xA;    &lt;DataFieldDescriptor id=&quot;4d17578f-0553-40fd-bebd-07e07208c10b&quot; name=&quot;PresentationPage&quot; isNullable=&quot;false&quot; position=&quot;1&quot; groupByPriority=&quot;0&quot; inherited=&quot;false&quot; instanceType=&quot;System.Guid, mscorlib, Version=4.0.0.0, Culture=neutral, PublicKeyToken=b77a5c561934e089&quot; storeType=&quot;PhysicalStoreType='Guid'&quot; defaultValue=&quot;ValueType='Guid'Value='00000000-0000-0000-0000-000000000000'&quot; foreignKeyReferenceTypeName=&quot;Composite.Data.Types.IPage,Composite&quot;&gt;&#xD;&#xA;      &lt;FormRenderingProfile label=&quot;Presentation Page&quot; helpText=&quot;The page to use for FAQ item presentation for this target group&quot; widgetFunctionMarkup=&quot;&amp;lt;f:widgetfunction xmlns:f=&amp;quot;http://www.composite.net/ns/function/1.0&amp;quot; name=&amp;quot;Composite.Widgets.DataReference.CompositeDataTypesIPage.Selector&amp;quot; label=&amp;quot;&amp;quot; bindingsourcename=&amp;quot;&amp;quot;&amp;gt;&amp;lt;f:helpdefinition xmlns:f=&amp;quot;http://www.composite.net/ns/function/1.0&amp;quot; helptext=&amp;quot;&amp;quot; /&amp;gt;&amp;lt;/f:widgetfunction&amp;gt;&quot; /&gt;&#xD;&#xA;      &lt;ValidationFunctionMarkups /&gt;&#xD;&#xA;    &lt;/DataFieldDescriptor&gt;&#xD;&#xA;  &lt;/Fields&gt;&#xD;&#xA;&lt;/DataTypeDescriptor&gt;" />
			</Types>
		</mi:Add>
		<mi:Add installerType="Composite.Core.PackageSystem.PackageFragmentInstallers.DataPackageFragmentInstaller, Composite" uninstallerType="Composite.Core.PackageSystem.PackageFragmentInstallers.DataPackageFragmentUninstaller, Composite">
			<Types>
				<Type type="Composite.Data.Types.INamedFunctionCall,Composite">
					<Data dataScopeIdentifier="public" dataFilename="~\Datas\Composite.Data.Types.INamedFunctionCalls_public.xml" />
				</Type>
				<Type type="Composite.Data.Types.IParameter,Composite">
					<Data dataScopeIdentifier="public" dataFilename="~\Datas\Composite.Data.Types.IParameters_public.xml" />
				</Type>
				<Type type="Composite.Data.Types.IXsltFunction,Composite">
					<Data dataScopeIdentifier="public" dataFilename="~\Datas\Composite.Data.Types.IXsltFunctions_public.xml" />
				</Type>
			</Types>
		</mi:Add>
	</mi:PackageFragmentInstallers>
</mi:PackageInstaller>