<?xml version="1.0" encoding="utf-8"?>
<strings>
  <string key="DialogTitle" value="Funktion ominaisuudet" />
  <string key="FunctionLocalNameGroupLabel" value="Funktion tuloksen paikallinen nimi" />
  <string key="FunctionLocalNameLabel" value="Paikallinen nimi" />
  <string key="FunctionLocalNameHelp" value="Jos lis&#228;&#228;t funktion useita kertoja t&#228;m&#228; kentt&#228; voi auttaa sinua erottamaan yksitt&#228;iset tulokset niiden paikallisista nimist&#228;." />
  <string key="ParameterValueLabel" value="Parametrin arvo" />
  <string key="AddNewFunctionDialogLabel" value="Valitse toiminto" />
  <string key="ComplexFunctionCallDialogLabel" value="Parametrin  &#39;{0}&#39; arvo" />
  <string key="ParameterTypeLabel" value="Parametrin tyyppi" />
  <string key="ParameterNameLabel" value="Parametrin nimi" />
  <string key="ReturnTypeLabel" value="Palautustyyppi" />
  <string key="ValidationFailedAlertTitle" value="Validointi ep&#228;onnistui" />
  <string key="FunctionNotFound" value="Funktiota &#39;{0}&#39; ei ole olemassa." />
  <string key="RequiredParameterNotDefined" value="Pakollista parametri&#228; {0} ei ole m&#228;&#228;ritelty." />
  <string key="IncorrectTypeCast" value="V&#228;&#228;r&#228; tyypin muunnos. Parametrin nimi: {0}, funktion nimi: &#39;{1}&#39;." />
  <string key="ParameterTypeDefaultLabel" value="Oletusarvo" />
  <string key="ParameterTypeConstantLabel" value="Vakio" />
  <string key="ParameterTypeInputParameterLabel" value="Sy&#246;tt&#246;parametri" />
  <string key="ParameterTypeFunctionLabel" value="Funktio" />
  <string key="AddNewButtonLabel" value="Lis&#228;&#228; uusi" />
  <string key="DeleteButtonLabel" value="Poista" />
  <string key="ToolBar.LabelSource" value="L&#228;hde" />
  <string key="ToolBar.LabelDesign" value="Suunnittelu" />
</strings>