<?xml version="1.0" encoding="utf-8"?>
<strings>
  <string key="SEOAssistant" value="SEO Avustaja" />
  <string key="IntroText" value="Luo sivun esikatselu laskeaksesi SEO merkint&#228;." />
  <string key="TabResult" value="Tulos" />
  <string key="TabKeywords" value="Avainsanat" />
  <string key="NoKeywordsWarning" value="Ei avainsanoja m&#228;&#228;ritetty." />
  <string key="isInTitle" value="Avainsana otsikossa" />
  <string key="isInURL" value="Avainsana on URL:ss&#228;" />
  <string key="isInMenuTitle" value="Avainsana valikon nimess&#228;" />
  <string key="isInDescription" value="Avainsana kuvauksessa" />
  <string key="isInHeading" value="Avainsana nimikkeess&#228;" />
  <string key="isInContent" value="Avainsana sis&#228;ll&#246;ss&#228;" />
  <string key="NoKeywords" value="Ei avainsanoja" />
	<string key="IncorrectHtml" value="Avainsanojen analysointi ep&#228;onnistui, koska merkint&#228; ei kelpaa" />
</strings>