<?xml version="1.0" encoding="utf-8" ?>
<strings>
	<string key="ReadLabel" value="Luku" />
	<string key="EditLabel" value="Muokkaa" />
	<string key="AddLabel" value="Lis&#228;ys" />
	<string key="DeleteLabel" value="Poista" />
	<string key="ApproveLabel" value="Hyv&#228;ksy" />
	<string key="PublishLabel" value="Julkaise" />
	<string key="AdministrateLabel" value="Hallinnoi" />
	<string key="ClearPermissionsLabel" value="ClearPermissions" />
	<string key="AdminLockoutMessage" value="T&#228;m&#228; toimenpide poistaa j&#228;rjestelm&#228;nvalvojan k&#228;ytt&#246;oikeudet t&#228;h&#228;n kokonaisuuteen. Et voi poistaa omia j&#228;rjestelm&#228;nvalvojan oikeuksia." />
</strings>