<?xml version="1.0" encoding="utf-8"?>
<strings>
  <string key="af-ZA" value="Afrikaans, Etel&#228;-Afrikka" />
  <string key="sq-AL" value="Albanian, Albania" />
  <string key="ar-DZ" value="Arabia, Algeria" />
  <string key="ar-BH" value="Arabia, Bahrain" />
  <string key="ar-EG" value="Arabia, Egypti" />
  <string key="ar-IQ" value="Arabia, Irak" />
  <string key="ar-JO" value="Arabia, Jordania" />
  <string key="ar-KW" value="Arabia, Kuwait" />
  <string key="ar-LB" value="Arabia, Libanon" />

  <string key="ar-LY" value="Arabia, Libya" />
  <string key="ar-MA" value="Arabia, Marokko" />
  <string key="ar-OM" value="Arabia, Oman" />
  <string key="ar-QA" value="Arabia, Qatar" />
  <string key="ar-SA" value="Arabia, Saudi-Arabia" />
  <string key="ar-SY" value="Arabia, Syyria" />
  <string key="ar-TN" value="Arabia, Tunisia" />
  <string key="ar-AE" value="Arabia, U.A.E." />
  <string key="ar-YE" value="Arabia, Jemen" />

  <string key="hy-AM" value="Armenian, Armenia" />
  <string key="az-Cyrl-AZ" value="Azerbaidžanin, kyrilliset Azerbaidžan" />
  <string key="az-Latn-AZ" value="Azerbaidžanin, Latin Azerbaidžan" />
  <string key="eu-ES" value="Baski, baskin" />
  <string key="be-BY" value="Valko-Valko-Ven&#228;j&#228;" />
  <string key="bs-Latn-BA" value="Bosnian, Bosnia ja Hertsegovina" />
  <string key="bs-Cyrl-BA" value="Bosnian (kyrillinen) (Bosnia ja Hertsegovina)" />
  <string key="bg-BG" value="Bulgaria, Bulgaria" />
  <string key="ca-ES" value="Katalaani, katalaani" />

  <string key="zh-HK" value="Kiinan, Hong Kong S.A.R." />
  <string key="zh-MO" value="Kiina, Macao S.A.R." />
  <string key="zh-CN" value="Kiinan, Kiinan Kiinan" />
  <string key="zh-SG" value="Kiina, Singapore" />
  <string key="zh-TW" value="Kiina, Taiwan" />
  <string key="hr-BA" value="Kroatia, Bosnia ja Hertsegovina" />
  <string key="hr-HR" value="Kroatia, Kroatia" />
  <string key="cs-CZ" value="Tsekki, Tsekki" />
  <string key="da-DK" value="Tanska" />

  <string key="dv-MV" value="Divehi, Malediivit" />
  <string key="nl-BE" value="Hollanti, Belgia" />
  <string key="nl-NL" value="Hollantilainen" />
  <string key="en-AU" value="Englanti, Australia" />
  <string key="en-BZ" value="Englanti, Belize" />
  <string key="en-CA" value="Englanti, Kanada" />
  <string key="en-029" value="Englanti, Karibia" />
  <string key="en-IE" value="Englanti, Irlanti" />
  <string key="en-JM" value="Englanti, Jamaika" />

  <string key="en-NZ" value="Englanti, Uusi-Seelanti" />
  <string key="en-PH" value="Englanti, Filippiinien tasavalta" />
  <string key="en-ZA" value="Englanti, Etel&#228;-Afrikka" />
  <string key="en-TT" value="Englanti, Trinidad ja Tobago" />
  <string key="en-GB" value="Englanti, UK" />
  <string key="en-US" value="Englanti, USA" />
  <string key="en-ZW" value="Englanti, Zimbabwe" />
  <string key="et-EE" value="Viron, Viro" />
  <string key="fo-FO" value="F&#228;rsaarten, F&#228;rsaaret" />

  <string key="fil-PH" value="Filipino, Filippiinit" />
  <string key="fi-FI" value="Suomi" />
  <string key="fr-BE" value="Ranska, Belgia" />
  <string key="fr-CA" value="Ranska, Kanada" />
  <string key="fr-FR" value="Ranskalainen" />
  <string key="fr-LU" value="Ranskan, Luxemburgin" />
  <string key="fr-MC" value="Ranskan, Monacon ruhtinaskunnan" />
  <string key="fr-CH" value="Ranska, Sveitsi" />
  <string key="fy-NL" value="Friisi, Alankomaat" />

  <string key="gd-GB" value="Iiri, Suomi" />
  <string key="gl-ES" value="Galician, Galicia" />
  <string key="ka-GE" value="Georgian, Georgia" />
  <string key="de-AT" value="Saksa, It&#228;valta" />
  <string key="de-DE" value="Saksa" />
  <string key="de-LI" value="Saksa, Liechtenstein" />
  <string key="de-LU" value="Saksan, Luxemburgin" />
  <string key="de-CH" value="Saksa, Sveitsi" />
  <string key="el-GR" value="Kreikan" />
  <string key="kl-GL" value="Gr&#246;nlannin" />

  <string key="gu-IN" value="Gudzarati, Intia" />
  <string key="he-IL" value="Heprea, Israel" />
  <string key="hi-IN" value="Hindi, Intia" />
  <string key="hu-HU" value="Unkarin, Unkari" />
  <string key="is-IS" value="Islanti, Islanti" />
  <string key="id-ID" value="Indonesian, Indonesia" />
  <string key="iu-Latn-CA" value="Inuktitut (Latin) (Kanada)" />
  <string key="ga-IE" value="Irlannin, Irlanti" />
  <string key="it-IT" value="Italialainen" />

  <string key="it-CH" value="Italian, Sveitsin" />
  <string key="ja-JP" value="Japani, Japani" />
  <string key="kn-IN" value="Kannada, Intia" />
  <string key="kk-KZ" value="Kazakstanin, Kazakstan" />
  <string key="sw-KE" value="Kiswahili, Kenia" />
  <string key="kok-IN" value="Konkani, Intia" />
  <string key="ko-KR" value="Korean, Korean" />
  <string key="ky-KG" value="Kirgisian, Kirgisia" />
  <string key="lv-LV" value="Latvian, Latvia" />

  <string key="lt-LT" value="Liettuan, Liettua" />
  <string key="lb-LU" value="Luxemburg, Luxemburg" />
  <string key="mk-MK" value="Makedonian, entisen Jugoslavian tasavallan Makedonian" />
  <string key="ms-BN" value="Malaiji, Brunei" />
  <string key="ms-MY" value="Malaiji, Malesia" />
  <string key="mt-MT" value="Maltan, Malta" />
  <string key="mi-NZ" value="Maori, Uusi-Seelanti" />
  <string key="arn-CL" value="Mapudungun kieli, Chile" />
  <string key="mr-IN" value="Marathi, Intia" />

  <string key="moh-CA" value="Mohawk, Kanada" />
  <string key="mn-MN" value="Mongolian, kyrilliset Mongolia" />
  <string key="nb-NO" value="Norja bokm&#229;l" />
  <string key="nn-NO" value="Norja nynorsk, Norja" />
  <string key="fa-IR" value="Persian, Iranin" />
  <string key="pl-PL" value="Puolan, Puola" />
  <string key="pt-BR" value="Portugali, Brasilia" />
  <string key="pt-PT" value="Portugali, Portugali" />
  <string key="pa-IN" value="Punjabi, Intia" />

  <string key="quz-BO" value="Quechua, Bolivia" />
  <string key="quz-EC" value="Quechua, Ecuador" />
  <string key="quz-PE" value="Quechua, Peru" />
  <string key="ro-RO" value="Romania, Romania" />
  <string key="rm-CH" value="L&#228;nsireetti, Sveitsi" />
  <string key="ru-RU" value="Ven&#228;j&#228;, Ven&#228;j&#228;" />
  <string key="smn-FI" value="Sami (Inari) (Suomi)" />
  <string key="smj-NO" value="Sami (Lule) (Norja)" />
  <string key="smj-SE" value="Sami (Lule) (Ruotsi)" />

  <string key="se-FI" value="Sami (Pohjois) (Suomi)" />
  <string key="se-NO" value="Sami (Northern) (Norja)" />
  <string key="se-SE" value="Sami" />
  <string key="sms-FI" value="Sami (kolttasaamelaisten) (Suomi)" />
  <string key="sma-NO" value="Sami (Southern) (Norja)" />
  <string key="sma-SE" value="Sami (Southern) (Ruotsi)" />
  <string key="sa-IN" value="Sanskritin, Intia" />

  <string key="sr-Cyrl-BA" value="Serbia, Cyrillic (Bosnia ja Hertsegovina)" />
  <string key="sr-Cyrl-ME" value="Serbia, Cyrillic (Montenegro)" />
  <string key="sr-Cyrl-CS" value="Serbia, Cyrillic (Serbia ja Montenegro - entinen)" />
  <string key="sr-Cyrl-RS" value="Serbia, Cyrillic (Serbia)" />
  <string key="sr-Latn-BA" value="Serbian, Latin (Bosnia ja Hertsegovina)" />
  <string key="sr-Latn-ME" value="Serbian, Latin (Montenegro)" />
  <string key="sr-Latn-CS" value="Serbian, Latin (Serbia ja Montenegro - entinen)" />
  <string key="sr-Latn-RS" value="Serbian, Latin (Serbia)" />

  <string key="ns-ZA" value="Sesotho sa Leboa, Etel&#228;-Afrikka" />
  <string key="tn-ZA" value="Setswanan, Etel&#228;-Afrikka" />
  <string key="sk-SK" value="Slovakian, Slovakia" />
  <string key="sl-SI" value="Slovenian, Slovenia" />
  <string key="es-AR" value="Espanja, Argentiina" />
  <string key="es-BO" value="Espanja, Bolivia" />
  <string key="es-CL" value="Espanja, Chile" />

  <string key="es-CO" value="Espanja, Kolumbia" />
  <string key="es-CR" value="Espanja, Costa Rica" />
  <string key="es-DO" value="Espanjan, Dominikaaninen tasavalta" />
  <string key="es-EC" value="Espanja, Ecuador" />
  <string key="es-SV" value="Espanja, El Salvador" />
  <string key="es-GT" value="Espanja, Guatemala" />
  <string key="es-HN" value="Espanja, Honduras" />
  <string key="es-MX" value="Espanja, Meksiko" />
  <string key="es-NI" value="Espanja, Nicaragua" />

  <string key="es-PA" value="Espanjan, Panama" />
  <string key="es-PY" value="Espanja, Paraguay" />
  <string key="es-PE" value="Espanja, Peru" />
  <string key="es-PR" value="Espanja, Puerto Rico" />
  <string key="es-ES" value="Espanjalainen" />
  <string key="es-UY" value="Espanja, Uruguay" />
  <string key="es-VE" value="Espanja, Venezuela" />
  <string key="sv-FI" value="Ruotsi, Suomi" />
  <string key="sv-SE" value="Ruotsi" />

  <string key="syr-SY" value="Syyrialainen, Syyria" />
  <string key="ta-IN" value="Tamil, Intia" />
  <string key="tt-RU" value="Tataari, Ven&#228;j&#228;" />
  <string key="te-IN" value="Telugu, India" />
  <string key="th-TH" value="Thai, Thailand" />
  <string key="tr-TR" value="Turkki, Turkki" />
  <string key="uk-UA" value="Ukraina, Ukraina" />
  <string key="ur-PK" value="Urdu, Pakistanin islamilaisen tasavallan" />
  <string key="uz-Cyrl-UZ" value="Uzbekistanin, kyrilliset Uzbekistan" />

  <string key="uz-Latn-UZ" value="Uzbekistanin, Latin Uzbekistan" />
  <string key="vi-VN" value="Vietnam, Vietnam" />
  <string key="cy-GB" value="Welsh, Iso-Britannia" />
  <string key="xh-ZA" value="Xhosa, Etel&#228;-Afrikka" />
  <string key="zu-ZA" value="Zulu, Etel&#228;-Afrikka" />

  <string key="gsw-FR" value="Alsacen, Ranska" />
  <string key="am-ET" value="Amhara, Etiopia" />
  <string key="as-IN" value="Assami, Intia" />
  <string key="ba-RU" value="Baškiiri, Ven&#228;j&#228;" />
  <string key="bn-BD" value="Bengali, Bangladesh" />
  <string key="bn-IN" value="Bengali, Intia" />
  <string key="br-FR" value="Breton, Ranska" />
  <string key="co-FR" value="Korsikan, Ranska" />
  <string key="prs-AF" value="Dari, Afganistan" />
  <string key="en-IN" value="Englanti, Intia" />
  <string key="en-MY" value="Englanti, Malesia" />
  <string key="en-SG" value="Englanti, Singapore" />
  <string key="ha-Latn-NG" value="Hausa (Latin) (Nigeria)" />
  <string key="ig-NG" value="Igbo, Nigeria" />
  <string key="iu-Cans-CA" value="Inuktitut, Kanada" />
  <string key="km-KH" value="Khmer, Kambodža" />
  <string key="qut-GT" value="K&#39;iche, Guatemala" />
  <string key="rw-RW" value="Ruanda, Ruanda" />
  <string key="lo-LA" value="Lao, Lao P.D.R." />
  <string key="dsb-DE" value="Alempi sorbin, Saksa" />
  <string key="ml-IN" value="Malajalam, Intia" />
  <string key="mn-Mong-CN" value="Mongolian (perinteinen Mongolian) (Kiinan kansantasavalta)" />
  <string key="ne-NP" value="Nepali, Nepal" />
  <string key="oc-FR" value="Oksitaani, Ranska" />
  <string key="or-IN" value="Oriya, Intia" />
  <string key="ps-AF" value="Pashto, Afganistan" />
  <string key="nso-ZA" value="Sesotho sa Leboa, Etel&#228;-Afrikka" />
  <string key="si-LK" value="Sinhala, Sri Lanka" />
  <string key="es-US" value="Espanjan, Yhdysvallat" />
  <string key="tg-Cyrl-TJ" value="Tadzikki (kyrillinen) (Tadžikistan)" />
  <string key="tzm-Latn-DZ" value="Tamazight (Latin) (Algeria)" />
  <string key="bo-CN" value="Tiibetin, Kiinan Kiinan" />
  <string key="tk-TM" value="Turkmenistanin, Turkmenistan" />
  <string key="ug-CN" value="Uiguuri, Kiinan Kiinan" />
  <string key="hsb-DE" value="Upper Sorbian, Saksa" />
  <string key="wo-SN" value="Wolof, Senegal" />
  <string key="sah-RU" value="Yakut, Ven&#228;j&#228;" />
  <string key="ii-CN" value="Yi, Kiinan Kiinan" />
  <string key="yo-NG" value="Joruba, Nigeria" />
  
</strings>