﻿<?xml version="1.0" encoding="utf-8"?>
<strings>
  <string key="SendToDraft" value="Lähetä luonnos" />
  <string key="SendToDraftToolTip" value="" />
  <string key="Publish" value="Julkaise" />
  <string key="PublishToolTip" value="Julkaise sivusto" />
  <string key="Unpublish" value="Julkaisemattomaksi" />
  <string key="UnpublishToolTip" value="Aseta luonnos tilaan ja poista julkaistu versio" />
  <string key="SendForApproval" value="Lähetä hyväksyttäväksi" />
  <string key="SendForApprovalToolTip" value="Lähetä hyväksyttäväksi" />
  <string key="SendForPublication" value="Lähetä julkaistavaksi" />
  <string key="SendForPublicationToolTip" value="Lähetä julkaistavaksi" />
  <string key="UndoPublishedChanges" value="Kumoa muutokset" />
  <string key="UndoPublishedChangesToolTip" value="Kumoa julkaisemattomia muutoksia" />
  <string key="ValidationErrorTitle" value="Toiminta ei mahdollinen" />
  <string key="ValidationErrorMessage" value="Tietojen vahvistus ei onnistunut ja palautui seuraavat virheet::" />
</strings>