<?xml version="1.0" standalone="yes"?>
<mi:PackageInstaller xmlns:mi="http://www.composite.net/ns/management/packageinstaller/1.0">
	<mi:PackageRequirements minimumCompositeVersion="4.0.0.0" maximumCompositeVersion="9.9999.9999.9999" />
	<mi:PackageInformation name="Composite.Media.NivoSlider" groupName="Composite.Media" version="1.1.5" author="Composite A/S" website="http://composite.net" id="48493797-75c7-43d6-97ad-e097dc5f21f3" canBeUninstalled="true" systemLocking="none" flushOnCompletion="false" readMoreUrl="http://docs.composite.net/Composite.Media.NivoSlider">
		<TechnicalDetails>Displays an image slider on a page using Nivo Silder (http://nivo.dev7studios.com) , a highly customizable plugin for jQuery.</TechnicalDetails>
		<Description>Displays an image slider on a page using Nivo Silder (http://nivo.dev7studios.com) , a highly customizable plugin for jQuery.</Description>
	</mi:PackageInformation>
	<mi:PackageFragmentInstallerBinaries />
	<mi:PackageFragmentInstallers>
		<mi:Add installerType="Composite.Core.PackageSystem.PackageFragmentInstallers.FilePackageFragmentInstaller, Composite" uninstallerType="Composite.Core.PackageSystem.PackageFragmentInstallers.FilePackageFragmentUninstaller, Composite">
			<Files>
				<File sourceFilename="~\App_Data/Razor/Composite/Media/NivoSlider.cshtml" targetFilename="~\App_Data/Razor/Composite/Media/NivoSlider.cshtml" allowOverwrite="false" />
			</Files>
			<Directories>
				<Directory sourceDirectory="~\Frontend\Composite\Media\NivoSlider\" targetDirectory="~\Frontend\Composite\Media\NivoSlider\" allowOverwrite="true" deleteTargetDirectory="false" />
			</Directories>
		</mi:Add>
	</mi:PackageFragmentInstallers>
</mi:PackageInstaller>