<?xml version="1.0" standalone="yes"?>
<mi:PackageInstaller xmlns:mi="http://www.composite.net/ns/management/packageinstaller/1.0">
	<mi:PackageRequirements minimumCompositeVersion="3.1.4400.42718" maximumCompositeVersion="9.9999.9999.9999" />
	<mi:PackageInformation name="Composite.Search.SimplePageSearch" groupName="Composite.Search" version="2.0.6" author="Composite A/S" website="www.composite.net" id="76d60b61-8bd7-42ec-aaab-67efe4584c5f" canBeUninstalled="true" systemLocking="none" flushOnCompletion="false" readMoreUrl="http://docs.composite.net/Composite.Search.SimplePageSearch">
		<TechnicalDetails>Implements the search form and search results view as XSLT functions. Does not include media files, data types and dynamic content in search results.</TechnicalDetails>
		<Description>Allows visitors search static content on a website by keywords. </Description>
	</mi:PackageInformation>
	<mi:PackageFragmentInstallerBinaries />
	<mi:PackageFragmentInstallers>
		<mi:Add installerType="Composite.Core.PackageSystem.PackageFragmentInstallers.FilePackageFragmentInstaller, Composite" uninstallerType="Composite.Core.PackageSystem.PackageFragmentInstallers.FilePackageFragmentUninstaller, Composite">
			<Files>
				<File sourceFilename="~\App_Data\Xslt\Composite\Search\SimplePageSearch\SearchForm.xsl" targetFilename="~\App_Data\Xslt\Composite\Search\SimplePageSearch\SearchForm.xsl" allowOverwrite="false" />
				<File sourceFilename="~\App_Data\Xslt\Composite\Search\SimplePageSearch\SearchResults.xsl" targetFilename="~\App_Data\Xslt\Composite\Search\SimplePageSearch\SearchResults.xsl" allowOverwrite="false" />
				<File sourceFilename="~\App_Code\Composite\Search\SimplePageSearch\SimplePageSearch.cs" targetFilename="~\App_Code\Composite\Search\SimplePageSearch\SimplePageSearch.cs" allowOverwrite="false" />
			</Files>
			<Directories>
				<Directory sourceDirectory="~\Frontend\Composite\Search\SimplePageSearch\" targetDirectory="~\Frontend\Composite\Search\SimplePageSearch\" allowOverwrite="true" deleteTargetDirectory="false" />
			</Directories>
		</mi:Add>
		<mi:Add installerType="Composite.Core.PackageSystem.PackageFragmentInstallers.DynamicDataTypePackageFragmentInstaller, Composite" uninstallerType="Composite.Core.PackageSystem.PackageFragmentInstallers.DynamicDataTypePackageFragmentUninstaller, Composite">
			<Types />
		</mi:Add>
		<mi:Add installerType="Composite.Core.PackageSystem.PackageFragmentInstallers.DataPackageFragmentInstaller, Composite" uninstallerType="Composite.Core.PackageSystem.PackageFragmentInstallers.DataPackageFragmentUninstaller, Composite">
			<Types>
				<Type type="Composite.Data.Types.IMethodBasedFunctionInfo,Composite">
					<Data dataScopeIdentifier="public" dataFilename="~\Datas\Composite.Data.Types.IMethodBasedFunctionInfos_public.xml" />
				</Type>
				<Type type="Composite.Data.Types.INamedFunctionCall,Composite">
					<Data dataScopeIdentifier="public" dataFilename="~\Datas\Composite.Data.Types.INamedFunctionCalls_public.xml" />
				</Type>
				<Type type="Composite.Data.Types.IParameter,Composite">
					<Data dataScopeIdentifier="public" dataFilename="~\Datas\Composite.Data.Types.IParameters_public.xml" />
				</Type>
				<Type type="Composite.Data.Types.IXsltFunction,Composite">
					<Data dataScopeIdentifier="public" dataFilename="~\Datas\Composite.Data.Types.IXsltFunctions_public.xml" />
				</Type>
			</Types>
		</mi:Add>
	</mi:PackageFragmentInstallers>
</mi:PackageInstaller>