﻿<?xml version="1.0" encoding="utf-8" ?>
<strings>
	<string key="ReadLabel" value="Читати" />
	<string key="EditLabel" value="Змінювати" />
	<string key="AddLabel" value="Додавати" />
	<string key="DeleteLabel" value="Видаляти" />
	<string key="ApproveLabel" value="Затверджувати" />
	<string key="PublishLabel" value="Публікувати" />
	<string key="AdministrateLabel" value="Адмініструвати" />
	<string key="ClearPermissionsLabel" value="Видалити всі дозволи" />
</strings>
