<?xml version="1.0" standalone="yes"?>
<mi:PackageInstaller xmlns:mi="http://www.composite.net/ns/management/packageinstaller/1.0">
	<mi:PackageRequirements minimumCompositeVersion="4.0.4846.29049" maximumCompositeVersion="9.9999.9999.9999" />
	<mi:PackageInformation name="Composite.StarterSite.Bootstrap.Templates.Razor" groupName="Composite.StarterSite.Bootstrap" version="2.0.3" author="Composite A/S" website="http://composite.net" readMoreUrl="-" id="8c8bcde7-bef0-4be3-87c8-ff42165d33d7" canBeUninstalled="false" systemLocking="none" flushOnCompletion="false">
		<TechnicalDetails>-</TechnicalDetails>
		<Description>-</Description>
	</mi:PackageInformation>
	<mi:PackageFragmentInstallerBinaries />
	<mi:PackageFragmentInstallers>
		<mi:Add installerType="Composite.Core.PackageSystem.PackageFragmentInstallers.FilePackageFragmentInstaller, Composite" uninstallerType="Composite.Core.PackageSystem.PackageFragmentInstallers.FilePackageFragmentUninstaller, Composite">
			<Files>
				<File sourceFilename="~\App_Data\PageTemplates\Frontpage.cshtml" targetFilename="~\App_Data\PageTemplates\Frontpage.cshtml" allowOverwrite="false" />
				<File sourceFilename="~\App_Data\PageTemplates\MasterLayout.cshtml" targetFilename="~\App_Data\PageTemplates\MasterLayout.cshtml" allowOverwrite="false" />
				<File sourceFilename="~\App_Data\PageTemplates\OneColumnFullWidth.cshtml" targetFilename="~\App_Data\PageTemplates\OneColumnFullWidth.cshtml" allowOverwrite="false" />
				<File sourceFilename="~\App_Data\PageTemplates\ThreeColumns.cshtml" targetFilename="~\App_Data\PageTemplates\ThreeColumns.cshtml" allowOverwrite="false" />
				<File sourceFilename="~\App_Data\PageTemplates\TwoColumnsContentAside.cshtml" targetFilename="~\App_Data\PageTemplates\TwoColumnsContentAside.cshtml" allowOverwrite="false" />
				<File sourceFilename="~\App_Data\PageTemplates\TwoColumnsNavigationContent.cshtml" targetFilename="~\App_Data\PageTemplates\TwoColumnsNavigationContent.cshtml" allowOverwrite="false" />
			</Files>
		</mi:Add>
	</mi:PackageFragmentInstallers>
</mi:PackageInstaller>