<?xml version="1.0" standalone="yes"?>
<mi:PackageInstaller xmlns:mi="http://www.composite.net/ns/management/packageinstaller/1.0">
	<mi:PackageRequirements minimumCompositeVersion="4.0.0.0" maximumCompositeVersion="9.9999.9999.9999" />
	<mi:PackageInformation name="Composite.Tools.FrontendLocalizer" groupName="Composite.Tools" version="1.1.3" author="Composite A/S" website="www.composite.net"  readMoreUrl="http://docs.composite.net/Composite.Tools.FrontendLocalizer" id="c171e342-ffa0-40e5-8979-abefe8de5c7d" canBeUninstalled="true" systemLocking="none" flushOnCompletion="false">
    <TechnicalDetails>Moves strings from XSLT functions and templates to a RESX file and replaces them with their corresponding RESX string names. Used for localization purposes.</TechnicalDetails>
		<Description>Helps localize strings used in XSLT functions and templates on a website.</Description>
	</mi:PackageInformation>
	<mi:PackageFragmentInstallerBinaries />
	<mi:PackageFragmentInstallers>
		<mi:Add installerType="Composite.Core.PackageSystem.PackageFragmentInstallers.FilePackageFragmentInstaller, Composite" uninstallerType="Composite.Core.PackageSystem.PackageFragmentInstallers.FilePackageFragmentUninstaller, Composite">
			<Files>
				<File sourceFilename="~\FrontendLocalizer.aspx" targetFilename="~\FrontendLocalizer.aspx" allowOverwrite="false" />
				<File sourceFilename="~\FrontendLocalizer.aspx.cs" targetFilename="~\FrontendLocalizer.aspx.cs" allowOverwrite="false" />
			</Files>
			<Directories>
				<Directory sourceDirectory="~\Frontend\Composite\Tools\FrontendLocalizer\" targetDirectory="~\Frontend\Composite\Tools\FrontendLocalizer\" allowOverwrite="true" deleteTargetDirectory="false" />
			</Directories>
		</mi:Add>
		<mi:Add installerType="Composite.Core.PackageSystem.PackageFragmentInstallers.DataPackageFragmentInstaller, Composite" uninstallerType="Composite.Core.PackageSystem.PackageFragmentInstallers.DataPackageFragmentUninstaller, Composite">
			<Types />
		</mi:Add>
	</mi:PackageFragmentInstallers>
</mi:PackageInstaller>