<?xml version="1.0" standalone="yes"?>
<mi:PackageInstaller xmlns:mi="http://www.composite.net/ns/management/packageinstaller/1.0">
  <mi:PackageRequirements minimumCompositeVersion="2.1.4113.99" maximumCompositeVersion="9.9999.9999.9999" />
  <mi:PackageInformation name="Composite.Media.ImageGallery.Picasa" groupName="Composite.Media" version="1.0.4" author="Composite A/S" readMoreUrl="http://docs.composite.net/Composite.Media.ImageGallery.Picasa" website="http://composite.net" id="1c291b79-96c2-4deb-ad22-20d59fcd0036" canBeUninstalled="true" systemLocking="hard" flushOnCompletion="false">
    <Description>Embeds a Flash slideshow of a web album from Google Picasa Web on a page.</Description>
    <TechnicalDetails>Embeds a Flash slideshow of a web album from Google Picasa Web on a page.</TechnicalDetails>
  </mi:PackageInformation>
  <mi:PackageFragmentInstallerBinaries />
  <mi:PackageFragmentInstallers>
    <mi:Add installerType="Composite.Core.PackageSystem.PackageFragmentInstallers.FilePackageFragmentInstaller, Composite" uninstallerType="Composite.Core.PackageSystem.PackageFragmentInstallers.FilePackageFragmentUninstaller, Composite">
      <Files>
        <File sourceFilename="~\App_Data\Xslt\Composite\Media\ImageGallery\Picasa.xsl" targetFilename="~\App_Data\Xslt\Composite\Media\ImageGallery\Picasa.xsl" allowOverwrite="false" />
      </Files>
      <Directories />
    </mi:Add>
    <mi:Add installerType="Composite.Core.PackageSystem.PackageFragmentInstallers.DataPackageFragmentInstaller, Composite" uninstallerType="Composite.Core.PackageSystem.PackageFragmentInstallers.DataPackageFragmentUninstaller, Composite">
      <Types>
        <Type type="Composite.Data.Types.IParameter,Composite">
          <Data dataScopeIdentifier="public" dataFilename="~\Datas\Composite.Data.Types.IParameters_public.xml" />
        </Type>
        <Type type="Composite.Data.Types.IXsltFunction,Composite">
          <Data dataScopeIdentifier="public" dataFilename="~\Datas\Composite.Data.Types.IXsltFunctions_public.xml" />
        </Type>
      </Types>
    </mi:Add>
  </mi:PackageFragmentInstallers>
</mi:PackageInstaller>