<?xml version="1.0" encoding="utf-8"?>
<strings>
	<string key="MailingList.Layout" value="Ajouter une nouvelle liste de diffusion (sujet)" />
	<string key="MailingList.FieldGroup" value="Sujet de l&#39;infolettre" />
	<string key="MailingList.Title.Label" value="Titre du sujet" />
	<string key="MailingList.Description.Label" value="Description" />

	<string key="SubjectBased.MailingListElementActionProvider.DeleteMembersLabel" value="Supprimer des membres" />
	<string key="SubjectBased.MailingListElementActionProvider.DeleteMembersToolTip" value="Supprimer des membres" />
	<string key="SubjectBased.MailingListElementActionProvider.AddNewMailingListLabel" value="Ajouter une nouvelle liste de diffusion (sujet)" />
	<string key="SubjectBased.MailingListElementActionProvider.AddNewMailingListToolTip" value="Ajouter une nouvelle liste de diffusion (sujet)" />
	<string key="SubjectBased.MailingListElementActionProvider.EditMailingListLabel" value="Modifier la liste de diffusion" />
	<string key="SubjectBased.MailingListElementActionProvider.EditMailingListToolTip" value="Modifier la liste de diffusion" />
	<string key="SubjectBased.MailingListElementActionProvider.DeleteMailingListLabel" value="Supprimer liste de diffusion" />
	<string key="SubjectBased.MailingListElementActionProvider.DeleteMailingListToolTip" value="Supprimer liste de diffusion" />

	<string key="DeleteMailingList.LabelFieldGroup" value="Liste de diffusion" />
	<string key="DeleteMailingList.Text" value="Voulez-vous supprimer la liste de diffusion?" />

	<string key="SubjectBased.MailingListElementActionProvider.AddMembersLabel" value="Ajouter des membres" />
	<string key="SubjectBased.MailingListElementActionProvider.AddMembersToolTip" value="Ajouter des membres" />
	<string key="MailingList.NewMembers.Layout" value="Membres" />
	<string key="MailingList.NewMembers" value="Nouveaux membres" />
	<string key="MailingList.NewMembersHelp" value="Taper ou coller une ou plusieurs lignes avec des adresses de courriel et les noms des membres &#224; ajouter. S&#233;parer l&#39;adresse et le nom par une virgule. Commencez chaque entr&#233;e sur une nouvelle ligne." />

	<string key="MailingList.Members.Layout" value="Mise en page" />
	<string key="MailingList.DeleteMembers" value="Supprimer des membres" />
	<string key="MailingList.Members" value="Membres" />
	<string key="MailingList.MembersHelp" value="Taper ou coller une ou plusieurs lignes avec des adresses de courriel des membres &#224; supprimer." />

	<string key="SubjectBased.MailingListElementActionProvider.TranslateLabel" value="Traduire" />
	<string key="SubjectBased.MailingListElementActionProvider.TranslateToolTip" value="Traduire" />

	<string key="SubjectBased.AddNewMailingListWorkflow.MissingActiveLanguageTitle" value="Langue active manquante" />
	<string key="SubjectBased.AddNewMailingListWorkflow.MissingActiveLanguageMessage" value="Langue active manquante" />

	<string key="MailingList.Title.Help" value="Indiquez le titre de ce groupe de diffusion par sujet. Cette description sera visible sous forme d&#39;abonnement sur un site Web." />
	<string key="MailingList.Description.Help" value="Ecrire une breve description de ce groupe de distribution. Cette description sera visible sous forme d&#39;abonnement sur un site Web." />

	<string key="MailingList.ConfirmNewMembersHelp" value="Ces adresses seront ajout&#233;es &#224; la liste de diffusion. Si une adresse de courriel que vous avez entr&#233; &#224; l&#39;&#233;tape pr&#233;c&#233;dente n&#39;appara&#238;t pas ici, elle est d&#233;j&#224; dans la liste." />
	<string key="MailingList.ConfirmDeleteMembersHelp" value="Ces adresses seront retir&#233;s de la liste de diffusion. Si une adresse de courriel que vous avez entr&#233; &#224; l&#39;&#233;tape pr&#233;c&#233;dente n&#39;appara&#238;t pas ici, elle est d&#233;j&#224; pas sur la liste." />

	<string key="SubjectBased.AddMembersWorkflow.SeperateMembersError" value="s&#233;parer les membres avec un saut de ligne - une ligne par adresse de courriel" />

</strings>