<?xml version="1.0" encoding="utf-8"?>
<strings>
	<string key="DataTypeBased.MailingListElementActionProvider.AddNewMailingListLabel" value="Importer la liste du type de donn&#233;es" />
	<string key="DataTypeBased.MailingListElementActionProvider.AddNewMailingListToolTip" value="Importer la liste du type de donn&#233;es" />
	<string key="DataTypeBased.MailingListElementActionProvider.EditMailingListLabel" value="Modifier la liste de diffusion" />
	<string key="DataTypeBased.MailingListElementActionProvider.EditMailingListToolTip" value="Modifier la liste de diffusion" />
	<string key="DataTypeBased.MailingListElementActionProvider.DeleteMailingListLabel" value="Supprimer liste de diffusion" />
	<string key="DataTypeBased.MailingListElementActionProvider.DeleteMailingListToolTip" value="Supprimer liste de diffusion" />
	<string key="DeleteMailingList.LabelFieldGroup" value="Supprimer liste de diffusion" />
	<string key="DeleteMailingList.Text" value="Voulez-vous supprimer la liste de diffusion?" />
	<string key="MailingList.Layout" value="Importer la liste de type de donn&#233;es" />
	<string key="MailingList.FieldGroup" value="Liste de diffusion" />
	<string key="MailingList.Title.Label" value="Titre" />
	<string key="MailingList.Description.Label" value="Description" />
	<string key="DataTypeBased.TypeSelectorLabel" value="Type de donn&#233;es" />
	<string key="DataTypeBased.TypeSelectorHelp" value="S&#233;lectionner le type de donn&#233;es qui contient les membres de la liste de diffusion." />

	<string key="MailingList.Title.Help" value="Indiquez le titre de ce groupe de diffusion par sujet. Cette description sera visible sous forme d&#39;abonnement sur un site Web." />
	
	<string key="MailingList.Description.Help" value="Ecrire une breve description de ce groupe de distribution. Cette description sera visible sous forme d&#39;abonnement sur un site Web." />

	<string key="DataTypeBased.AddNewMailingListWorkflow.MissingActiveLanguageTitle" value="Langue active manquante" />
	<string key="DataTypeBased.AddNewMailingListWorkflow.MissingActiveLanguageMessage" value="Langue active manquante" />

	<string key="DataTypeBased.AddNewMailingListWorkflow.MissingSupportedTypesTitle" value="Impossible d&#39;importer" />
	<string key="DataTypeBased.AddNewMailingListWorkflow.MissingSupportedTypesMessage" value="Importation impossible, car il n&#39;y a pas de types de donn&#233;es avec le champ courriel trouv&#233;" />

</strings>