<?xml version="1.0" encoding="utf-8"?>
<strings>
	<string key="FunctionBased.MailingListElementActionProvider.AddNewMailingListLabel" value="Importer la liste de la fonciton" />
	<string key="FunctionBased.MailingListElementActionProvider.AddNewMailingListToolTip" value="Importer la liste de la fonciton" />
	<string key="FunctionBased.MailingListElementActionProvider.EditMailingListLabel" value="Modifier la liste de diffusion" />
	<string key="FunctionBased.MailingListElementActionProvider.EditMailingListToolTip" value="Modifier la liste de diffusion" />
	<string key="FunctionBased.MailingListElementActionProvider.DeleteMailingListLabel" value="Supprimer liste de diffusion" />
	<string key="FunctionBased.MailingListElementActionProvider.DeleteMailingListToolTip" value="Supprimer liste de diffusion" />
	<string key="DeleteMailingList.LabelFieldGroup" value="Supprimer liste de diffusion" />
	<string key="DeleteMailingList.Text" value="Voulez-vous supprimer la liste de diffusion?" />
	<string key="MailingList.Layout" value="Importer la liste de la fonction" />
	<string key="MailingList.FieldGroup" value="Liste de diffusion" />
	<string key="MailingList.Title.Label" value="Titre" />
	<string key="MailingList.Description.Label" value="Description" />
	<string key="MailingList.FunctionName.Label" value="Fonction" />
	<string key="MailingList.FunctionName.Help" value="S&#233;lectionnez la fonction qui contient les membres de la liste de diffusion." />

	<string key="MailingList.Title.Help" value="Indiquez le titre de ce groupe de diffusion par sujet. Cette description sera visible sous forme d&#39;abonnement sur un site Web." />

	<string key="MailingList.Description.Help" value="Ecrire une breve description de ce groupe de distribution. Cette description sera visible sous forme d&#39;abonnement sur un site Web." />

	<string key="FunctionBased.AddNewMailingListWorkflow.MissingActiveLanguageTitle" value="Langue active manquante" />
	<string key="FunctionBased.AddNewMailingListWorkflow.MissingActiveLanguageMessage" value="Langue active manquante" />

	<string key="FunctionBased.AddNewMailingListWorkflow.MissingFunction.Title" value="Fonction introuvable" />
	<string key="FunctionBased.AddNewMailingListWorkflow.MissingFunction.Message" value="La fonction avec le nom {0} n&#39;a pas &#233;t&#233; trouv&#233;e" />

	<string key="FunctionBased.AddNewMailingListWorkflow.MissingFunctionField.Title" value="Champ &#39;Courriel&#39; introuvable" />
	<string key="FunctionBased.AddNewMailingListWorkflow.MissingFunctionField.Message" value="Le champ &#39;Courriel&#39; n&#39;a pas &#233;t&#233; trouv&#233; dans la  function {0}" />

	<string key="FunctionBased.AddNewMailingListWorkflow.ProhibitedFunctionField.Title" value="Le champ &#39;Id&#39; a &#233;t&#233; trouv&#233;" />
	<string key="FunctionBased.AddNewMailingListWorkflow.ProhibitedFunctionField.Message" value="Le champ &#39;Id&#39; a &#233;t&#233; trouv&#233; dans la fonction {0} , ce qui n&#39;est pas permis" />
</strings>