<?xml version="1.0" encoding="utf-8"?>
<strings>
	<string key="NewsletterElementProvider.ExportMembersXmlLabel" value="Exporter les membres en format XML" />
	<string key="NewsletterElementProvider.ExportMembersXmlToolTip" value="Exporter les membres en format XML" />
	<string key="NewsletterElementProvider.ExportMembersExcelLabel" value="Exporter les membres vers Excel" />
	<string key="NewsletterElementProvider.ExportMembersExcelToolTip" value="Exporter les membres vers Excel" />

	<string key="NewsletterElementProvider.EditNeverMailMeListLabel" value="Modifier la liste &#39;Ne jamais envoyer de courriel&#39;" />
	<string key="NewsletterElementProvider.EditNeverMailMeListToolTip" value="Modifier la liste &#39;Ne jamais envoyer de courriel&#39;" />

	<string key="Newsletters" value="Infolettres" />
	<string key="NewsletterElementProvider.AddNewNewsletterTypeLabel" value="Ajouter un mod&#232;le d&#39;infolettre" />
	<string key="NewsletterElementProvider.AddNewNewsletterTypeToolTip" value="Ajouter un mod&#232;le d&#39;infolettre" />
	<string key="NewsletterElementProvider.EditNewsletterTypeLabel" value="Modifier un mod&#232;le d&#39;infolettre" />
	<string key="NewsletterElementProvider.EditNewsletterTypeToolTip" value="Modifier un mod&#232;le d&#39;infolettre" />
	<string key="NewsletterType.AddNewDialog" value="Ajouter un nouveau mod&#232;le d&#39;infolettre" />
	<string key="NewsletterType.FieldGroup" value="Param&#232;tres" />
	<string key="NewsletterType.Layout" value="Mise en page" />
	<string key="NewsletterType.Title" value="Titre" />
	<string key="NewsletterType.TitleHelp" value="Le titre identifie le mod&#232;le d&#39;infolettre dans les listes. Pensez &#224; utiliser un nom significatif et court." />
	<string key="NewsletterType.LabelDialog" value="Mod&#232;le d&#39;infolettre" />
	<string key="NewsletterType.LabelFieldGroup" value="Param&#232;tres" />
	<string key="NewsletterType.Description" value="Description" />
	<string key="NewsletterType.DescriptionHelp" value="Ecrire une breve description de ce mod&#232;le d&#39;infolettre" />
	<string key="NewsletterType.DefaultFromName" value="Nom d&#39;exp&#233;diteur par d&#233;faut" />
	<string key="NewsletterType.DefaultFromNameHelp" value="Ce nom sera utilis&#233; par d&#233;faut dans le champ De de l&#39;infolettre bas&#233;e sur ce mod&#232;le." />
	<string key="NewsletterType.DefaultFromEmail" value="Exp&#233;diteur par d&#233;faut" />
	<string key="NewsletterType.DefaultFromEmailHelp" value="Cette adresse de courriel sera utilis&#233;e par d&#233;faut dans le champ De d&#39;une infolettre bas&#233;e sur ce mod&#232;le." />
	<string key="NewsletterType.DefaultReplyToEmail" value="&#39;R&#233;pondre &#224;&#39; par d&#233;faut" />
	<string key="NewsletterType.DefaultReplyToEmailHelp" value="Cette adresse de courriel sera utilis&#233;e par d&#233;faut dans le champ &#39;R&#233;pondre &#224;&#39; d&#39;une infolettre bas&#233;e sur ce mod&#232;le" />
	<string key="NewsletterType.DefaultSubject" value="Objet par d&#233;faut" />
	<string key="NewsletterType.DefaultSubjectHelp" value="Ce texte sera utilis&#233; par d&#233;faut comme l&#39;objet d&#39;une infolettre bas&#233;e sur ce mod&#232;le." />
	<string key="NewsletterType.UnsubscribePage" value="Page d&#39;annulation d&#39;abonnement" />

	<string key="DeleteNewsletterType.LabelFieldGroup" value="Mod&#232;le d&#39;infolettre" />
	<string key="DeleteNewsletterType.Text" value="Voulez-vous supprimer le mod&#232;le de l&#39;infolettre?" />
	<string key="DeleteNewsletter.LabelFieldGroup" value="Infolettre" />
	<string key="DeleteNewsletter.Text" value="Voulez-vous supprimer l&#39;infolettre?" />

	<string key="NewsletterElementProvider.DeleteNewsletterTypeLabel" value="Supprimer mod&#232;le d&#39;infolettre" />
	<string key="NewsletterElementProvider.DeleteNewsletterLabel" value="Supprimer l&#39;infolettre" />
	<string key="NewsletterElementProvider.AddNewNewsletterLabel" value="Ajouter l&#39;infolettre ..." />
	<string key="NewsletterElementProvider.AddNewNewsletterToolTip" value="Ajouter l&#39;infolettre" />
	<string key="NewsletterElementProvider.EditNewsletterLabel" value="Modifier l&#39;infolettre" />
	<string key="NewsletterElementProvider.EditNewsletterToolTip" value="Modifier l&#39;infolettre" />
	<string key="Newsletter.AddNewDialog" value="Ajouter une nouvelle infolettre" />
	<string key="Newsletter.FieldGroup" value="Param&#232;tres" />
	<string key="Newsletter.Subject" value="Sujet" />
	<string key="Newsletter.Content" value="Contenu" />
	<string key="Newsletter.SubjectHelp" value="Ce texte appara&#238;tra dans le champ Objet de l&#39;infolettre re&#231;ue par le destinataire." />
	<string key="Newsletter.FromName" value="Nom &#39;De&#39;" />
	<string key="Newsletter.FromNameHelp" value="Ce nom appara&#238;tra dans le champ &#39;De&#39; de l&#39;infolettre re&#231;ue." />
	<string key="Newsletter.FromEmail" value="&#39;De&#39;" />
	<string key="Newsletter.FromEmailHelp" value="Cette adressede courriel appara&#238;t dans le champ &#39;De&#39; de l&#39;infolettre re&#231;ue." />
	<string key="Newsletter.ReplyToEmail" value="&#39;R&#233;pondre &#224;&#39;" />
	<string key="Newsletter.ReplyToEmailHelp" value="Cette adresse de courriel sera utilis&#233;e pour recevoir les r&#233;ponses &#224; cet infolettre." />

	<string key="ConfirmEmailTemplate.Name" value="Nom du mod&#232;le" />
	<string key="ConfirmEmailTemplate.NameHelp" value="Le nom du mod&#232;le de confirmation." />
	<string key="ConfirmEmailTemplate.Subject" value="Sujet" />
	<string key="ConfirmEmailTemplate.SubjectHelp" value="Le sujet du courriel de confirmation." />
	<string key="ConfirmEmailTemplate.FromName" value="Nom &#39;De&#39;" />
	<string key="ConfirmEmailTemplate.FromNameHelp" value="Le nom &#224; utiliser dans le champ &#39;De&#39; du courriel de confirmation." />
	<string key="ConfirmEmailTemplate.FromEmail" value="&#39;De&#39;" />
	<string key="ConfirmEmailTemplate.FromEmailHelp" value="L&#39;adresse de courriel &#224; utiliser dans le champ &#39;De&#39; du courriel de confirmation." />

	<string key="NewsletterElementProvider.SendNewsletterLabel" value="Envoyer l&#39;infolettre" />
	<string key="NewsletterElementProvider.SendNewsletterToolTip" value="Envoyer l&#39;infolettre" />
	<string key="NewsletterElementProvider.StopSendingNewsletterLabel" value="Arr&#234;ter d&#39;envoyer l&#39;infolettre" />
	<string key="NewsletterElementProvider.StopSendingNewsletterToolTip" value="Arr&#234;ter d&#39;envoyer l&#39;infolettre" />

	<string key="Newsletter.PreviewLabel" value="Aper&#231;u" />
	<string key="AddMemberToTheMailList" value="L&#39;aper&#231;u n&#39;est disponible que si au moins une personne a &#233;t&#233; ajout&#233;e &#224; la liste de diffusion. S&#39;il vous pla&#238;t ajoutez au moins un membre et activer l&#39;aper&#231;u de nouveau." />

	<string key="NewsletterElementProvider.ReSendNewsletterLabel" value="Envoyer aux nouveaux membres" />
	<string key="NewsletterElementProvider.ReSendNewsletterToolTip" value="Envoyer cet infolettre aux membres qui ne l&#39;ont pas encore re&#231;u." />
	<string key="NewsletterElementProvider.StatisticsLabel" value="Statistiques" />
	<string key="NewsletterElementProvider.StatisticsToolTip" value="Statistiques" />

	<string key="NewsletterElementProvider.LocalizeNewsletterTypeLabel" value="Localiser un mod&#232;le d&#39;infolettre" />
	<string key="NewsletterElementProvider.LocalizeNewsletterTypeToolTip" value="Localiser un mod&#232;le d&#39;infolettre" />
	<string key="NewsletterElementProvider.LocalizeNewsletterLabel" value="Localiser l&#39;infolettre" />
	<string key="NewsletterElementProvider.LocalizeNewsletterToolTip" value="Localiser l&#39;infolettre" />

	<string key="SendNewsletter.SendNewsletterDialog" value="Envoyer l&#39;infolettre" />
	<string key="SendNewsletter.SendImmediately" value="Envoyer imm&#233;diatement" />
	<string key="SendNewsletter.ScheduleMailing" value="Envoi c&#233;dul&#233;" />

	<string key="SendNewsletter.Date" value="Date" />
	<string key="SendNewsletter.DateHelp" value="Indiquer la date et l&#39;heure &#224; laquelle l&#39;infolettre sera automatiquement envoy&#233;e." />
	<string key="SendNewsletter.SelectDate" value="S&#233;lectionner la date" />
	<string key="SendNewsletter.SelectFutureDate" value="Vous devez choisir une date dans le futur" />

	<string key="DeleteMailingList.LabelFieldGroup" value="Supprimer liste de diffusion" />
	<string key="DeleteMailingList.Text" value="Supprimer liste de diffusion" />
	<string key="MailingList.Layout" value="Mise en page" />
	<string key="MailingList.FieldGroup" value="Liste de diffusion" />
	<string key="MailingList.Title.Label" value="Titre" />
	<string key="MailingList.Description.Label" value="Description" />

	<string key="NewsletterElementProvider.SendTestLabel" value="Envoyer un test" />
	<string key="NewsletterElementProvider.SendTestToolTip" value="Envoyer un test" />
	<string key="SendingTest.LabelFieldGroup" value="Envoyer un test" />
	<string key="SendingTest.Email" value="Courriel" />
	<string key="SendingTest.EmailHelp" value="Indiquer l&#39;adresse de courriel &#224; qui vous souhaitez envoyer l&#39;infolettre de test." />
	<string key="SendingTestWorkflow.IncorrectEmail" value="Courriel erron&#233;" />
	<string key="SendingTestWorkflow.NewsletterSentTitle" value="Infolettre de test envoy&#233;e" />
	<string key="SendingTestWorkflow.NewsletterSentMessage" value="Infolettre de test envoy&#233;e" />
	<string key="SendingTestWorkflow.MissingMembersTitle" value="Membres manquants" />
	<string key="SendingTestWorkflow.MissingMembersMessage" value="Membres manquants" />
	<string key="SendingTestWorkflow.ErrorTitle" value="Titre de l&#39;erreur" />

	<string key="Statistics.Summary" value="R&#233;sum&#233;" />
	<string key="Statistics.SummaryDescription" value="Le nombre de membres &#224; qui l&#39;infolettre a &#233;t&#233; envoy&#233;e et le nombre de membres qui ont ouvert l&#39;infolettre" />

	<string key="Statistics.MembersSent" value="Envoy&#233;e" />
	<string key="Statistics.MembersOpen" value="Ouvert" />
	<string key="Statistics.Links" value="Liens" />
	<string key="Statistics.Link" value="Lien" />
	<string key="Statistics.LinkClicks" value="Clics" />
	<string key="Statistics.DomainsByActiveUsers" value="Domaines par utilisateurs actifs" />
	<string key="Statistics.Domain" value="Domaine" />
	<string key="Statistics.CountActiveUsers" value="Utilisateurs actifs" />
	<string key="Statistics.DomainsByClicks" value="Domaines par clics" />
	<string key="Statistics.CountClicks" value="Clics" />
	<string key="Statistics.MemberActivity" value="Activit&#233; de membres" />
	<string key="Statistics.Members" value="Membres" />

	<string key="Statistics.LinksDescription" value="Le nombre de clics sur chaque lien dans l&#39;infolettre" />
	<string key="Statistics.DomainsByActiveUsersDescription" value="Le nombre de membres qui ont ouvert l&#39;infolettre - regroup&#233;s par domaines" />
	<string key="Statistics.DomainsByClicksDescription" value="Le nombre de clics sur chaque lien dans l&#39;infolettre - regroup&#233;s par domaines" />
	<string key="Statistics.MemberActivityDescription" value="Le nombre de points que chaque membre (repr&#233;sent&#233; par son adresse de courriel) a gagn&#233;. Chaque point est ajout&#233; si le membre ouvre l&#39;infolettre ou cliquer sur un lien dans cette derni&#232;re." />

	<string key="Statistics.Email" value="Courriel" />
	<string key="Statistics.Opened" value="Ouvert" />
	<string key="Statistics.Points" value="Points" />

	<string key="Statistics.UnsubscribedMembers" value="Liens de d&#233;sabonnement cliqu&#233;s par les membres" />
	<string key="Statistics.UnsubscribedMembersDescription" value="Une liste d&#39;adresses de courriles des membres qui ont cliqu&#233; le lien de d&#233;sinscription dans l&#39;infolettre" />
	<string key="Statistics.Empty" value="Vide" />

	<string key="Layout.NewsletterTypes" value="Mod&#232;les d&#39;infolettres" />
	<string key="NewsletterTypeElementProvider.AddNewNewsletterTypeLabel" value="Ajouter un mod&#232;le d&#39;infolettre" />
	<string key="NewsletterTypeElementProvider.AddNewNewsletterTypeToolTip" value="Ajouter un mod&#232;le d&#39;infolettre" />

	<string key="SendingNewsletterActualWorkflow.ErrorTitle" value="Erreur" />
	<string key="SelectNewsletterType" value="Mod&#232;le d&#39;infolettre" />
	<string key="SelectNewsletterTypeHelp" value="S&#233;lectionner le mod&#232;le d&#39;infolettre que sur lequel vous d&#233;sirez baser votre envoi." />
	<string key="AddNewNewsletterWorkflow.MissingNewsletterTypeTitle" value="Le mod&#232;le d&#39;infolettre est requis" />
	<string key="AddNewNewsletterWorkflow.MissingNewsletterTypeMessage" value="Pour ajouter une infolettre, un mod&#232;le d&#39;infolettre est n&#233;cessaire, mais aucun n&#39;a &#233;t&#233; cr&#233;&#233;. Cr&#233;er un mod&#232;le d&#39;infolettre de mise en page et essayez &#224; nouveau." />

	<string key="EditNewsletterTypeWorkflow.InvalidXmlTitle" value="Impossible d&#39;enregistrer le mod&#232;le" />
	<string key="EditNewsletterTypeWorkflow.InvalidXmlMessage" value="Le balisage de mod&#232;le n&#39;a pu &#234;tre valid&#233;e. {0}" />

	<string key="NewsletterType.UnsubscribePageHelp" value="Il s&#39;agit d&#39;une page contenant le formulaire de d&#233;sabonnement. Il s&#39;ouvre lorsque le destinataire clique sur le lien de d&#233;sabonnement dans une infolettre bas&#233;e sur ce mod&#232;le." />

	<string key="NeverMail.DeleteEmails" value="Supprimer les courriels" />
	<string key="NeverMail.ValidateEmail" value="S&#39;il vous pla&#238;t entrer une adresse de courriel valide et essayer de nouveau." />

	<string key="NewsletterElementProvider.AddNeverMailListLabel" value="Ajouter &#224; la liste &#39;Ne jamais m&#39;envoyer de courriel &#187;" />
	<string key="NewsletterElementProvider.AddNeverMailListToolTip" value="Ajouter &#224; la liste &#39;Ne jamais m&#39;envoyer de courriel &#187;" />
	<string key="NewsletterElementProvider.DeleteNeverMailListLabel" value="Supprimer de la liste &#171;Ne jamais m&#39;envoyer de courriel&#187;" />
	<string key="NewsletterElementProvider.DeleteNeverMailListToolTip" value="Supprimer de la liste &#171;Ne jamais m&#39;envoyer de courriel&#187;" />
	<string key="NewsletterElementProvider.ViewNeverMailListLabel" value="Consulter la liste &#39;Ne jamais m&#39;envoyer de courriels&#39;" />
	<string key="NeverMail.Emails.Layout" value="Courriels" />
	<string key="NeverMail.Emails" value="Courriels" />
	<string key="NeverMail.EmailsHelp" value="Tapez ou collez une ou plusieurs adresses de courriel que vous souhaitez ajouter &#224; la liste &#39;Ne jamais m&#39;envoyer un courriel&#39;. Commencez chaque adresse de courriel sur une nouvelle ligne." />
	<string key="NeverMail.UnsubscribeSuccessfully" value="D&#233;sabonn&#233; avec succ&#232;s" />

	<string key="DeleteNewsletterTypeWorkflow.CascadeDeleteErrorTitle" value="Suppresson annul&#233;e" />
	<string key="DeleteNewsletterTypeWorkflow.CascadeDeleteErrorMessage" value="Ce mod&#232;le d&#39;infolettre est utilis&#233; par des infolettres et ne peut donc pas &#234;tre supprim&#233;." />

	<string key="NeverMail.ConfirmEmails" value="Ces adresses seront ajout&#233;es &#224; la liste &#39;Ne jamais m&#39;envoyer un courriel&#39;. Si une adresse de courriel que vous avez entr&#233; &#224; l&#39;&#233;tape pr&#233;c&#233;dente n&#39;appara&#238;t pas ici, il est d&#233;j&#224; sur la liste." />
	<string key="NeverMail.ConfirmDeleteEmails" value="Ces adresses seront retir&#233;s de la liste &#39;Ne jamais m&#39;envoyer un courriel&#39;. Si une adresse de courriel que vous avez entr&#233; &#224; l&#39;&#233;tape pr&#233;c&#233;dente n&#39;appara&#238;t pas ici, il est d&#233;j&#224; pas sur la liste." />

	<string key="LocalizeNewsletterWorkflow.PleaseLocalizeNewsletterTitle" value="S&#39;il vous pla&#238;t localiser mod&#232;le d&#39;infolettre" />
	<string key="LocalizeNewsletterWorkflow.PleaseLocalizeNewsletterTitleMessage" value="S&#39;il vous pla&#238;t localiser le mod&#232;le d&#39;infolettre li&#233; (&#39;{0}&#39;) avant de localiser ce bulletin." />

</strings>