﻿<?xml version="1.0" encoding="utf-8"?>
<Data>
  <Add Id="37c9a7b6-b4ee-4845-a4b5-f8a22df3f9e4" FolderPath="/App Feed images/Sample images" FileName="Metro.jpg" Title="" Description="" CultureInfo="en-US" MimeType="image/jpeg" Length="190951" CreationTime="2013-04-15 13:12:39Z" LastWriteTime="2013-04-15 13:12:39Z" />
  <Add Id="3860acb5-cbe1-4113-8a52-7877880dfc28" FolderPath="/App Feed images/Sample images" FileName="Amagertorv in Copenhagen.jpg" Title="" Description="" CultureInfo="en-US" MimeType="image/jpeg" Length="136240" CreationTime="2013-04-11 12:59:11Z" LastWriteTime="2013-04-11 12:59:11Z" />
  <Add Id="3e9956c2-3ac6-49cf-94c6-cb44c6254126" FolderPath="/App Feed images/Sample images" FileName="Copenhagen Distortion.jpg" Title="" Description="" CultureInfo="en-US" MimeType="image/jpeg" Length="90121" CreationTime="2013-04-11 13:18:26Z" LastWriteTime="2013-04-11 13:18:26Z" />
  <Add Id="421ae1fe-a666-400a-ac7a-dc8c0e64657b" FolderPath="/App Feed images/Sample images" FileName="Copenhagen Concert Hall.jpg" Title="" Description="" CultureInfo="en-US" MimeType="image/jpeg" Length="113297" CreationTime="2013-04-11 11:51:36Z" LastWriteTime="2013-04-11 11:51:36Z" />
  <Add Id="515dd633-17ce-4069-8017-e61df67a9b69" FolderPath="/App Feed images/Sample images" FileName="Louisiana Museum.jpg" Title="" Description="" CultureInfo="en-US" MimeType="image/jpeg" Length="224088" CreationTime="2013-04-11 11:58:57Z" LastWriteTime="2013-04-11 11:58:57Z" />
  <Add Id="8548443c-7a23-4f68-bb56-80cd50cd7a27" FolderPath="/App Feed images/Sample images" FileName="Royal Library.jpg" Title="" Description="" CultureInfo="en-US" MimeType="image/jpeg" Length="70312" CreationTime="2013-04-11 13:02:51Z" LastWriteTime="2013-04-11 13:02:51Z" />
  <Add Id="87a48dc2-82be-4742-a45f-5fbac697c78f" FolderPath="/App Feed images/Sample images" FileName="Tivoli Pantomime Theatre.jpg" Title="" Description="" CultureInfo="en-US" MimeType="image/jpeg" Length="217827" CreationTime="2013-04-11 12:41:39Z" LastWriteTime="2013-04-11 12:41:39Z" />
  <Add Id="a66a92c7-bd6d-44d5-8679-b8028df13c1b" FolderPath="/App Feed images/Sample images" FileName="Noma restaurant.jpg" Title="" Description="" CultureInfo="en-US" MimeType="image/jpeg" Length="158462" CreationTime="2013-04-11 12:29:58Z" LastWriteTime="2013-04-11 12:29:58Z" />
  <Add Id="da2f1927-0e8b-4d7c-b8eb-5a43f94fc54a" FolderPath="/App Feed images/Sample images" FileName="Cycling.jpg" Title="" Description="" CultureInfo="en-US" MimeType="image/jpeg" Length="157900" CreationTime="2013-04-15 13:07:19Z" LastWriteTime="2013-04-15 13:07:19Z" />
</Data>