<?xml version="1.0" standalone="yes"?>
<mi:PackageInstaller xmlns:mi="http://www.composite.net/ns/management/packageinstaller/1.0">
	<mi:PackageRequirements minimumCompositeVersion="3.2.4518.18950" maximumCompositeVersion="9.9999.9999.9999" />
	<mi:PackageInformation name="Composite.AppFeed.Server" groupName="Composite.AppFeed" version="1.0.2" author="Composite A/S" website="http://www.composite.net" readMoreUrl="http://docs.composite.net/Composite.AppFeed.Server" id="96959738-c5d3-4b56-bb88-e0bdaeac80a8" canBeUninstalled="true" systemLocking="none" flushOnCompletion="true">
		<TechnicalDetails>Provides functionality to feed content from a website (content pages, blog posts etc).</TechnicalDetails>
		<Description>Provides functionality to feed content from a website (content pages, blog posts etc).</Description>
	</mi:PackageInformation>
	<mi:PackageFragmentInstallerBinaries />
	<mi:PackageFragmentInstallers>
		<mi:Add installerType="Composite.Core.PackageSystem.PackageFragmentInstallers.FilePackageFragmentInstaller, Composite" uninstallerType="Composite.Core.PackageSystem.PackageFragmentInstallers.FilePackageFragmentUninstaller, Composite">
			<Files>
				<File sourceFilename="~\appfeed\data\content.ashx" targetFilename="~\appfeed\data\content.ashx" allowOverwrite="false" />
				<File sourceFilename="~\appfeed\data\groups.ashx" targetFilename="~\appfeed\data\groups.ashx" allowOverwrite="false" />
				<File sourceFilename="~\App_Data\Composite\Configuration\Composite.AppFeed.xml" targetFilename="~\App_Data\Composite\Configuration\Composite.AppFeed.xml" allowOverwrite="false" />
				<File sourceFilename="~\Bin\Composite.AppFeed.Server.dll" targetFilename="~\Bin\Composite.AppFeed.Server.dll" allowOverwrite="false" />
				<File sourceFilename="~\App_Data\Media\058e31fe-7c12-46c1-a6cf-494ad697fc5a" targetFilename="~\App_Data\Media\058e31fe-7c12-46c1-a6cf-494ad697fc5a" allowOverwrite="false" />
				<File sourceFilename="~\App_Data\Media\2fba49f0-8d18-4c28-8788-aeb6351b20d6" targetFilename="~\App_Data\Media\2fba49f0-8d18-4c28-8788-aeb6351b20d6" allowOverwrite="false" />
				<File sourceFilename="~\App_Data\Media\44ccc221-f8bf-4ee7-95b2-d81182e1a17f" targetFilename="~\App_Data\Media\44ccc221-f8bf-4ee7-95b2-d81182e1a17f" allowOverwrite="false" />
				<File sourceFilename="~\App_Data\Media\58a86fda-46d7-47f4-806f-fc6335a8927e" targetFilename="~\App_Data\Media\58a86fda-46d7-47f4-806f-fc6335a8927e" allowOverwrite="false" />
			</Files>
			<Directories />
		</mi:Add>
		<mi:Add installerType="Composite.Core.PackageSystem.PackageFragmentInstallers.DataPackageFragmentInstaller, Composite" uninstallerType="Composite.Core.PackageSystem.PackageFragmentInstallers.DataPackageFragmentUninstaller, Composite">
			<Types>
				<Type type="Composite.Data.Types.IMediaFileData,Composite">
					<Data dataScopeIdentifier="public" dataFilename="~\Datas\Composite.Data.Types.IMediaFileDatas_public.xml" />
				</Type>
				<Type type="Composite.Data.Types.IMediaFolderData,Composite">
					<Data dataScopeIdentifier="public" dataFilename="~\Datas\Composite.Data.Types.IMediaFolderDatas_public.xml" />
				</Type>
			</Types>
		</mi:Add>
	</mi:PackageFragmentInstallers>
</mi:PackageInstaller>