﻿<cms:formdefinition xmlns:cms="http://www.composite.net/ns/management/bindingforms/1.0" xmlns="http://www.composite.net/ns/management/bindingforms/std.ui.controls.lib/1.0" xmlns:ff="http://www.composite.net/ns/management/bindingforms/std.function.lib/1.0" xmlns:f="http://www.composite.net/ns/function/1.0">
	<cms:bindings>
		<cms:binding name="QuestionHeading" type="System.String" optional="true" />
		<cms:binding name="QuestionDetails" type="System.String" optional="true" />
		<cms:binding name="Answer" type="System.String" optional="true" />
		<cms:binding name="DateAdded" type="System.DateTime" optional="true" />
		<cms:binding name="QuestionCategory" type="System.Guid" optional="true" />
		<cms:binding name="PublicationStatus" type="System.String" />
		<cms:binding name="PublicationStatusOptions" type="System.Object" />
		<cms:binding name="PublishDate" type="System.DateTime" optional="true" />
		<cms:binding name="UnpublishDate" type="System.DateTime" optional="true" />
		<cms:binding name="Id" type="System.Guid" optional="true" />
		<cms:binding name="PageId" type="System.Guid" optional="true" />
	</cms:bindings>
	<cms:layout>
		<cms:layout.label>
			<cms:read source="QuestionHeading" />
		</cms:layout.label>
		<TabPanels>
			<FieldGroup Label="Settings">
				<TextBox Label="Question Heading" Help="The question that serves as a title of a FAQ item on a page an in an URL.">
					<TextBox.Text>
						<cms:bind source="QuestionHeading" />
					</TextBox.Text>
				</TextBox>
				<DateSelector Label="Date Added" Help="The date the FAQ item was added.">
					<DateSelector.Date>
						<cms:bind source="DateAdded" />
					</DateSelector.Date>
				</DateSelector>
				<KeySelector Label="QuestionCategory " Help="The category the FAQ item belong to." OptionsKeyField="Key" OptionsLabelField="Label" Required="true">
					<KeySelector.Selected>
						<cms:bind source="QuestionCategory" />
					</KeySelector.Selected>
					<KeySelector.Options>
						<ff:StaticMethodCall Type="&lt;t n=&quot;Composite.Plugins.Functions.WidgetFunctionProviders.StandardWidgetFunctionProvider.DataReference.DataReferenceSelectorWidgetFunction`1, Composite, Version=3.0.4332.33416, Culture=neutral, PublicKeyToken=null&quot;&gt;&#xD;&#xA;  &lt;t n=&quot;Composite.Lists.FAQCategory&quot; /&gt;&#xD;&#xA;&lt;/t&gt;" Method="GetOptions" Parameters="Composite.Lists.FAQCategory" />
					</KeySelector.Options>
				</KeySelector>
			</FieldGroup>
			<XhtmlEditor Label="Question" Help="Question" ClassConfigurationName="common">
				<XhtmlEditor.Xhtml>
					<cms:bind source="QuestionDetails" />
				</XhtmlEditor.Xhtml>
			</XhtmlEditor>
			<XhtmlEditor Label="Answer" Help="Answer" ClassConfigurationName="common">
				<XhtmlEditor.Xhtml>
					<cms:bind source="Answer" />
				</XhtmlEditor.Xhtml>
			</XhtmlEditor>
			<FieldGroup Label="Publication settings">
				<KeySelector OptionsKeyField="Key" OptionsLabelField="Value" Label="Status" Help="Send the data to another publication status.">
					<KeySelector.Selected>
						<cms:bind source="PublicationStatus" />
					</KeySelector.Selected>
					<KeySelector.Options>
						<cms:read source="PublicationStatusOptions" />
					</KeySelector.Options>
				</KeySelector>
				<DateTimeSelector Label="Publish date" Help="Specify at which date and time you want the data to be published automatically.">
					<cms:bind source="PublishDate" />
				</DateTimeSelector>
				<DateTimeSelector Label="Unpublish date" Help="Specify at which date and time you want the data to be unpublished automatically.">
					<cms:bind source="UnpublishDate" />
				</DateTimeSelector>
			</FieldGroup>
		</TabPanels>
	</cms:layout>
</cms:formdefinition>