﻿<?xml version="1.0" encoding="utf-8"?>
<Data>
  <Add Id="9bdb7b6d-4e4f-41c9-bcc3-95b20bd8d796" TemplateId="9f096519-d21c-435e-b334-62224fde2ab3" PageTypeId="f7869eb2-7369-4eb2-af47-e3be261e92c7" Title="How to edit this website" MenuTitle="How to?" UrlTitle="How-to" FriendlyUrl="" Description="" ChangeDate="2011-11-18 09:34:16Z" ChangedBy="admin" PublicationStatus="published" CultureName="en-US" SourceCultureName="en-US" />
  <Add Id="e8be7c4b-870f-4dfb-91b5-7c4b7bec408f" TemplateId="ea2ca748-efbf-4d94-8e2a-11ce49b71cd5" PageTypeId="f7869eb2-7369-4eb2-af47-e3be261e92c7" Title="Styles" MenuTitle="Styles" UrlTitle="Styles" FriendlyUrl="" Description="" ChangeDate="2011-11-17 14:17:57Z" ChangedBy="admin" PublicationStatus="published" CultureName="en-US" SourceCultureName="en-US" />
  <Add Id="465e8e08-6068-4a65-b313-934324d7c6a8" TemplateId="9f096519-d21c-435e-b334-62224fde2ab3" PageTypeId="f7869eb2-7369-4eb2-af47-e3be261e92c7" Title="2 Columns" MenuTitle="2 Columns" UrlTitle="2Columns" FriendlyUrl="" Description="" ChangeDate="2011-11-17 14:17:57Z" ChangedBy="admin" PublicationStatus="published" CultureName="en-US" SourceCultureName="en-US" />
  <Add Id="148ec879-f225-4906-bb4c-9d403269bcd9" TemplateId="ea2ca748-efbf-4d94-8e2a-11ce49b71cd5" PageTypeId="f7869eb2-7369-4eb2-af47-e3be261e92c7" Title="Sub page 2" MenuTitle="Sub page 2" UrlTitle="Sub-page-2" FriendlyUrl="" Description="" ChangeDate="2011-11-17 14:17:57Z" ChangedBy="admin" PublicationStatus="published" CultureName="en-US" SourceCultureName="en-US" />
  <Add Id="4d55cf40-ecf0-44b7-85c5-01a3294ca3fb" TemplateId="e3851f7a-3f4b-4eda-9708-07c3b6020e08" PageTypeId="f7869eb2-7369-4eb2-af47-e3be261e92c7" Title="Huge menu title" MenuTitle="Huge menu title that will wrap across multiple lines..." UrlTitle="Huge-menu-title" FriendlyUrl="" Description="" ChangeDate="2011-11-17 14:17:57Z" ChangedBy="admin" PublicationStatus="published" CultureName="en-US" SourceCultureName="en-US" />
  <Add Id="f5386aa3-d6e7-4f51-b0aa-73db531ad70b" TemplateId="ea2ca748-efbf-4d94-8e2a-11ce49b71cd5" PageTypeId="f7869eb2-7369-4eb2-af47-e3be261e92c7" Title="Page 2" MenuTitle="Page 2" UrlTitle="Page2" FriendlyUrl="" Description="" ChangeDate="2011-11-17 14:17:57Z" ChangedBy="admin" PublicationStatus="published" CultureName="en-US" SourceCultureName="en-US" />
  <Add Id="a231fba9-09c6-451b-9fac-cbdd3986e40e" TemplateId="ea2ca748-efbf-4d94-8e2a-11ce49b71cd5" PageTypeId="f7869eb2-7369-4eb2-af47-e3be261e92c7" Title="Page 1" MenuTitle="Page 1" UrlTitle="Page-1" FriendlyUrl="" Description="" ChangeDate="2011-11-17 14:17:57Z" ChangedBy="admin" PublicationStatus="published" CultureName="en-US" SourceCultureName="en-US" />
  <Add Id="826bb71e-c54b-468b-9676-2ea1cb19da75" TemplateId="ea2ca748-efbf-4d94-8e2a-11ce49b71cd5" PageTypeId="f7869eb2-7369-4eb2-af47-e3be261e92c7" Title="A sub page" MenuTitle="Subpage 1.1" UrlTitle="Subpage-1-1" FriendlyUrl="" Description="" ChangeDate="2011-11-17 14:17:57Z" ChangedBy="admin" PublicationStatus="published" CultureName="en-US" SourceCultureName="en-US" />
  <Add Id="ca2b9cf8-9461-439a-92f3-70a74eea92fd" TemplateId="ea2ca748-efbf-4d94-8e2a-11ce49b71cd5" PageTypeId="f7869eb2-7369-4eb2-af47-e3be261e92c7" Title="A sub page" MenuTitle="Subpage 1.1.1.1" UrlTitle="Subpage-1-1-1-1" FriendlyUrl="" Description="" ChangeDate="2011-11-17 14:17:57Z" ChangedBy="admin" PublicationStatus="published" CultureName="en-US" SourceCultureName="en-US" />
  <Add Id="6182f699-417f-4f52-9057-1876e619a2e9" TemplateId="0526ad34-c540-418e-8c23-0eec2a8da2ce" PageTypeId="f7869eb2-7369-4eb2-af47-e3be261e92c7" Title="Sitemap" MenuTitle="" UrlTitle="Sitemap" FriendlyUrl="" Description="" ChangeDate="2011-11-17 14:17:57Z" ChangedBy="admin" PublicationStatus="published" CultureName="en-US" SourceCultureName="en-US" />
  <Add Id="b4efe486-5c4a-4ae7-9f36-0bf31fe40cdc" TemplateId="e3851f7a-3f4b-4eda-9708-07c3b6020e08" PageTypeId="f7869eb2-7369-4eb2-af47-e3be261e92c7" Title="Sub category 2" MenuTitle="Sub category 2" UrlTitle="Sub-category-2" FriendlyUrl="" Description="" ChangeDate="2011-11-17 14:17:57Z" ChangedBy="admin" PublicationStatus="published" CultureName="en-US" SourceCultureName="en-US" />
  <Add Id="50156042-3837-4511-9ced-8ed6116e099d" TemplateId="e3851f7a-3f4b-4eda-9708-07c3b6020e08" PageTypeId="f7869eb2-7369-4eb2-af47-e3be261e92c7" Title="Sub category 1" MenuTitle="Sub category 1" UrlTitle="Sub-category-1" FriendlyUrl="" Description="" ChangeDate="2011-11-17 14:17:57Z" ChangedBy="admin" PublicationStatus="published" CultureName="en-US" SourceCultureName="en-US" />
  <Add Id="51a6c119-d529-42f7-8041-3dee62649a5e" TemplateId="ea2ca748-efbf-4d94-8e2a-11ce49b71cd5" PageTypeId="f7869eb2-7369-4eb2-af47-e3be261e92c7" Title="A sub page" MenuTitle="Subpage 1.1.1" UrlTitle="Subpage-1-1-1" FriendlyUrl="" Description="" ChangeDate="2011-11-17 14:17:57Z" ChangedBy="admin" PublicationStatus="published" CultureName="en-US" SourceCultureName="en-US" />
  <Add Id="5a97be34-fb7f-4bd1-8ff3-4ab4d9a87d6e" TemplateId="e3851f7a-3f4b-4eda-9708-07c3b6020e08" PageTypeId="f7869eb2-7369-4eb2-af47-e3be261e92c7" Title="Page 2" MenuTitle="Page 2" UrlTitle="Page-2" FriendlyUrl="" Description="" ChangeDate="2011-11-17 14:17:57Z" ChangedBy="admin" PublicationStatus="published" CultureName="en-US" SourceCultureName="en-US" />
  <Add Id="e3d6775a-2383-4464-816b-d273d9c589c5" TemplateId="e3851f7a-3f4b-4eda-9708-07c3b6020e08" PageTypeId="f7869eb2-7369-4eb2-af47-e3be261e92c7" Title="Sub category 3" MenuTitle="Sub category 3" UrlTitle="Sub-category-3" FriendlyUrl="" Description="" ChangeDate="2011-11-17 14:17:57Z" ChangedBy="admin" PublicationStatus="published" CultureName="en-US" SourceCultureName="en-US" />
  <Add Id="b6a13c6c-2b13-4df7-bdcf-282dbbba3635" TemplateId="ea2ca748-efbf-4d94-8e2a-11ce49b71cd5" PageTypeId="f7869eb2-7369-4eb2-af47-e3be261e92c7" Title="3 Columns" MenuTitle="3 Columns" UrlTitle="3-Columns" FriendlyUrl="" Description="" ChangeDate="2011-11-17 14:17:57Z" ChangedBy="admin" PublicationStatus="published" CultureName="en-US" SourceCultureName="en-US" />
  <Add Id="109cee44-e09e-4c25-8273-469ae52b9cfa" TemplateId="ea2ca748-efbf-4d94-8e2a-11ce49b71cd5" PageTypeId="f7869eb2-7369-4eb2-af47-e3be261e92c7" Title="Sub page 1" MenuTitle="Sub page 1" UrlTitle="Sub-page-1" FriendlyUrl="" Description="" ChangeDate="2011-11-17 14:17:57Z" ChangedBy="admin" PublicationStatus="published" CultureName="en-US" SourceCultureName="en-US" />
  <Add Id="a3055286-0e90-4b04-99dd-fb1a61dde0bf" TemplateId="a270f819-0b5c-4f7e-9194-4b554043e4ab" PageTypeId="de22fed1-0729-4ad3-aa1c-6047e54bf429" Title="Frontpage" MenuTitle="Frontpage" UrlTitle="" FriendlyUrl="" Description="" ChangeDate="2011-11-17 14:24:31Z" ChangedBy="admin" PublicationStatus="published" CultureName="en-US" SourceCultureName="en-US" />
</Data>