﻿<?xml version="1.0" encoding="utf-8"?>
<Data>
  <Add Id="e8be7c4b-870f-4dfb-91b5-7c4b7bec408f" ParentId="a3055286-0e90-4b04-99dd-fb1a61dde0bf" LocalOrdering="2" />
  <Add Id="465e8e08-6068-4a65-b313-934324d7c6a8" ParentId="a3055286-0e90-4b04-99dd-fb1a61dde0bf" LocalOrdering="0" />
  <Add Id="148ec879-f225-4906-bb4c-9d403269bcd9" ParentId="b6a13c6c-2b13-4df7-bdcf-282dbbba3635" LocalOrdering="1" />
  <Add Id="4d55cf40-ecf0-44b7-85c5-01a3294ca3fb" ParentId="50156042-3837-4511-9ced-8ed6116e099d" LocalOrdering="1" />
  <Add Id="826bb71e-c54b-468b-9676-2ea1cb19da75" ParentId="a231fba9-09c6-451b-9fac-cbdd3986e40e" LocalOrdering="0" />
  <Add Id="f5386aa3-d6e7-4f51-b0aa-73db531ad70b" ParentId="b4efe486-5c4a-4ae7-9f36-0bf31fe40cdc" LocalOrdering="0" />
  <Add Id="a231fba9-09c6-451b-9fac-cbdd3986e40e" ParentId="50156042-3837-4511-9ced-8ed6116e099d" LocalOrdering="0" />
  <Add Id="ca2b9cf8-9461-439a-92f3-70a74eea92fd" ParentId="51a6c119-d529-42f7-8041-3dee62649a5e" LocalOrdering="0" />
  <Add Id="6182f699-417f-4f52-9057-1876e619a2e9" ParentId="a3055286-0e90-4b04-99dd-fb1a61dde0bf" LocalOrdering="3" />
  <Add Id="b4efe486-5c4a-4ae7-9f36-0bf31fe40cdc" ParentId="e8be7c4b-870f-4dfb-91b5-7c4b7bec408f" LocalOrdering="2" />
  <Add Id="50156042-3837-4511-9ced-8ed6116e099d" ParentId="e8be7c4b-870f-4dfb-91b5-7c4b7bec408f" LocalOrdering="0" />
  <Add Id="51a6c119-d529-42f7-8041-3dee62649a5e" ParentId="826bb71e-c54b-468b-9676-2ea1cb19da75" LocalOrdering="0" />
  <Add Id="5a97be34-fb7f-4bd1-8ff3-4ab4d9a87d6e" ParentId="e3d6775a-2383-4464-816b-d273d9c589c5" LocalOrdering="0" />
  <Add Id="e3d6775a-2383-4464-816b-d273d9c589c5" ParentId="e8be7c4b-870f-4dfb-91b5-7c4b7bec408f" LocalOrdering="2" />
  <Add Id="b6a13c6c-2b13-4df7-bdcf-282dbbba3635" ParentId="a3055286-0e90-4b04-99dd-fb1a61dde0bf" LocalOrdering="1" />
  <Add Id="109cee44-e09e-4c25-8273-469ae52b9cfa" ParentId="b6a13c6c-2b13-4df7-bdcf-282dbbba3635" LocalOrdering="0" />
  <Add Id="a3055286-0e90-4b04-99dd-fb1a61dde0bf" ParentId="00000000-0000-0000-0000-000000000000" LocalOrdering="0" />
</Data>