<?xml version="1.0" standalone="yes"?>
<mi:PackageInstaller xmlns:mi="http://www.composite.net/ns/management/packageinstaller/1.0">
	<mi:PackageRequirements minimumCompositeVersion="4.0.0.0" maximumCompositeVersion="9.9999.9999.9999" />
	<mi:PackageInformation name="Composite.Navigation.LevelSitemap.Razor" groupName="Composite.Navigation" version="1.0.4" author="Composite" website="http://composite.net" readMoreUrl="http://docs.composite.net/Composite.Navigation.LevelSitemap" id="4956d27e-3b71-40a8-9f4f-f72a8caa1dfe" canBeUninstalled="true" systemLocking="none" flushOnCompletion="false">
		<Description>Razor based level sitemap builder</Description>
		<TechnicalDetails>Razor based level sitemap builder</TechnicalDetails>
	</mi:PackageInformation>
	<mi:PackageFragmentInstallerBinaries />
	<mi:PackageFragmentInstallers>
		<mi:Add installerType="Composite.Core.PackageSystem.PackageFragmentInstallers.FilePackageFragmentInstaller, Composite" uninstallerType="Composite.Core.PackageSystem.PackageFragmentInstallers.FilePackageFragmentUninstaller, Composite">
			<Files>
				<File sourceFilename="~\App_Data\Razor\Composite\Navigation\LevelSitemap.cshtml" targetFilename="~\App_Data\Razor\Composite\Navigation\LevelSitemap.cshtml" allowOverwrite="false" />
			</Files>
			<Directories>
				<Directory sourceDirectory="~\Frontend\Composite\Navigation\LevelSitemap\" targetDirectory="~\Frontend\Composite\Navigation\LevelSitemap\" allowOverwrite="true" deleteTargetDirectory="false" />
			</Directories>
		</mi:Add>
		<mi:Add installerType="Composite.Core.PackageSystem.PackageFragmentInstallers.DataPackageFragmentInstaller, Composite" uninstallerType="Composite.Core.PackageSystem.PackageFragmentInstallers.DataPackageFragmentUninstaller, Composite">
			<Types />
		</mi:Add>
	</mi:PackageFragmentInstallers>
</mi:PackageInstaller>