<?xml version="1.0" standalone="yes"?>
<mi:PackageInstaller xmlns:mi="http://www.composite.net/ns/management/packageinstaller/1.0">
	<mi:PackageRequirements minimumCompositeVersion="4.2.5249.21154" maximumCompositeVersion="9.9999.9999.9999" />
	<mi:PackageInformation name="DefaultContents.Extranet" groupName="DefaultContents" version="1.0.0" author="Composite A/S" website="http://composite.net" readMoreUrl="http://composite.net" id="98ea1f88-5dec-4f23-87e8-297d81a2520f" canBeUninstalled="true" systemLocking="hard" flushOnCompletion="true">
		<TechnicalDetails>-</TechnicalDetails>
		<Description>-</Description>
	</mi:PackageInformation>
	<mi:PackageFragmentInstallerBinaries />
	<mi:PackageFragmentInstallers>
		<mi:Add installerType="Composite.Core.PackageSystem.PackageFragmentInstallers.DataPackageFragmentInstaller, Composite" uninstallerType="Composite.Core.PackageSystem.PackageFragmentInstallers.DataPackageFragmentUninstaller, Composite">
			<Types>
				<Type type="Composite.Data.Types.IPageStructure,Composite">
					<Data dataScopeIdentifier="public" dataFilename="~\Datas\Composite.Data.Types.IPageStructures_public.xml" />
				</Type>
				<Type type="Composite.Data.Types.IPage,Composite">
					<Data dataScopeIdentifier="administrated" locale="?" dataFilename="~\Datas\Composite.Data.Types.IPages_administrated.xml" />
				</Type>
				<Type type="Composite.Data.Types.IPage,Composite">
					<Data dataScopeIdentifier="public" locale="?" dataFilename="~\Datas\Composite.Data.Types.IPages_public.xml" />
				</Type>
				<Type type="Composite.Data.Types.IPagePlaceholderContent,Composite">
					<Data dataScopeIdentifier="administrated" locale="?" dataFilename="~\Datas\Composite.Data.Types.IPagePlaceholderContents_administrated.xml" />
				</Type>
				<Type type="Composite.Data.Types.IPagePlaceholderContent,Composite">
					<Data dataScopeIdentifier="public" locale="?" dataFilename="~\Datas\Composite.Data.Types.IPagePlaceholderContents_public.xml" />
				</Type>
        <Type type="Composite.Community.Extranet.SecurityProvider.DataTypes.IPageExtranet,Composite.Community.Extranet">
          <Data dataScopeIdentifier="public" dataFilename="~\Datas\Composite.Community.Extranet.SecurityProvider.DataTypes.IPageExtranet_public.xml" />
        </Type>
			</Types>
		</mi:Add>
    <mi:Add installerType="Composite.Core.PackageSystem.PackageFragmentInstallers.FileXslTransformationPackageFragmentInstaller, Composite" uninstallerType="Composite.Core.PackageSystem.PackageFragmentInstallers.FileXslTransformationPackageFragmentUninstaller, Composite">
      <XslFiles>
        <XslFile pathXml="~\App_Data\PageTemplateFeatures\Service Menu.html" installXsl="~\PageTemplateFeatures\Install.xsl"  uninstallXsl="~\PageTemplateFeatures\Uninstall.xsl" />
      </XslFiles>
    </mi:Add>
	</mi:PackageFragmentInstallers>
</mi:PackageInstaller>