<?xml version="1.0" standalone="yes"?>
<mi:PackageInstaller xmlns:mi="http://www.composite.net/ns/management/packageinstaller/1.0">
	<mi:PackageRequirements minimumCompositeVersion="4.0.4731.23472" maximumCompositeVersion="9.9999.9999.9999" />
	<mi:PackageInformation name="Composite.Tools.LinkChecker" groupName="Composite.Tools" version="1.0.0" author="Composite A/S" website="http://www.composite.net" readMoreUrl="http://docs.composite.net/Composite.Tools.LinkChecker" id="eb94930c-4bdf-478b-b779-6ef617f3aec2" canBeUninstalled="true" systemLocking="hard" flushOnCompletion="true">
		<TechnicalDetails>A tool for checking broken links in C1 page content</TechnicalDetails>
		<Description>A tool for checking broken links in C1 page content</Description>
	</mi:PackageInformation>
	<mi:PackageFragmentInstallerBinaries>
		<mi:Add path="~\Bin\Composite.Tools.LinkChecker.dll" />
	</mi:PackageFragmentInstallerBinaries>
	<mi:PackageFragmentInstallers>
		<mi:Add installerType="Composite.Core.PackageSystem.PackageFragmentInstallers.ConfigurationTransformationPackageFragmentInstaller, Composite" uninstallerType="Composite.Core.PackageSystem.PackageFragmentInstallers.ConfigurationTransformationPackageFragmentUninstaller, Composite">
			<Install xsltFilePath="~\Composite.config\Install.xsl" />
			<Uninstall xsltFilePath="~\Composite.config\Uninstall.xsl" />
		</mi:Add>
		<mi:Add installerType="Composite.Core.PackageSystem.PackageFragmentInstallers.FilePackageFragmentInstaller, Composite" uninstallerType="Composite.Core.PackageSystem.PackageFragmentInstallers.FilePackageFragmentUninstaller, Composite">
			<Files>
				<File sourceFilename="~\Composite\InstalledPackages\localization\Composite.Tools.LinkChecker.en-us.xml" targetFilename="~\Composite\InstalledPackages\localization\Composite.Tools.LinkChecker.en-us.xml" allowOverwrite="false" />
				<File sourceFilename="~\Bin\Composite.Tools.LinkChecker.dll" targetFilename="~\Bin\Composite.Tools.LinkChecker.dll" allowOverwrite="false" />
			</Files>
			<Directories>
				<Directory sourceDirectory="~\Composite\InstalledPackages\content\views\Composite.Tools.LinkChecker\" targetDirectory="~\Composite\InstalledPackages\content\views\Composite.Tools.LinkChecker\" allowOverwrite="true" deleteTargetDirectory="false" />
			</Directories>
		</mi:Add>
	</mi:PackageFragmentInstallers>
</mi:PackageInstaller>