<?xml version="1.0" standalone="yes"?>
<mi:PackageInstaller xmlns:mi="http://www.composite.net/ns/management/packageinstaller/1.0">
  <mi:PackageRequirements minimumCompositeVersion="4.0.0.0" maximumCompositeVersion="9.9999.9999.9999" />
  <mi:PackageInformation name="Composite.Navigation.Sitemap.Razor" groupName="Composite.Navigation" version="3.0.0" author="Composite" website="http://composite.net" readMoreUrl="http://docs.composite.net/Composite.Navigation.Sitemap.Razor" id="4956d27e-3b71-40a8-9f4f-f72a8caa1dfe" canBeUninstalled="true" systemLocking="none" flushOnCompletion="false">
    <Description>Razor based sitemap builder</Description>
    <TechnicalDetails>Razor based sitemap builder</TechnicalDetails>
  </mi:PackageInformation>
  <mi:PackageFragmentInstallerBinaries />
  <mi:PackageFragmentInstallers>
    <mi:Add installerType="Composite.Core.PackageSystem.PackageFragmentInstallers.FilePackageFragmentInstaller, Composite" uninstallerType="Composite.Core.PackageSystem.PackageFragmentInstallers.FilePackageFragmentUninstaller, Composite">
      <Files>
        <File sourceFilename="~\App_Data\Razor\Composite\Navigation\Sitemap.cshtml" targetFilename="~\App_Data\Razor\Composite\Navigation\Sitemap.cshtml" allowOverwrite="false" />
      </Files>
      <Directories>
        <Directory sourceDirectory="~\Frontend\Composite\Navigation\Sitemap\" targetDirectory="~\Frontend\Composite\Navigation\Sitemap\" allowOverwrite="true" deleteTargetDirectory="false" />
      </Directories>
    </mi:Add>
    <mi:Add installerType="Composite.Core.PackageSystem.PackageFragmentInstallers.DataPackageFragmentInstaller, Composite" uninstallerType="Composite.Core.PackageSystem.PackageFragmentInstallers.DataPackageFragmentUninstaller, Composite">
      <Types />
    </mi:Add>
  </mi:PackageFragmentInstallers>
</mi:PackageInstaller>