<?xml version="1.0" standalone="yes"?>
<mi:PackageInstaller xmlns:mi="http://www.composite.net/ns/management/packageinstaller/1.0">
	<mi:PackageRequirements minimumCompositeVersion="4.0.0.0" maximumCompositeVersion="9.9999.9999.9999" />
	<mi:PackageInformation name="Composite.StarterSite.CorporateSite.Templates.RazorBased" groupName="Composite.StarterSite.CorporateSite" version="1.0.10" author="Composite A/S" website="http://composite.net" id="6b8de726-0faf-49a4-96c1-0c8514637d9b" canBeUninstalled="true" systemLocking="none" flushOnCompletion="false">
		<Description>Starter site Razor based template</Description>
	</mi:PackageInformation>
	<mi:PackageFragmentInstallerBinaries />
	<mi:PackageFragmentInstallers>
		<mi:Add installerType="Composite.Core.PackageSystem.PackageFragmentInstallers.FilePackageFragmentInstaller, Composite" uninstallerType="Composite.Core.PackageSystem.PackageFragmentInstallers.FilePackageFragmentUninstaller, Composite">
			<Files>
        <File sourceFilename="~\App_Data\PageTemplates\Frontpage.cshtml" targetFilename="~\App_Data\PageTemplates\Frontpage.cshtml" allowOverwrite="false" />
        <File sourceFilename="~\App_Data\PageTemplates\MasterLayout.cshtml" targetFilename="~\App_Data\PageTemplates\MasterLayout.cshtml" allowOverwrite="false" />
        <File sourceFilename="~\App_Data\PageTemplates\OneColumnFullWidth.cshtml" targetFilename="~\App_Data\PageTemplates\OneColumnFullWidth.cshtml" allowOverwrite="false" />
        <File sourceFilename="~\App_Data\PageTemplates\ThreeColumns.cshtml" targetFilename="~\App_Data\PageTemplates\ThreeColumns.cshtml" allowOverwrite="false" />
        <File sourceFilename="~\App_Data\PageTemplates\TwoColumnsContentAside.cshtml" targetFilename="~\App_Data\PageTemplates\TwoColumnsContentAside.cshtml" allowOverwrite="false" />
        <File sourceFilename="~\App_Data\PageTemplates\TwoColumnsNavigationContent.cshtml" targetFilename="~\App_Data\PageTemplates\TwoColumnsNavigationContent.cshtml" allowOverwrite="false" />
      </Files>
		</mi:Add>
	</mi:PackageFragmentInstallers>
</mi:PackageInstaller>