<?xml version="1.0" encoding="utf-8" ?>
<strings>
	<string key="SendToDraft" value="Als Entwurf speichern" />
	<string key="SendToDraftToolTip" value="" />
	<string key="Publish" value="Ver&#246;ffentlichen" />
	<string key="PublishToolTip" value="Auf der Website ver&#246;ffentlichen" />
	<string key="Unpublish" value="Ver&#246;ffentlichung zur&#252;cknehmen" />
	<string key="UnpublishToolTip" value="In den Entwurfsstatus setzen und die ver&#246;ffentlichte Version zur&#252;cknehmen" />
	<string key="SendForApproval" value="Zur Genehmigung senden" />
	<string key="SendForApprovalToolTip" value="Zur Genehmigung senden" />
	<string key="SendForPublication" value="Zur Ver&#246;ffentlichung senden" />
	<string key="SendForPublicationToolTip" value="Zur Ver&#246;ffentlichung senden" />
	<string key="UndoPublishedChanges" value="&#196;nderungen zur&#252;cknehmen" />
	<string key="UndoPublishedChangesToolTip" value="Unver&#246;ffentlichte &#196;nderungen zur&#252;cknehmen" />
	<string key="ValidationErrorTitle" value="Aktion nicht m&#246;glich" />
	<string key="ValidationErrorMessage" value="Die Daten wurden aufgrund der folgenden Fehler nicht validiert:" />	
</strings>