<?xml version="1.0" encoding="utf-8" ?>
<strings>
  <string key="PageTemplateElementProvider.RootLabel" value="Seitenvorlagen" />
  <string key="PageTemplateElementProvider.RootLabelToolTip" value="Sie finden die XHTML-Seitenvorlagen hier" />
  <string key="PageTemplateElementProvider.AddTemplate" value="Vorlage hinzufügen" />
  <string key="PageTemplateElementProvider.AddTemplateToolTip" value="Neue Vorlage hinzufügen" />
  <string key="PageTemplateElementProvider.EditTemplate" value="Vorlage bearbeiten" />
  <string key="PageTemplateElementProvider.EditTemplateToolTip" value="Ausgewählte Vorlage bearbeiten" />
	<string key="PageTemplateElementProvider.DeleteTemplate" value="Löschen" />
	<string key="PageTemplateElementProvider.DeleteTemplateToolTip" value="Dieses Element löschen" />
	
  <string key="AddNewPageTemplateStep1.LabelDialog" value="Neue Vorlage hinzufügen" />
  <string key="AddNewPageTemplateStep1.LabelFieldGroup" value="Vorlage" />
  <string key="AddNewPageTemplateStep1.LabelTemplateTitle" value="Vorlagentitel" />
  <string key="AddNewPageTemplateStep1.LabelTemplateTitleHelp" value="Der Titel identifiziert diese Vorlage in Listen. Wählen Sie einen kurzen aber bezeichnenden Namen." />
  <string key="AddNewPageTemplateStep1.LabelCopyFrom" value="Kopieren von" />
  <string key="AddNewPageTemplateStep1.LabelCopyFromHelp" value="Sie können das Markup aus einer anderen Layoutvorlage kopieren, indem Sie sie in dieser Liste auswählen" />
  <string key="AddNewPageTemplateStep1.LabelCopyFromEmptyOption" value="(Neue Vorlage)" />
  <string key="AddNewPageTemplateStep1.TitleInUseTitle" value="Titel bereits verwendet" />
  <string key="AddNewPageTemplateStep1.TitleTooLong" value="Titel ist zu lang (wird als Teil der XML-Dateinamen verwendet)." />

  <string key="EditPageTemplate.LabelMarkUpCode" value="Markup-Code" />
  <string key="EditPageTemplate.LabelTemplateIdentification" value="Vorlageninfo" />
  <string key="EditPageTemplate.LabelTemplateTitle" value="Vorlagentitel" />
  <string key="EditPageTemplate.LabelTemplateTitleHelp" value="Der Titel identifiziert diese Vorlage in Listen. Wählen Sie einen kurzen aber bezeichnenden Namen." />

  <string key="EditPageTemplateWorkflow.InvalidXmlTitle" value="Kann Vorlage nicht speichern" />
  <string key="EditPageTemplateWorkflow.InvalidXmlMessage" value="Das Markup der Seitenvorlage kann nicht validiert werden. {0}" />
  <string key="EditPageTemplateWorkflow.CannotRenameFileExists" value="Vorlage kann nicht umbenannt werden - eine Datei mit dem Namen '{0}' ist bereits vorhanden." />
  <string key="EditPageTemplateWorkflow.TitleInUseTitle" value="Titel bereits verwendet" />

  <string key="DeletePageTemplateStep1.LabelFieldGroup" value="Diese Seitenvorlage löschen?" />
	<string key="DeletePageTemplateStep1.Text" value="Seitenvorlage löschen?" />
	
	<string key="DeletePageTemplateWorkflow.CascadeDeleteErrorTitle" value="Kaskadierender Fehler beim Löschen" />
	<string key="DeletePageTemplateWorkflow.CascadeDeleteErrorMessage" value="Der Typ wird von einem anderen Typ referenziert, der keine Löschweitergaben unterstützt. Dieser Vorgang wird angehalten" />
</strings>
