<?xml version="1.0" encoding="utf-8"?>
<strings>
  <string key="SEOAssistant" value="SEO Assistent" />
  <string key="IntroText" value="Seitenvorschau generieren, um die SEO-Indikation zu berechnen." />
  <string key="TabResult" value="Ergebnis" />
  <string key="TabKeywords" value="Keywords" />
  <string key="ResultHeading" value="In der Seitenvorschau gefundene Schl&#252;sselw&#246;rter:" />
  <string key="NoKeywordsWarning" value="Keine Keywords konfiguriert." />
  <string key="isInTitle" value="Keyword im Titel" />
  <string key="isInURL" value="Keyword in URL" />
  <string key="isInMenuTitle" value="Keyword im Men&#252;titel" />
  <string key="isInDescription" value="Keyword in Beschreibung" />
  <string key="isInHeading" value="Keyword im Header" />
  <string key="isInContent" value="Keyword im Inhalt" />
  <string key="NoKeywords" value="Keine Keywords" />
	<string key="IncorrectHtml" value="Konnte die Keywords nicht analysieren, weil das Markup nicht g&#252;ltig ist" />
</strings>