<?xml version="1.0" encoding="utf-8" ?>
<strings>
	<string key="SendToDraft" value="Als Entwurf speichern" />
	<string key="SendToDraftToolTip" value="" />
	<string key="Publish" value="Veröffentlichen" />
	<string key="PublishToolTip" value="Auf der Website veröffentlichen" />
	<string key="Unpublish" value="Veröffentlichung zurücknehmen" />
	<string key="UnpublishToolTip" value="In den Entwurfsstatus setzen und die veröffentlichte Version zurücknehmen" />
	<string key="SendForApproval" value="Zur Genehmigung senden" />
	<string key="SendForApprovalToolTip" value="Zur Genehmigung senden" />
	<string key="SendForPublication" value="Zur Veröffentlichung senden" />
	<string key="SendForPublicationToolTip" value="Zur Veröffentlichung senden" />
	<string key="UndoPublishedChanges" value="Änderungen zurücknehmen" />
	<string key="UndoPublishedChangesToolTip" value="Unveröffentlichte Änderungen zurücknehmen" />
	<string key="ValidationErrorTitle" value="Aktion nicht möglich" />
	<string key="ValidationErrorMessage" value="Die Daten wurden aufgrund der folgenden Fehler nicht validiert:" />	
</strings>