<?xml version="1.0" encoding="utf-8"?>
<strings>
  <string key="Plugins.XsltBasedFunctionProviderElementProvider.RootFolderLabel" value="XSLT Funktionen" />
  <string key="Plugins.XsltBasedFunctionProviderElementProvider.RootFolderToolTip" value="XSLT Funktionen" />
  <string key="AddNewXsltFunctionWorkflow.DuplicateName" value="Eine XSLT Funktion mit dem gleichen Namen existiert bereits." />
  <string key="AddNewXsltFunctionWorkflow.MethodEmpty" value="Methodenname darf nicht leer sein" />
  <string key="AddNewXsltFunctionWorkflow.NamespaceEmpty" value="Namensraum darf nicht leer sein" />
  <string key="AddNewXsltFunctionWorkflow.InvalidNamespace" value="Der Namensraum muss wie A.B.C angegeben werden - er darf nicht mit einem Punkt (.) beginnen oder enden." />
  <string key="AddNewXsltFunctionWorkflow.MissingActiveLanguageTitle" value="Eine Sprache ist erforderlich" />
  <string key="AddNewXsltFunctionWorkflow.MissingActiveLanguageMessage" value="Um eine XSLT Funktion zu erstellen wird mindestens eine Sprache ben&#246;tigt . Sie k&#246;nnen eine Sprache in der Ansicht &#39;System&#39; hinzuf&#252;gen." />
  <string key="AddNewXsltFunctionWorkflow.MissingPageTitle" value="Eine Seite ist erforderlich." />
  <string key="AddNewXsltFunctionWorkflow.MissingPageMessage" value="Um eine XSLT Funktion zu erstellen, muss mindestens eine Seite vorhanden sein." />
  <string key="AddNewXsltFunctionWorkflow.TotalNameTooLang" value="Die Gesamtl&#228;nge des Namens und des Namensraums ist zu lang (wird verwendet, um die XSL-Datei zu benennen)." />
  <string key="DeleteXsltFunctionWorkflow.ConfirmDeleteTitle" value="XSLT Funktion l&#246;schen?" />
  <string key="DeleteXsltFunctionWorkflow.ConfirmDeleteMessage" value="Ausgew&#228;hltes XSLT l&#246;schen?" />
  <string key="DeleteXsltFunctionWorkflow.CascadeDeleteErrorTitle" value="Kaskadierender Fehler beim L&#246;schen" />
  <string key="DeleteXsltFunctionWorkflow.CascadeDeleteErrorMessage" value="Der Typ wird durch von einem anderen Typ referenziert, der keine L&#246;schweitergaben unterst&#252;tzt. Dieser Vorgang wird angehalten" />
  <string key="EditXsltFunctionWorkflow.DuplicateName" value="Eine XSLT Funktion mit dem gleichen Namen existiert bereits." />
  <string key="EditXsltFunctionWorkflow.EmptyMethodName" value="Der Methodenname darf nicht leer sein" />
  <string key="EditXsltFunctionWorkflow.NamespaceEmpty" value="Der Namensraum darf nicht leer sein" />
  <string key="EditXsltFunctionWorkflow.InvalidNamespace" value="Der Namensraum muss wie A.B.C definiert werden - er darf nicht mit einem &#39;.&#39; beginnen oder enden" />
  <string key="EditXsltFunctionWorkflow.InvalidFileName" value="XslFilePath muss mit \ oder / beginnen" />
  <string key="EditXsltFunctionWorkflow.InvalidName" value="Ung&#252;ltiger Funktionsname" />
  <string key="EditXsltFunctionWorkflow.CannotRenameFileExists" value="Funktion kann nicht umbenannt werden, Datei &#39;{0}&#39; existiert bereits." />
  <string key="EditXsltFunctionWorkflow.TotalNameTooLang" value="Die Gesamtl&#228;nge des Namens und des Namensraums ist zu lang (wird verwendet, um die XSL-Datei zu benennen)." />

  <string key="EditXsltFunctionWorkflow.SameLocalFunctionNameClashTitle" value="Lokale Funktionsnamen duplizieren" />
  <string key="EditXsltFunctionWorkflow.SameLocalFunctionNameClashMessage" value="Zwei oder mehrere Funktionsaufrufe haben den gleichen lokalen Namen. &#196;ndern Sie die Namen, so dass alle unterschiedlich sind." />
  
  <string key="XsltBasedFunctionProviderElementProvider.Add" value="XSLT Funktion hinzuf&#252;gen" />
  <string key="XsltBasedFunctionProviderElementProvider.AddToolTip" value="Neue XSLT Funktion hinzuf&#252;gen" />
  <string key="XsltBasedFunctionProviderElementProvider.Edit" value="Bearbeiten" />
  <string key="XsltBasedFunctionProviderElementProvider.EditToolTip" value="XSLT Funktion bearbeiten" />
  <string key="XsltBasedFunctionProviderElementProvider.Delete" value="L&#246;schen" />
  <string key="XsltBasedFunctionProviderElementProvider.DeleteToolTip" value="XSLT Funktion l&#246;schen" />
  <string key="AddNewXsltFunctionStep1.LabelDialog" value="Neue XSLT Funktion hinzuf&#252;gen" />
  <string key="AddNewXsltFunctionStep1.LabelFieldGroup" value="Benennung und Ausgabetyp" />
  <string key="AddNewXsltFunctionStep1.LabelName" value="Name" />
  <string key="AddNewXsltFunctionStep1.HelpName" value="" />
  <string key="AddNewXsltFunctionStep1.LabelNamespace" value="Namensraum" />
  <string key="AddNewXsltFunctionStep1.HelpNamespace" value="" />
  <string key="AddNewXsltFunctionStep1.LabelOutputType" value="Ausgabetyp" />
  <string key="AddNewXsltFunctionStep1.LabelCopyFrom" value="Kopieren von" />
  <string key="AddNewXsltFunctionStep1.LabelCopyFromEmptyOption" value="(Neue XSLT Funktion)" />


  <string key="EditXsltFunction.LabelSettings" value="Einstellungen" />
  <string key="EditXsltFunction.LabelName" value="Name" />
  <string key="EditXsltFunction.HelpName" value="" />
  <string key="EditXsltFunction.LabelNamespace" value="Namensraum" />
  <string key="EditXsltFunction.HelpNamespace" value="" />
  <string key="EditXsltFunction.LabelDescription" value="Beschreibung" />
  <string key="EditXsltFunction.HelpDescription" value="" />
  <string key="EditXsltFunction.LabelDebug" value="Debuggen" />
  <string key="EditXsltFunction.LabelPage" value="Seite" />
  <string key="EditXsltFunction.HelpPage" value="Beim Debuggen wird diese Seite als Kontext f&#252;r die Ausgabe verwendet." />
  <string key="EditXsltFunction.LabelAdminitrativeScope" value="Administrativ" />
  <string key="EditXsltFunction.LabelPublicScope" value="&#214;ffentlich" />
  <string key="EditXsltFunction.LabelPageDataScope" value="Datenumfang" />
  <string key="EditXsltFunction.HelpPageDataScope" value="W&#228;hlen Sie die &#214;ffentliche oder die Entwicklungsversion als Kontext f&#252;r die Ausgabe." />
  <string key="EditXsltFunction.LabelActiveLocales" value="Sprache" />
  <string key="EditXsltFunction.HelpActiveLocales" value="W&#228;hlen Sie die Sprache, die beim Debugging der Funktion verwendet werden soll." />
  <string key="EditXsltFunction.OutputType" value="Ausgabetyp" />
  <string key="EditXsltFunction.LabelInputParameters" value="Eingabeparameter" />
  <string key="EditXsltFunction.LabelFunctionCalls" value="Funktionsaufrufe" />
  <string key="EditXsltFunction.LabelTemplate" value="Vorlage" />
  <string key="EditXsltFunction.LabelPreview" value="Vorschau" />
  <string key="EditXsltFunctionWorkflow.MissingActiveLanguageTitle" value="Eine Sprache ist erforderlich" />
  <string key="EditXsltFunctionWorkflow.MissingActiveLanguageMessage" value="Um eine XSLT Funktion zu bearbeiten wird mindestens eine Sprache ben&#246;tigt . Sie k&#246;nnen eine Sprache in der Ansicht &#39;System&#39; hinzuf&#252;gen." />
  <string key="EditXsltFunctionWorkflow.MissingPageTitle" value="Eine Seite ist erforderlich" />
  <string key="EditXsltFunctionWorkflow.MissingPageMessage" value="Um eine XSLT-Funktion zu bearbeiten muss mindestens eine Seite hinzugef&#252;gt werden." />
</strings>