<?xml version="1.0" encoding="utf-8"?>
<strings>
  <string key="PackageManager.CompositeVersionMisMatch" value="Das Paket Composite-Version Anforderungen entspricht nicht dem aktuellen Composite-Version" />
  <string key="PackageManager.PackageAlreadyInstalled" value="Paket ist bereits installiert" />
  <string key="PackageManager.NewerVersionInstalled" value="Eine neuere Version des Pakets bereits installiert ist" />	
  <string key="PackageManager.MissingPackageDirectory" value="Konnte nicht lokalisiert werden das Paket Verzeichnis-Pfad '{0}'" />
  <string key="PackageManager.Uninstallable" value="Das Paket wird als nicht installierbar gekennzeichnet" />
  <string key="PackageManager.MissingZipFile" value="Konnte nicht lokalisiert werden das Paket zip-Datei-Pfad '{0}'" />
  <string key="PackageManager.MissingUninstallFile" value="Der Deinstallationspfad '{0}' für das Paket konnte nicht lokalisiert werden" />
  <string key="PackageManager.MissingElement" value="Fehlendes {0} 'Element." />
  <string key="PackageManager.MissingAttribute" value="Attribut '{0}' fehlt" />
  <string key="PackageManager.InvalidAttributeValue" value="'{0}'-Attribut-Wert ist kein gültiger Wert." />
  <string key="PackageManager.InvalidElementValue" value="'{0}' Element Wert ist kein gültiger Wert" />
  <string key="ConfigurationTransformationPackageFragmentInstaller.ExpectedExactlyTwoElements" value="Es wurden genau zwei Elemente erwartet, '{0}' und '{1}'" />
  <string key="ConfigurationTransformationPackageFragmentInstaller.MissingElement" value="Fehlendes {0} 'Element." />
  <string key="ConfigurationTransformationPackageFragmentInstaller.MissingAttribute" value="Attribut '{0}' fehlt" />
  <string key="ConfigurationTransformationPackageFragmentInstaller.PathDoesNotExist" value="Der Pfad '{0}' existiert nicht im ZIP Archiv." />
  <string key="ConfigurationTransformationPackageFragmentInstaller.UnableToParsXslt" value="Kann gezippte XSLT-Datei '{0}' nicht parsen. {1}" />
  <string key="ConfigurationTransformationPackageFragmentInstaller.XsltWillGeneratedInvalid" value="Die XSLT-Datei '{0} wird eine ungültige Konfigurationsdatei generieren. {1}" />
  <string key="DataPackageFragmentInstaller.OnlyOneElement" value="Nur ein 'Typen' Element erlaubt" />
  <string key="DataPackageFragmentInstaller.MissingElement" value="Fehlendes 'Typen' Element" />
  <string key="DataPackageFragmentInstaller.MissingAttribute" value="Fehlendes {0} Attribut in der Konfigurationsdatei" />
  <string key="DataPackageFragmentInstaller.WrongDataScopeIdentifier" value="Falscher DataScopeIdentifier ({0}) Name in der Konfiguration" />
  <string key="DataPackageFragmentInstaller.WrongLocale" value="Falscher Culture ({0}) Name in der Konfiguration" />
  <string key="DataPackageFragmentInstaller.MissingFile" value="Fehlende Datei '{0}' im ZIP-Package" />
  <string key="DataPackageFragmentInstaller.TypeNotConfigured" value="Die Datenschnittstelle Typ '{0}' wurde nicht im System konfiguriert" />
  <string key="DataPackageFragmentInstaller.TypeNotInheriting" value="Die Datenschnittstelle Typ '{0}' erbt die Schnittstelle {1} ' nicht" />
  <string key="DataPackageFragmentInstaller.MissingProperty" value="Die Datenschnittstelle Typ '{0}' hat keine Eigenschaft mit dem Namen &quot;{1} '" />
  <string key="DataPackageFragmentInstaller.MissingWritableProperty" value="Die Datenschnittstelle Typ '{0}' hat keine beschreibbare Eigenschaft '{1}'" />
  <string key="DataPackageFragmentInstaller.ConversionFailed" value="Der Wert {0} 'konnte nicht in den Typ {1}' konvertiert werden" />
  <string key="DataPackageFragmentInstaller.MissingPropertyVaule" value="Der Eigenschaft {0} 'an der Schnittstelle' {1} 'fehlt ein Wert." />
  <string key="DataPackageFragmentInstaller.DataExists" value="Ein Datenelement der Daten-Schnittstelle Typ '{0}' existiert bereits" />
  <string key="DataPackageFragmentInstaller.MissingTypeDescriptor" value="Fehlender Datentypdeskriptor für den Typ {0}" />
  <string key="DataPackageFragmentInstaller.TypeNonLocalizedWithLocale" value="Der Datentyp '{0}' ist nicht lokalisiert, wird aber in der Konfiguration angegeben" />
  <string key="DataPackageFragmentInstaller.TypeLocalizedWithoutLocale" value="Der Datentyp '{0}' ist lokalisiert, wird aber nicht in der Konfiguration angegeben" />
  <string key="DataPackageFragmentInstaller.ReferencedDataMissing" value="Referenzierte Daten fehlen. Typ: {0}, {1}: '{2}'" />
  <string key="DataPackageFragmentUninstaller.OnlyOneElement" value="Nur ein 'Typen' Element erlaubt" />
  <string key="DataPackageFragmentUninstaller.MissingAttribute" value="Fehlendes {0} Attribut in der Konfigurationsdatei" />
  <string key="DataPackageFragmentUninstaller.MissingKeyProperty" value="Der Datentyp '{0}' enthält keine Schlüsseleigenschaft '{1}" />
  <string key="DataTypePackageFragmentInstaller.OnlyOneElement" value="Nur ein 'Typen' Element erlaubt" />
  <string key="DataTypePackageFragmentInstaller.MissingElement" value="Fehlendes 'Typen' Element" />
  <string key="DataTypePackageFragmentInstaller.MissingAttribute" value="Fehlendes {0} Attribut in der Konfigurationsdatei" />
  <string key="DataTypePackageFragmentInstaller.TypeNotConfigured" value="Die Datenschnittstelle Typ '{0}' wurde nicht im System konfiguriert" />
  <string key="DataTypePackageFragmentInstaller.TypeNotInheriting" value="Die Datenschnittstelle Typ '{0}' erbt die Schnittstelle {1} ' nicht" />
  <string key="DataTypePackageFragmentInstaller.TypeExists" value="Der Interface-Typ '{0}' ist bereits im System vorhanden" />
  <string key="DataTypePackageFragmentInstaller.InterfaceCodeError" value="Der Interface-Typ '{0}' ist nicht korrekt codiert" />
  <string key="DataTypePackageFragmentUninstaller.OnlyOneElement" value="Nur ein 'Typen' Element erlaubt" />
  <string key="DataTypePackageFragmentUninstaller.MissingAttribute" value="Fehlendes {0} Attribut in der Konfigurationsdatei" />
  <string key="DataTypePackageFragmentUninstaller.WrongAttributeFormat" value="Falsches Attribut-Format in der Konfigurationsdatei" />
  <string key="DynamicDataTypePackageFragmentInstaller.OnlyOneElement" value="Nur ein 'Typen' Element erlaubt" />
  <string key="DynamicDataTypePackageFragmentInstaller.MissingElement" value="Fehlendes 'Typen' Element" />
  <string key="DynamicDataTypePackageFragmentInstaller.DataTypeDescriptorParseError" value="Fehler beim XML-Parsen des DataTypeDescriptor Attributs" />
  <string key="DynamicDataTypePackageFragmentInstaller.DataTypeDescriptorDeserializeError" value="Fehler beim Deserialisieren eines Datentyps. Fehlertext: {0}." />
  <string key="DynamicDataTypePackageFragmentInstaller.MissingReferencedType" value="Referenzierter Typ '{0}' kann nicht gefunden werden." />
  <string key="DynamicDataTypePackageFragmentInstaller.TypeExists" value="Der Interface-Typ '{0}' ist bereits im System vorhanden" />
  <string key="DynamicDataTypePackageFragmentUninstaller.OnlyOneElement" value="Nur ein 'Typen' Element erlaubt" />
  <string key="DynamicDataTypePackageFragmentUninstaller.MissingAttribute" value="Fehlendes {0} Attribut in der Konfigurationsdatei" />
  <string key="DynamicDataTypePackageFragmentUninstaller.WrongAttributeFormat" value="Falsches Attribut-Format in der Konfigurationsdatei" />
  <string key="FilePackageFragmentInstaller.OnlyOneFilesElement" value="Nur ein 'Dateien' Element erlaubt" />
  <string key="FilePackageFragmentInstaller.OnlyOneDirectoriesElement" value="Nur ein 'Verzeichnisse' Element erlaubt" />
  <string key="FilePackageFragmentInstaller.MissingAttribute" value="Fehlendes {0} Attribut in der Konfigurationsdatei" />
  <string key="FilePackageFragmentInstaller.DeleteTargetDirectoryNotAllowed" value="Das 'deleteTargetDirectory' Attribut kann nur auf Verzeichnisse, nicht jedoch auf Dateien angewendet werden" />
  <string key="FilePackageFragmentInstaller.WrongAttributeBoolFormat" value="Falsches Attributwert-Format, 'Bool'-Wert erwartet" />
  <string key="FilePackageFragmentInstaller.MissingFile" value="Die Installations-Zip-Datei enthält nicht die Datei '{0}'" />
  <string key="FilePackageFragmentInstaller.FileExists" value="Die Datei '{0}' existiert bereits" />
  <string key="FilePackageFragmentInstaller.FileReadOnly" value="Datei '{0}' ist als 'Read Only' markiert und kann daher nicht überschrieben werden." />
  <string key="FilePackageFragmentInstaller.AssemblyLoadNotAllowed" value="Die 'AssemblyLoad' Attribut kann nur auf Dateien, jedoch nicht auf Verzeichnisse angewendet werden" />
  <string key="FilePackageFragmentInstaller.OnlyUpdateNotAllowed" value="Die 'onlyUpdate' Attribut kann nur auf Dateien, jedoch nicht auf  Verzeichnisse angewendet werden" />
  <string key="FilePackageFragmentInstaller.OnlyUpdateNotAllowedWithLoadAssemlby" value="Das 'onlyUpdate' Attribut ist nicht in Kombination mit dem 'loadAssembly' Attribut erlaubt" />
  <string key="FilePackageFragmentInstaller.MissingDirectory" value="Die Installations-Zip-Datei enthält nicht das Verzeichnis '{0}'" />
  <string key="FilePackageFragmentInstaller.WrongBasePath" value="Uninstall.xml enthält Dateipfade, die an die auf den Originalstandort der Website gebunden sind - daher kann das Package nicht sauber deinstalliert werden" />
  <string key="FilePackageFragmentUninstaller.OnlyOneFilesElement" value="Nur ein 'Dateien' Element erlaubt" />
  <string key="VirtualElementProviderNodePackageFragmentInstaller.OnlyOneElement" value="Nur ein 'Areas' Element erlaubt" />
  <string key="VirtualElementProviderNodePackageFragmentInstaller.MissingType" value="Typ '{0}' konnte nicht gefunden werden" />
  <string key="VirtualElementProviderNodePackageFragmentInstaller.MissingIcon" value="Symbol '{0}' konnte nicht gefunden werden" />
  <string key="VirtualElementProviderNodePackageFragmentUninstaller.OnlyOneElement" value="Nur ein 'Areas' Element erlaubt" />
  <string key="VirtualElementProviderNodePackageFragmentUninstaller.MissingAttribute" value="Fehlendes {0} Attribut in der Konfigurationsdatei" />
  <string key="FileXslTransformationPackageFragmentInstaller.FileNotFound" value="Datei '{0}' wurde nicht gefunden" />
  <string key="FileXslTransformationPackageFragmentInstaller.FileReadOnly" value="Datei '{0}' ist als 'Read Only' markiert und kann daher nicht überschrieben werden." />
  <string key="FileXslTransformationPackageFragmentInstaller.FileReadOnlyOverride" value="Datei '{0}' wurde als 'Read Only' gekennzeichnet. Diese Datei-Attribut wurde explizit entfernt und die Datei wurde normal aktualisiert." />

  <string key="PackageVersionBumberFragmentInstaller.OnlyOneElement" value="Nur ein 'PackageVersions' Element erlaubt" />
  <string key="PackageVersionBumberFragmentInstaller.MissingAttribute" value="Fehlendes {0} Attribut in der Konfigurationsdatei" />
  <string key="PackageVersionBumberFragmentInstaller.WrongAttributeGuidFormat" value="Falsches Attributwertformat - GUID-Wert erwartet" />
  <string key="PackageVersionBumberFragmentInstaller.PackageIdDuplicate" value="Die Paket-ID zu duplizieren: {0} '" />
  <string key="PackageVersionBumberFragmentInstaller.WrongAttributeVersionFormat" value="Falsche Attributwert-Format, Version Wert erwartet (xyz)" />
  <string key="PackageVersionBumberFragmentUninstaller.OnlyOneElement" value="Nur ein 'PackageVersions' Element erlaubt" />
  <string key="PackageVersionBumberFragmentUninstaller.MissingAttribute" value="Fehlendes {0} Attribut in der Konfigurationsdatei" />
  <string key="PackageVersionBumberFragmentUninstaller.WrongAttributeGuidFormat" value="Falsches Attributwertformat - GUID-Wert erwartet" />
  <string key="PackageVersionBumberFragmentUninstaller.PackageIdDuplicate" value="Die Paket-ID zu duplizieren: {0} '" />
  <string key="PackageVersionBumberFragmentUninstaller.WrongAttributeVersionFormat" value="Falsche Attributwert-Format, Version Wert erwartet (xyz)" />
  <string key="PackageLicenseFragmentInstaller.MissingPublicKeyElement" value="Ein öffentlicher RSA-Schlüssel fehlt in der Package-Konfiguration" />

  <string key="License.InvalidKeyTitle" value="Ungültiger Lizenzschlüssel" />
  <string key="License.InvalidKeyMessage" value="Der Lizenzschlüssel ist ungültig. Sie müssen einen gültigen Lizenzschlüssel erwerben." />
  <string key="License.ExpiredTitle" value="Probezeit ist abgelaufen" />
  <string key="License.ExpiredMessage" value="Die Probezeit des Pakets ist abgelaufen. Sie müssen eine gültige Lizenz erwerben." />
  <string key="License.Failed" value="Lizenzinformationen konnten nicht abgerufen werden. ProductId: {0}" />

  <string key="NotEnoughNtfsPermissions" value="Der Windows-Benutzer, unter dem diese C1-Instanz läuft, verfügt nicht über Schreibzugriff auf die Datei oder den Ordner {0} '." />

  <string key="PackageFragmentInstaller.OnlyOneElementAllowed" value="Nur ein '{0}'-Element erlaubt" />
  <string key="PackageFragmentInstaller.IncorrectElement" value="Ungültiger Elementname '{0}', bitte verwenden Sie '{1}'" />
  <string key="PackageFragmentInstaller.MissingAttribute" value="Attribut '{0}' fehlt" />
  <string key="PackageFragmentInstaller.MissingElement" value="Element '{0}' fehlt." />
</strings>