<?xml version="1.0" encoding="utf-8"?>
<strings>
  <string key="DeleteStep1.FieldGroupLabel" value="Löschen Sehfunktion?" />
  

  <string key="AddNew.DialogLabel" value="Visuelle Funktion hinzufügen" />
  

  

  <string key="AddNew.NoDataExistsErrorTitle" value="Keine Daten für die Vorschau verfügbar" />
  

  <string key="AddNew.NoPageTemplatesExistsErrorTitle" value="Keine Vorlagen" />
  

  

  

  

  

  <string key="AddNewStep1.TypeSelectorHelp" value="" />
  

  

  <string key="AddNewStep2.FuncitonNameHelp" value="" />
  <string key="AddNewStep2.FuncitonNamespaceLabel" value="Namespace-Funktion" />
  <string key="AddNewStep2.FuncitonNamespaceHelp" value="" />
  <string key="Edit.PlaceHolderLabel" value="Einstellungen der visuellen Funktion" />
  <string key="Edit.HeadingTitel" value="Visuelle Funktion" />
  <string key="Edit.FieldGroupLabel" value="Einstellungen der visuellen Funktion" />
  

  

  

  

  

  

  

  

  

  

  

  

  

  

  <string key="Edit.PreviewTemplateLabel" value="Vorschau-Vorlage" />
  <string key="Edit.PreviewTemplateHelp" value="Diese Information wird nur in der Vorschau der Funktion verwendet" />
  <string key="Edit.WYSIWYGLayoutLabel" value="Visuelle Gestaltung" />
  <string key="Edit.LabelPreview" value="Vorschau" />
  <string key="Edit.NoPageTemplatesExistsErrorTitle" value="Keine Vorlagen" />
  <string key="Edit.NoPageTemplatesExistsErrorMessage" value="Mindestens eine Vorlage muss existieren, bevor Sie ein Rendering bearbeiten können. Erstellen Sie eine Vorlage und versuchen Sie es erneut." />
  

  

  

  

  

  

  

  <string key="VisualFunctionElementProvider.RootFolderLabel" value="Visuelle Funktionen" />
  <string key="VisualFunctionElementProvider.RootFolderToolTip" value="Visuelle Funktionen" />
  <string key="VisualFunctionElementProvider.AddNewLabel" value="Visuelle Funktion hinzufügen" />
  <string key="VisualFunctionElementProvider.AddNewToolTip" value="Neue visuelle Funktion hinzufügen" />
  

  

  

  

  

  

  

  

  

  

  

</strings>