﻿<?xml version="1.0" encoding="utf-8"?>
<strings>
  <string key="af-ZA" value="Afrikaans, Südafrika" />
  <string key="sq-AL" value="Albanisch, Albanien" />
  <string key="ar-DZ" value="Arabisch, Algerien" />
  <string key="ar-BH" value="Arabisch, Bahrain" />
  <string key="ar-EG" value="Arabisch, Ägypten" />
  <string key="ar-IQ" value="Arabisch, Irak" />
  <string key="ar-JO" value="Arabisch, Jordanien" />
  <string key="ar-KW" value="Arabisch, Kuwait" />
  <string key="ar-LB" value="Arabisch, Libanon" />
  <string key="ar-LY" value="Arabisch, Libyen" />
  <string key="ar-MA" value="Arabisch, Marokko" />
  <string key="ar-OM" value="Arabisch, Oman" />
  <string key="ar-QA" value="Arabisch, Katar" />
  <string key="ar-SA" value="Arabisch, Saudi-Arabien" />
  <string key="ar-SY" value="Arabisch, Syrien" />
  <string key="ar-TN" value="Arabisch, Tunesien" />
  <string key="ar-AE" value="Arabisch, U.A.E." />
  <string key="ar-YE" value="Arabisch, Jemen" />
  <string key="hy-AM" value="Armenisch, Armenien" />
  <string key="az-Cyrl-AZ" value="Azeri, Kyrillisch Aserbaidschan" />
  <string key="az-Latn-AZ" value="Azeri, Latein Aserbaidschan" />
  <string key="eu-ES" value="Baskisch, Baskenland" />
  <string key="be-BY" value="Belarus, Weißrussland" />
  <string key="bs-Latn-BA" value="Bosnisch, Bosnien und Herzegowina" />
  <string key="bs-Cyrl-BA" value="Bosnisch (Kyrillisch) (Bosnien und Herzegowina)" />
  <string key="bg-BG" value="Bulgarisch, Bulgarien" />
  <string key="ca-ES" value="Katalanisch, Katalonien" />
  <string key="zh-HK" value="Chinesisch, Hongkong S.A.R." />
  <string key="zh-MO" value="Chinesisch, Macao S.A.R." />
  <string key="zh-CN" value="Chinesisch, Volksrepublik China" />
  <string key="zh-SG" value="Chinesisch, Singapur" />
  <string key="zh-TW" value="Chinesisch, Taiwan" />
  <string key="hr-BA" value="Kroatisch, Bosnien und Herzegowina" />
  <string key="hr-HR" value="Kroatisch, Kroatien" />
  <string key="cs-CZ" value="Tschechisch, Tschechische Republik" />
  <string key="da-DK" value="Dänisch" />
  <string key="dv-MV" value="Divehi, Malediven" />
  <string key="nl-BE" value="Niederländisch, Belgien" />
  <string key="nl-NL" value="Niederländisch, Niederlande" />
  <string key="en-AU" value="Englisch, Australien" />
  <string key="en-BZ" value="Englisch, Belize" />
  <string key="en-CA" value="Englisch, Kanada" />
  <string key="en-029" value="Englisch, Karibik" />
  <string key="en-IE" value="Englisch, Irland" />
  <string key="en-JM" value="Englisch, Jamaika" />
  <string key="en-NZ" value="Englisch, Neuseeland" />
  <string key="en-PH" value="Englisch, Republik der Philippinen" />
  <string key="en-ZA" value="Englisch, Südafrika" />
  <string key="en-TT" value="Englisch, Trinidad und Tobago" />
  <string key="en-GB" value="Englisch, UK" />
  <string key="en-US" value="Englisch, US" />
  <string key="en-ZW" value="Englisch, Simbabwe" />
  <string key="et-EE" value="Estnisch, Estland" />
  <string key="fo-FO" value="Färöisch, Färöer-Inseln" />
  <string key="fil-PH" value="Filipino, Philippinen" />
  <string key="fi-FI" value="Finnisch" />
  <string key="fr-BE" value="Französisch, Belgien" />
  <string key="fr-CA" value="Französisch, Kanada" />
  <string key="fr-FR" value="Französisch" />
  <string key="fr-LU" value="Französisch, Luxemburg" />
  <string key="fr-MC" value="Französisch, Fürstentum Monaco" />
  <string key="fr-CH" value="Französisch, Schweiz" />
  <string key="fy-NL" value="Friesisch, Niederlande" />
  <string key="gd-GB" value="Gälisch, Vereinigtes Königreich" />
  <string key="gl-ES" value="Galizisch, galizische" />
  <string key="ka-GE" value="Georgisch, Georgien" />
  <string key="de-AT" value="Deutsch, Österreich" />
  <string key="de-DE" value="Deutsch" />
  <string key="de-LI" value="Deutsch, Liechtenstein" />
  <string key="de-LU" value="Deutsch, Luxemburg" />
  <string key="de-CH" value="Deutsch, Schweiz" />
  <string key="el-GR" value="Griechisch, Griechenland" />
  <string key="kl-GL" value="Grönländisch" />
  <string key="gu-IN" value="Gujarati, Indien" />
  <string key="he-IL" value="Hebräisch, Israel" />
  <string key="hi-IN" value="Hindi, Indien" />
  <string key="hu-HU" value="Ungarisch, Ungarn" />
  <string key="is-IS" value="Isländisch, Island" />
  <string key="id-ID" value="Indonesisch, Indonesien" />
  <string key="iu-Latn-CA" value="Inuktitut (Lateinisch) (Kanada)" />
  <string key="ga-IE" value="Irisch, Irland" />
  <string key="it-IT" value="Italienisch" />
  <string key="it-CH" value="Italienisch, Schweiz" />
  <string key="ja-JP" value="Japanisch, Japan" />
  <string key="kn-IN" value="Kannada, Indien" />
  <string key="kk-KZ" value="Kasachisch, Kasachstan" />
  <string key="sw-KE" value="Kiswahili, Kenia" />
  <string key="kok-IN" value="Konkani, Indien" />
  <string key="ko-KR" value="Koreanisch, Korea" />
  <string key="ky-KG" value="Kirgisen, Kirgisistan" />
  <string key="lv-LV" value="Lettisch, Lettland" />
  <string key="lt-LT" value="Litauisch, Litauen" />
  <string key="lb-LU" value="Luxemburgisch, Luxemburg" />
  <string key="mk-MK" value="Mazedonisch, ehemalige jugoslawische Republik Mazedonien" />
  <string key="ms-BN" value="Malaiisch, Brunei Darussalam" />
  <string key="ms-MY" value="Malaiisch, Malaysia" />
  <string key="mt-MT" value="Malteser, Malta" />
  <string key="mi-NZ" value="Maori, Neuseeland" />
  <string key="arn-CL" value="Mapudungun, Chile" />
  <string key="mr-IN" value="Marathi, Indien" />
  <string key="moh-CA" value="Mohawk, Kanada" />
  <string key="mn-MN" value="Mongolisch, Kyrillisch Mongolei" />
  <string key="nb-NO" value="Norwegisch Bokmål" />
  <string key="nn-NO" value="Norwegisch Nynorsk, Norwegen" />
  <string key="fa-IR" value="Persisch, Iran" />
  <string key="pl-PL" value="Polnisch, Polen" />
  <string key="pt-BR" value="Portugiesisch, Brasilien" />
  <string key="pt-PT" value="Portugiesisch, Portugal" />
  <string key="pa-IN" value="Panjabi, Indien" />
  <string key="quz-BO" value="Quechua, Bolivien" />
  <string key="quz-EC" value="Quechua, Ecuador" />
  <string key="quz-PE" value="Quechua, Peru" />
  <string key="ro-RO" value="Rumänisch, Rumänien" />
  <string key="rm-CH" value="Rätoromanisch, Schweiz" />
  <string key="ru-RU" value="Russisch, Russland" />
  <string key="smn-FI" value="Sami (Inari) (Finnland)" />
  <string key="smj-NO" value="Sami (Lule) (Norwegen)" />
  <string key="smj-SE" value="Sami (Lule) (Schweden)" />
  <string key="se-FI" value="Sami (Northern) (Finnland)" />
  <string key="se-NO" value="Sami (Northern) (Norwegen)" />
  <string key="se-SE" value="Sami" />
  <string key="sms-FI" value="Sami (Skolt) (Finnland)" />
  <string key="sma-NO" value="Sami (Southern) (Norwegen)" />
  <string key="sma-SE" value="Sami (Southern) (Schweden)" />
  <string key="sa-IN" value="Sanskrit, Indien" />
  <string key="sr-Cyrl-BA" value="Serbisch, Kyrillisch (Bosnien und Herzegowina)" />
  <string key="sr-Cyrl-ME" value="Serbisch, Kyrillisch (Montenegro)" />
  <string key="sr-Cyrl-CS" value="Serbisch, Kyrillisch (Serbien und Montenegro - ehemals)" />
  <string key="sr-Cyrl-RS" value="Serbisch, Kyrillisch (Serbien)" />
  <string key="sr-Latn-BA" value="Serbisch, Latein (Bosnien und Herzegowina)" />
  <string key="sr-Latn-ME" value="Serbisch, Latein (Montenegro)" />
  <string key="sr-Latn-CS" value="Serbisch, Latein (Serbien und Montenegro - ehemals)" />
  <string key="sr-Latn-RS" value="Serbisch, Latein (Serbien)" />
  <string key="ns-ZA" value="Sesotho SA Leboa, Südafrika" />
  <string key="tn-ZA" value="Setswana, Südafrika" />
  <string key="sk-SK" value="Slowakisch, Slowakei" />
  <string key="sl-SI" value="Slowenisch, Slowenien" />
  <string key="es-AR" value="Spanisch, Argentinien" />
  <string key="es-BO" value="Spanisch, Bolivien" />
  <string key="es-CL" value="Spanisch, Chile" />
  <string key="es-CO" value="Spanisch, Kolumbien" />
  <string key="es-CR" value="Spanisch, Costa Rica" />
  <string key="es-DO" value="Spanisch, Dominikanische Republik" />
  <string key="es-EC" value="Spanisch, Ecuador" />
  <string key="es-SV" value="Spanisch, El Salvador" />
  <string key="es-GT" value="Spanisch, Guatemala" />
  <string key="es-HN" value="Spanisch, Honduras" />
  <string key="es-MX" value="Spanisch, Mexiko" />
  <string key="es-NI" value="Spanisch, Nicaragua" />
  <string key="es-PA" value="Spanisch, Panama" />
  <string key="es-PY" value="Spanisch, Paraguay" />
  <string key="es-PE" value="Spanisch, Peru" />
  <string key="es-PR" value="Spanisch, Puerto Rico" />
  <string key="es-ES" value="Spanisch" />
  <string key="es-UY" value="Spanisch, Uruguay" />
  <string key="es-VE" value="Spanisch, Venezuela" />
  <string key="sv-FI" value="Schwedisch, Finnland" />
  <string key="sv-SE" value="Schwedisch" />
  <string key="syr-SY" value="Syrisch, Syrien" />
  <string key="ta-IN" value="Tamilisch, Indien" />
  <string key="tt-RU" value="Tatar, Russland" />
  <string key="te-IN" value="Telugu, Indien" />
  <string key="th-TH" value="Thai, Thailand" />
  <string key="tr-TR" value="Türkisch, Türkei" />
  <string key="uk-UA" value="Ukrainisch, Ukraine" />
  <string key="ur-PK" value="Urdu, Islamische Republik Pakistan" />
  <string key="uz-Cyrl-UZ" value="Usbekisch, Kyrillisch Usbekistan" />
  <string key="uz-Latn-UZ" value="Usbekisch, Latein Usbekistan" />
  <string key="vi-VN" value="Vietnamesisch, Vietnam" />
  <string key="cy-GB" value="Walisisch, Vereinigtes Königreich" />
  <string key="xh-ZA" value="Xhosa, Südafrika" />
  <string key="zu-ZA" value="Zulu, Südafrika" />
  <string key="gsw-FR" value="Elsässer, Frankreich" />
  <string key="am-ET" value="Amharisch, Äthiopien" />
  <string key="as-IN" value="Assamesisch, Indien" />
  <string key="ba-RU" value="Baschkirisch, Russland" />
  <string key="bn-BD" value="Bengalisch, Bangladesch" />
  <string key="bn-IN" value="Bengali, Indien" />
  <string key="br-FR" value="Breton, Frankreich" />
  <string key="co-FR" value="Korsisch, Frankreich" />
  <string key="prs-AF" value="Dari, Afghanistan" />
  <string key="en-IN" value="Englisch, Indien" />
  <string key="en-MY" value="Englisch, Malaysia" />
  <string key="en-SG" value="Englisch, Singapur" />
  <string key="ha-Latn-NG" value="Hausa (Latein) (Nigeria)" />
  <string key="ig-NG" value="Igbo, Nigeria" />
  <string key="iu-Cans-CA" value="Inuktitut, Kanada" />
  <string key="km-KH" value="Khmer, Kambodscha" />
  <string key="qut-GT" value="Quiché, Guatemala" />
  <string key="rw-RW" value="Kinyarwanda, Ruanda" />
  <string key="lo-LA" value="Lao Lao P.D.R." />
  <string key="dsb-DE" value="Niedersorbisch, Deutschland" />
  <string key="ml-IN" value="Malayalam, Indien" />
  <string key="mn-Mong-CN" value="Mongolisch (Traditionelle mongolische) (Volksrepublik China)" />
  <string key="ne-NP" value="Nepali, Nepal" />
  <string key="oc-FR" value="Okzitanisch, Frankreich" />
  <string key="or-IN" value="Oriya, Indien" />
  <string key="ps-AF" value="Paschtu, Afghanistan" />
  <string key="nso-ZA" value="Sesotho SA Leboa, Südafrika" />
  <string key="si-LK" value="Sinhala, Sri Lanka" />
  <string key="es-US" value="Spanisch, USA" />
  <string key="tg-Cyrl-TJ" value="Tadschikischen (Kyrillisch) (Tadschikistan)" />
  <string key="tzm-Latn-DZ" value="Tamazight (Latein) (Algerien)" />
  <string key="bo-CN" value="Tibetisch, Volksrepublik China" />
  <string key="tk-TM" value="Turkmenen, Turkmenistan" />
  <string key="ug-CN" value="Uiguren, Volksrepublik China" />
  <string key="hsb-DE" value="Obersorbisch, Deutschland" />
  <string key="wo-SN" value="Wolof, Senegal" />
  <string key="sah-RU" value="Yakut, Russland" />
  <string key="ii-CN" value="Yi, Volksrepublik China" />
  <string key="yo-NG" value="Yoruba, Nigeria" />
</strings>