<?xml version="1.0" encoding="utf-8" ?>
<strings>
	<string key="ReadLabel" value="Lesen" />
	<string key="EditLabel" value="Bearbeiten" />
	<string key="AddLabel" value="Hinzufügen" />
	<string key="DeleteLabel" value="Löschen" />
	<string key="ApproveLabel" value="Genehmigen" />
	<string key="PublishLabel" value="Veröffentlichen" />
	<string key="AdministrateLabel" value="Verwalten" />
	<string key="ClearPermissionsLabel" value="Berechtigungen bereinigen" />
	<string key="AdminLockoutMessage" value="Diese Operation würde Ihre administrativen Berechtigungen von dieser Entität entfernen. Sie können ihre eigenen administrativen Berechtigungen nicht entfernen." />
</strings>