<?xml version="1.0" encoding="utf-8"?>
<strings>
  <string key="SqlFunctionElementProvider.RootLabel" value="SQL Funktionen" />
  <string key="SqlFunctionElementProvider.RootLabelToolTip" value="Hinzufügen von SQL Verbindungen und Abfragen" />
  <string key="SqlFunctionElementProvider.AddConnection" value="SQL Verbindung hinzufügen" />
  <string key="SqlFunctionElementProvider.AddConnectionToolTip" value="Fügen Sie neue SQL-Verbindung" />
  

  <string key="SqlFunctionElementProvider.EditConnectionToolTip" value="Bearbeiten SQL-Verbindung" />
  

  

  

  

  

  <string key="SqlFunctionElementProvider.EditQueryToolTip" value="Bearbeiten SQL Query" />
  

  

  

  

  

  <string key="AddNewSqlFunction.HelpName" value="" />
  

  <string key="AddNewSqlFunction.HelpNamespace" value="" />
  

  <string key="AddNewSqlFunction.HelpQueryCOmmand" value="" />
  <!-- shared on add and edit -->
  <string key="AddEditSqlFunction.LabelIsStoredProcedure" value="Ist eine gespeicherte Prozedur" />
  <string key="AddEditSqlFunction.LabelIsStoredProcedureCheckBox" value="Ja, das ist der Befehl ein Verfahren" />
  <string key="AddEditSqlFunction.LabelReturnsXml" value="Liefert das Ergebnis als XML" />
  

  

  

  

  <string key="AddEditSqlFunctionConnection.LabelFieldGroup" value="SQL Verbindungseinstellungen" />
  

  <string key="AddNewSqlFunctionConnection.LabelDialog" value="Neue SQL-Verbindung hinzufügen" />
  

  <string key="AddNewSqlFunctionConnection.HelpName" value="" />
  <string key="AddNewSqlFunctionConnection.LabelConnectionString" value="Connection String" />
  <string key="AddNewSqlFunctionConnection.HelpConnectionString" value="" />
  

  

  

  <string key="EditSqlFunction.LabelSettings" value="Einstellungen" />
  

  

  <string key="EditSqlFunction.HelpName" value="" />
  

  <string key="EditSqlFunction.HelpNamespace" value="" />
  

  <string key="EditSqlFunction.HelpDescription" value="" />
  <string key="EditSqlFunction.LabelPreview" value="Vorschau" />
  

  <string key="EditSqlFunctionConnection.HelpName" value="" />
  

  <string key="EditSqlFunctionConnection.HelpConnectionString" value="" />
  

  

  

  

  

  

  

  

</strings>