<?xml version="1.0" encoding="utf-8"?>
<strings>
  <string key="DialogTitle" value="Funktionseigenschaften" />
  <string key="FunctionLocalNameGroupLabel" value="Lokaler Name des Funktionsergebnisses" />
  <string key="FunctionLocalNameLabel" value="Lokaler Name" />
  <string key="FunctionLocalNameHelp" value="Wenn Sie eine Funktion mehrere Male einbinden, kann Ihnen dieses Feld helfen, die individuellen Ergebnisse anhand ihres lokalen Namens zu identifizieren." />
  <string key="ParameterValueLabel" value="Parameterwert" />
  <string key="AddNewFunctionDialogLabel" value="Funktion ausw&#228;hlen" />
  <string key="SetNewFunctionDialogLabel" value="Funktion ausw&#228;hlen" />
  <string key="ComplexFunctionCallDialogLabel" value="Wert des Parameters &#39;{0}&#39;" />
  <string key="ParameterTypeLabel" value="Parametertyp" />
  <string key="ParameterNameLabel" value="Parametername" />
  <string key="ReturnTypeLabel" value="R&#252;ckgabetyp" />
  <string key="ValidationFailedAlertTitle" value="Validation fehlgeschlagen" />
  <string key="FunctionNotFound" value="Funktion &#39;{0}&#39; existiert nicht." />
  <string key="RequiredParameterNotDefined" value="Der erforderliche Parameter &#39;{0}&#39; wurde nicht definiert." />
  <string key="IncorrectTypeCast" value="Fehler bei der Typumwandlung. Parametername: &#39;{0}&#39;, Funktionsname: &#39;{1}&#39;." />
  <string key="ParameterTypeDefaultLabel" value="Standard" />
  <string key="ParameterTypeConstantLabel" value="Fester Wert" />
  <string key="ParameterTypeInputParameterLabel" value="Eingabeparameter" />
  <string key="ParameterTypeFunctionLabel" value="Funktion" />
  <string key="AddNewButtonLabel" value="Hinzuf&#252;gen" />
  <string key="DeleteButtonLabel" value="L&#246;schen" />
  <string key="SetNewButtonLabel" value="Neu" />
  <string key="ToolBar.LabelSource" value="Quelle" />
  <string key="ToolBar.LabelDesign" value="Design" />
</strings>