<?xml version="1.0" encoding="utf-8"?>
<strings>
  <string key="PackageManager.CompositeVersionMisMatch" value="Das Paket Composite-Version Anforderungen entspricht nicht dem aktuellen Composite-Version" />
  <string key="PackageManager.PackageAlreadyInstalled" value="Paket ist bereits installiert" />
  <string key="PackageManager.NewerVersionInstalled" value="Eine neuere Version des Pakets bereits installiert ist" />	
  <string key="PackageManager.MissingPackageDirectory" value="Konnte nicht lokalisiert werden das Paket Verzeichnis-Pfad &#39;{0}&#39;" />
  <string key="PackageManager.Uninstallable" value="Das Paket wird als nicht installierbar gekennzeichnet" />
  <string key="PackageManager.MissingZipFile" value="Konnte nicht lokalisiert werden das Paket zip-Datei-Pfad &#39;{0}&#39;" />
  <string key="PackageManager.MissingUninstallFile" value="Der Deinstallationspfad &#39;{0}&#39; f&#252;r das Paket konnte nicht lokalisiert werden" />
  <string key="PackageManager.MissingElement" value="Fehlendes {0} &#39;Element." />
  <string key="PackageManager.MissingAttribute" value="Fehlendes {0} &#39; Attribut." />
  <string key="PackageManager.InvalidAttributeValue" value="&#39;{0}&#39;-Attribut-Wert ist kein g&#252;ltiger Wert." />
  <string key="PackageManager.InvalidElementValue" value="&#39;{0}&#39; Element Wert ist kein g&#252;ltiger Wert" />
  <string key="ConfigurationTransformationPackageFragmentInstaller.ExpectedExactlyTwoElements" value="Es wurden genau zwei Elemente erwartet, &#39;{0}&#39; und &#39;{1}&#39;" />
  <string key="ConfigurationTransformationPackageFragmentInstaller.MissingElement" value="Fehlendes {0} &#39;Element." />
  <string key="ConfigurationTransformationPackageFragmentInstaller.MissingAttribute" value="Fehlendes {0} &#39; Attribut." />
  <string key="ConfigurationTransformationPackageFragmentInstaller.PathDoesNotExist" value="Der Pfad &#39;{0}&#39; existiert nicht im ZIP Archiv." />
  <string key="ConfigurationTransformationPackageFragmentInstaller.UnableToParsXslt" value="Kann gezippte XSLT-Datei &#39;{0}&#39; nicht parsen. {1}" />
  <string key="ConfigurationTransformationPackageFragmentInstaller.XsltWillGeneratedInvalid" value="Die XSLT-Datei &#39;{0} wird eine ung&#252;ltige Konfigurationsdatei generieren. {1}" />
  <string key="DataPackageFragmentInstaller.OnlyOneElement" value="Nur ein &#39;Typen&#39; Element erlaubt" />
  <string key="DataPackageFragmentInstaller.MissingElement" value="Fehlendes &#39;Typen&#39; Element" />
  <string key="DataPackageFragmentInstaller.MissingAttribute" value="Fehlendes {0} Attribut in der Konfigurationsdatei" />
  <string key="DataPackageFragmentInstaller.WrongDataScopeIdentifier" value="Falscher DataScopeIdentifier ({0}) Name in der Konfiguration" />
  <string key="DataPackageFragmentInstaller.WrongLocale" value="Falscher Culture ({0}) Name in der Konfiguration" />
  <string key="DataPackageFragmentInstaller.MissingFile" value="Fehlende Datei &#39;{0}&#39; im ZIP-Package" />
  <string key="DataPackageFragmentInstaller.TypeNotConfigured" value="Die Datenschnittstelle Typ &#39;{0}&#39; wurde nicht im System konfiguriert" />
  <string key="DataPackageFragmentInstaller.TypeNotInheriting" value="Die Datenschnittstelle Typ &#39;{0}&#39; erbt die Schnittstelle {1} &#39; nicht" />
  <string key="DataPackageFragmentInstaller.MissingProperty" value="Die Datenschnittstelle Typ &#39;{0}&#39; hat keine Eigenschaft mit dem Namen &quot;{1} &#39;" />
  <string key="DataPackageFragmentInstaller.MissingWritableProperty" value="Die Datenschnittstelle Typ &#39;{0}&#39; hat keine beschreibbare Eigenschaft &#39;{1}&#39;" />
  <string key="DataPackageFragmentInstaller.ConversionFailed" value="Der Wert {0} &#39;konnte nicht in den Typ {1}&#39; konvertiert werden" />
  <string key="DataPackageFragmentInstaller.MissingPropertyVaule" value="Der Eigenschaft {0} &#39;an der Schnittstelle&#39; {1} &#39;fehlt ein Wert." />
  <string key="DataPackageFragmentInstaller.DataExists" value="Ein Datenelement der Daten-Schnittstelle Typ &#39;{0}&#39; existiert bereits" />
  <string key="DataPackageFragmentInstaller.MissingTypeDescriptor" value="Fehlender Datentypdeskriptor f&#252;r den Typ {0}" />
  <string key="DataPackageFragmentInstaller.TypeNonLocalizedWithLocale" value="Der Datentyp &#39;{0}&#39; ist nicht lokalisiert, wird aber in der Konfiguration angegeben" />
  <string key="DataPackageFragmentInstaller.TypeLocalizedWithoutLocale" value="Der Datentyp &#39;{0}&#39; ist lokalisiert, wird aber nicht in der Konfiguration angegeben" />
  <string key="DataPackageFragmentInstaller.ReferencedDataMissing" value="Referenzierte Daten fehlen. Typ: {0}, {1}: &#39;{2}&#39;" />
  <string key="DataPackageFragmentUninstaller.OnlyOneElement" value="Nur ein &#39;Typen&#39; Element erlaubt" />
  <string key="DataPackageFragmentUninstaller.MissingAttribute" value="Fehlendes {0} Attribut in der Konfigurationsdatei" />
  <string key="DataPackageFragmentUninstaller.MissingKeyProperty" value="Der Datentyp &#39;{0}&#39; enth&#228;lt keine Schl&#252;sseleigenschaft &#39;{1}" />
  <string key="DataTypePackageFragmentInstaller.OnlyOneElement" value="Nur ein &#39;Typen&#39; Element erlaubt" />
  <string key="DataTypePackageFragmentInstaller.MissingElement" value="Fehlendes &#39;Typen&#39; Element" />
  <string key="DataTypePackageFragmentInstaller.MissingAttribute" value="Fehlendes {0} Attribut in der Konfigurationsdatei" />
  <string key="DataTypePackageFragmentInstaller.TypeNotConfigured" value="Die Datenschnittstelle Typ &#39;{0}&#39; wurde nicht im System konfiguriert" />
  <string key="DataTypePackageFragmentInstaller.TypeNotInheriting" value="Die Datenschnittstelle Typ &#39;{0}&#39; erbt die Schnittstelle {1} &#39; nicht" />
  <string key="DataTypePackageFragmentInstaller.TypeExists" value="Der Interface-Typ &#39;{0}&#39; ist bereits im System vorhanden" />
  <string key="DataTypePackageFragmentInstaller.InterfaceCodeError" value="Der Interface-Typ &#39;{0}&#39; ist nicht korrekt codiert" />
  <string key="DataTypePackageFragmentUninstaller.OnlyOneElement" value="Nur ein &#39;Typen&#39; Element erlaubt" />
  <string key="DataTypePackageFragmentUninstaller.MissingAttribute" value="Fehlendes {0} Attribut in der Konfigurationsdatei" />
  <string key="DataTypePackageFragmentUninstaller.WrongAttributeFormat" value="Falsches Attribut-Format in der Konfigurationsdatei" />
  <string key="DynamicDataTypePackageFragmentInstaller.OnlyOneElement" value="Nur ein &#39;Typen&#39; Element erlaubt" />
  <string key="DynamicDataTypePackageFragmentInstaller.MissingElement" value="Fehlendes &#39;Typen&#39; Element" />
  <string key="DynamicDataTypePackageFragmentInstaller.DataTypeDescriptorParseError" value="Fehler beim XML-Parsen des DataTypeDescriptor Attributs" />
  <string key="DynamicDataTypePackageFragmentInstaller.DataTypeDescriptorDeserializeError" value="Fehler beim Deserialisieren eines Datentyps. Fehlertext: {0}." />
  <string key="DynamicDataTypePackageFragmentInstaller.MissingReferencedType" value="Referenzierter Typ &#39;{0}&#39; kann nicht gefunden werden." />
  <string key="DynamicDataTypePackageFragmentInstaller.TypeExists" value="Der Interface-Typ &#39;{0}&#39; ist bereits im System vorhanden" />
  <string key="DynamicDataTypePackageFragmentUninstaller.OnlyOneElement" value="Nur ein &#39;Typen&#39; Element erlaubt" />
  <string key="DynamicDataTypePackageFragmentUninstaller.MissingAttribute" value="Fehlendes {0} Attribut in der Konfigurationsdatei" />
  <string key="DynamicDataTypePackageFragmentUninstaller.WrongAttributeFormat" value="Falsches Attribut-Format in der Konfigurationsdatei" />
  <string key="FilePackageFragmentInstaller.OnlyOneFilesElement" value="Nur ein &#39;Dateien&#39; Element erlaubt" />
  <string key="FilePackageFragmentInstaller.OnlyOneDirectoriesElement" value="Nur ein &#39;Verzeichnisse&#39; Element erlaubt" />
  <string key="FilePackageFragmentInstaller.MissingAttribute" value="Fehlendes {0} Attribut in der Konfigurationsdatei" />
  <string key="FilePackageFragmentInstaller.DeleteTargetDirectoryNotAllowed" value="Das &#39;deleteTargetDirectory&#39; Attribut kann nur auf Verzeichnisse, nicht jedoch auf Dateien angewendet werden" />
  <string key="FilePackageFragmentInstaller.WrongAttributeBoolFormat" value="Falsches Attributwert-Format, &#39;Bool&#39;-Wert erwartet" />
  <string key="FilePackageFragmentInstaller.MissingFile" value="Die Installations-Zip-Datei enth&#228;lt nicht die Datei &#39;{0}&#39;" />
  <string key="FilePackageFragmentInstaller.FileExists" value="Die Datei &#39;{0}&#39; existiert bereits" />
  <string key="FilePackageFragmentInstaller.FileReadOnly" value="Datei &#39;{0}&#39; ist als &#39;Read Only&#39; markiert und kann daher nicht &#252;berschrieben werden." />
  <string key="FilePackageFragmentInstaller.AssemblyLoadNotAllowed" value="Die &#39;AssemblyLoad&#39; Attribut kann nur auf Dateien, jedoch nicht auf Verzeichnisse angewendet werden" />
  <string key="FilePackageFragmentInstaller.OnlyUpdateNotAllowed" value="Die &#39;onlyUpdate&#39; Attribut kann nur auf Dateien, jedoch nicht auf  Verzeichnisse angewendet werden" />
  <string key="FilePackageFragmentInstaller.OnlyUpdateNotAllowedWithLoadAssemlby" value="Das &#39;onlyUpdate&#39; Attribut ist nicht in Kombination mit dem &#39;loadAssembly&#39; Attribut erlaubt" />
  <string key="FilePackageFragmentInstaller.MissingDirectory" value="Die Installations-Zip-Datei enth&#228;lt nicht das Verzeichnis &#39;{0}&#39;" />
  <string key="FilePackageFragmentInstaller.WrongBasePath" value="Uninstall.xml enth&#228;lt Dateipfade, die an die auf den Originalstandort der Website gebunden sind - daher kann das Package nicht sauber deinstalliert werden" />
  <string key="FilePackageFragmentUninstaller.OnlyOneFilesElement" value="Nur ein &#39;Dateien&#39; Element erlaubt" />
  <string key="VirtualElementProviderNodePackageFragmentInstaller.OnlyOneElement" value="Nur ein &#39;Areas&#39; Element erlaubt" />
  <string key="VirtualElementProviderNodePackageFragmentInstaller.MissingType" value="Typ &#39;{0}&#39; konnte nicht gefunden werden" />
  <string key="VirtualElementProviderNodePackageFragmentInstaller.MissingIcon" value="Symbol &#39;{0}&#39; konnte nicht gefunden werden" />
  <string key="VirtualElementProviderNodePackageFragmentUninstaller.OnlyOneElement" value="Nur ein &#39;Areas&#39; Element erlaubt" />
  <string key="VirtualElementProviderNodePackageFragmentUninstaller.MissingAttribute" value="Fehlendes {0} Attribut in der Konfigurationsdatei" />
  <string key="FileXslTransformationPackageFragmentInstaller.MissingAttribute" value="Fehlendes {0} Attribut in der Konfigurationsdatei" />
  <string key="FileXslTransformationPackageFragmentInstaller.FileNotFound" value="Datei &#39;{0}&#39; wurde nicht gefunden" />
  <string key="FileXslTransformationPackageFragmentInstaller.FileReadOnly" value="Datei &#39;{0}&#39; ist als &#39;Read Only&#39; markiert und kann daher nicht &#252;berschrieben werden." />
  <string key="FileXslTransformationPackageFragmentInstaller.FileReadOnlyOverride" value="Datei &#39;{0}&#39; wurde als &#39;Read Only&#39; gekennzeichnet. Diese Datei-Attribut wurde explizit entfernt und die Datei wurde normal aktualisiert." />

  <string key="PackageVersionBumberFragmentInstaller.OnlyOneElement" value="Nur ein &#39;PackageVersions&#39; Element erlaubt" />
  <string key="PackageVersionBumberFragmentInstaller.MissingAttribute" value="Fehlendes {0} Attribut in der Konfigurationsdatei" />
  <string key="PackageVersionBumberFragmentInstaller.WrongAttributeGuidFormat" value="Falsches Attributwertformat - GUID-Wert erwartet" />
  <string key="PackageVersionBumberFragmentInstaller.PackageIdDuplicate" value="Die Paket-ID zu duplizieren: {0} &#39;" />
  <string key="PackageVersionBumberFragmentInstaller.WrongAttributeVersionFormat" value="Falsche Attributwert-Format, Version Wert erwartet (xyz)" />
  <string key="PackageVersionBumberFragmentUninstaller.OnlyOneElement" value="Nur ein &#39;PackageVersions&#39; Element erlaubt" />
  <string key="PackageVersionBumberFragmentUninstaller.MissingAttribute" value="Fehlendes {0} Attribut in der Konfigurationsdatei" />
  <string key="PackageVersionBumberFragmentUninstaller.WrongAttributeGuidFormat" value="Falsches Attributwertformat - GUID-Wert erwartet" />
  <string key="PackageVersionBumberFragmentUninstaller.PackageIdDuplicate" value="Die Paket-ID zu duplizieren: {0} &#39;" />
  <string key="PackageVersionBumberFragmentUninstaller.WrongAttributeVersionFormat" value="Falsche Attributwert-Format, Version Wert erwartet (xyz)" />
  <string key="PackageLicenseFragmentInstaller.MissingPublicKeyElement" value="Ein &#246;ffentlicher RSA-Schl&#252;ssel fehlt in der Package-Konfiguration" />

  <string key="License.InvalidKeyTitle" value="Ung&#252;ltiger Lizenzschl&#252;ssel" />
  <string key="License.InvalidKeyMessage" value="Der Lizenzschl&#252;ssel ist ung&#252;ltig. Sie m&#252;ssen einen g&#252;ltigen Lizenzschl&#252;ssel erwerben." />
  <string key="License.ExpiredTitle" value="Probezeit ist abgelaufen" />
  <string key="License.ExpiredMessage" value="Die Probezeit des Pakets ist abgelaufen. Sie m&#252;ssen eine g&#252;ltige Lizenz erwerben." />
  <string key="License.Failed" value="Lizenzinformationen konnten nicht abgerufen werden. ProductId: {0}" />

  <string key="NotEnoughNtfsPermissions" value="Der Windows-Benutzer, unter dem diese C1-Instanz l&#228;uft, verf&#252;gt nicht &#252;ber Schreibzugriff auf die Datei oder den Ordner {0} &#39;." />
</strings>