<?xml version="1.0" standalone="yes"?>
<mi:PackageInstaller xmlns:mi="http://www.composite.net/ns/management/packageinstaller/1.0">
	<mi:PackageRequirements minimumCompositeVersion="3.0.4358.29126" maximumCompositeVersion="9.9999.9999.9999" />
	<mi:PackageInformation name="Composite.Web.Config.Html5MimeTypes" groupName="Composite.Web" version="1.0.7" author="Composite A/S" website="http://composite.net" readMoreUrl="http://docs.composite.net/Composite.Web.Config.Html5MimeTypes" id="00a9f643-684c-4fec-ae45-2d9d9547d747" canBeUninstalled="true" systemLocking="hard" flushOnCompletion="false">
		<TechnicalDetails>Configures in web.config MIME types for these file extentions: .mp4, .m4v, .ogg, .ogv, .oga, .spx, .svg, .svgz, .eot, .otf, .woff, .appcache, .less.</TechnicalDetails>
		<Description>Prepares web.config for HTML5 and CSS3 related file types</Description>
	</mi:PackageInformation>
	<mi:PackageFragmentInstallerBinaries />
	<mi:PackageFragmentInstallers>
		<mi:Add installerType="Composite.Core.PackageSystem.PackageFragmentInstallers.FilePackageFragmentInstaller, Composite" uninstallerType="Composite.Core.PackageSystem.PackageFragmentInstallers.FilePackageFragmentUninstaller, Composite">
			<Files />
			<Directories />
		</mi:Add>
		<mi:Add installerType="Composite.Core.PackageSystem.PackageFragmentInstallers.DataPackageFragmentInstaller, Composite" uninstallerType="Composite.Core.PackageSystem.PackageFragmentInstallers.DataPackageFragmentUninstaller, Composite">
			<Types />
		</mi:Add>
		<mi:Add installerType="Composite.Core.PackageSystem.PackageFragmentInstallers.FileXslTransformationPackageFragmentInstaller, Composite" uninstallerType="Composite.Core.PackageSystem.PackageFragmentInstallers.FileXslTransformationPackageFragmentUninstaller, Composite">
			<XslFiles>
				<XslFile pathXml="~\Web.config" installXsl="~\Config\Install.xsl" uninstallXsl="~\Config\Uninstall.xsl" />
			</XslFiles>
		</mi:Add>
	</mi:PackageFragmentInstallers>
</mi:PackageInstaller>