<?xml version="1.0" standalone="yes"?>
<mi:PackageInstaller xmlns:mi="http://www.composite.net/ns/management/packageinstaller/1.0">
	<mi:PackageRequirements minimumCompositeVersion="3.2.4681.14221" maximumCompositeVersion="9.9999.9999.9999" />
	<mi:PackageInformation name="Composite.Tools.StaticDataTypeCreator" groupName="Composite.Tools" version="1.0.8" author="Composite A/S" website="http://www.composite.net" readMoreUrl="http://docs.composite.net/Composite.Tools.StaticDataTypeCreator" id="b386c4ba-3025-4b36-af72-283db7a444bd" canBeUninstalled="true" systemLocking="hard" flushOnCompletion="true">
		<TechnicalDetails>Use static data types in the assemblies copied to /Bin</TechnicalDetails>
		<Description>Allows you to create static data types from dynamic data types</Description>
	</mi:PackageInformation>
	<mi:PackageFragmentInstallerBinaries>
		<mi:Add path="~\Bin\Composite.Tools.StaticDataTypeCreator.dll" />
	</mi:PackageFragmentInstallerBinaries>
		<mi:PackageFragmentInstallers>
			<mi:Add installerType="Composite.Core.PackageSystem.PackageFragmentInstallers.ConfigurationTransformationPackageFragmentInstaller, Composite" uninstallerType="Composite.Core.PackageSystem.PackageFragmentInstallers.ConfigurationTransformationPackageFragmentUninstaller, Composite">
				<Install xsltFilePath="~\Config\Install.xsl" />
				<Uninstall xsltFilePath="~\Config\Uninstall.xsl" />
			</mi:Add>
		<mi:Add installerType="Composite.Core.PackageSystem.PackageFragmentInstallers.FilePackageFragmentInstaller, Composite" uninstallerType="Composite.Core.PackageSystem.PackageFragmentInstallers.FilePackageFragmentUninstaller, Composite">
			<Files>
				<File sourceFilename="~\Composite\InstalledPackages\content\views\Composite.Tools.StaticDataTypeCreator\StaticDataTypeCreator.ashx" targetFilename="~\Composite\InstalledPackages\content\views\Composite.Tools.StaticDataTypeCreator\StaticDataTypeCreator.ashx" allowOverwrite="false" />
				<File sourceFilename="~\Bin\Composite.Tools.StaticDataTypeCreator.dll" targetFilename="~\Bin\Composite.Tools.StaticDataTypeCreator.dll" allowOverwrite="false" />
			</Files>
			<Directories />
		</mi:Add>
		<mi:Add installerType="Composite.Core.PackageSystem.PackageFragmentInstallers.DataPackageFragmentInstaller, Composite" uninstallerType="Composite.Core.PackageSystem.PackageFragmentInstallers.DataPackageFragmentUninstaller, Composite">
			<Types />
		</mi:Add>
	</mi:PackageFragmentInstallers>
</mi:PackageInstaller>