<?xml version="1.0" standalone="yes"?>
<mi:PackageInstaller xmlns:mi="http://www.composite.net/ns/management/packageinstaller/1.0">
	<mi:PackageRequirements minimumCompositeVersion="4.2.0" maximumCompositeVersion="9.9999.9999.9999" />
	<mi:PackageInformation name="Composite.Tools.PackageCreator" groupName="Composite.Tools" version="3.5.23" author="Composite A/S" website="www.composite.net" id="2264b427-9e2d-4247-8ef2-8646682f39e7" canBeUninstalled="true" systemLocking="hard" flushOnCompletion="false" reloadConsoleOnCompletion="true" readMoreUrl="http://docs.composite.net/Composite.Tools.PackageCreator">
		<TechnicalDetails>Allows users to export website data (pages, templates, page types, media files, functions, data types, data items, flat files, localizations) to packages and reuse them on other sites.</TechnicalDetails>
		<Description>Allows users to export website data (pages, templates, page types, media files, functions, data types, data items, flat files, localizations) to packages and reuse them on other sites.</Description>
	</mi:PackageInformation>
	<mi:PackageFragmentInstallerBinaries>
		<mi:Add path="~\Bin\Composite.Tools.PackageCreator.dll" />
		<mi:Add path="~\Bin\Composite.Localization.C1Console.FragmentInstaller.dll" />
	</mi:PackageFragmentInstallerBinaries>
	<mi:PackageFragmentInstallers>
		<mi:Add installerType="Composite.Core.PackageSystem.PackageFragmentInstallers.ConfigurationTransformationPackageFragmentInstaller, Composite" uninstallerType="Composite.Core.PackageSystem.PackageFragmentInstallers.ConfigurationTransformationPackageFragmentUninstaller, Composite">
			<Install xsltFilePath="~\Config\Install.xsl" />
			<Uninstall xsltFilePath="~\Config\Uninstall.xsl" />
		</mi:Add>
		<mi:Add installerType="Composite.Core.PackageSystem.PackageFragmentInstallers.FilePackageFragmentInstaller, Composite" uninstallerType="Composite.Core.PackageSystem.PackageFragmentInstallers.FilePackageFragmentUninstaller, Composite">
			<Files>
				<File sourceFilename="~\Composite\InstalledPackages\localization\Composite.Tools.PackageCreator.en-us.xml" targetFilename="~\Composite\InstalledPackages\localization\Composite.Tools.PackageCreator.en-us.xml" allowOverwrite="false" />
        <File sourceFilename="~\Composite\InstalledPackages\localization\Composite.Tools.PackageCreator.fr-FR.xml" targetFilename="~\Composite\InstalledPackages\localization\Composite.Tools.PackageCreator.fr-FR.xml" allowOverwrite="false" />
				<File sourceFilename="~\Bin\Composite.Tools.PackageCreator.dll" targetFilename="~\Bin\Composite.Tools.PackageCreator.dll" allowOverwrite="false" />
			</Files>
			<Directories>
				<Directory sourceDirectory="~\Composite\InstalledPackages\services\Composite.Tools.PackageCreator\" targetDirectory="~\Composite\InstalledPackages\services\Composite.Tools.PackageCreator\" allowOverwrite="true" deleteTargetDirectory="false" />
				<Directory sourceDirectory="~\Composite\content\forms\InstalledPackages\Composite.Tools.PackageCreator\" targetDirectory="~\Composite\content\forms\InstalledPackages\Composite.Tools.PackageCreator\" allowOverwrite="true" deleteTargetDirectory="false" />
			</Directories>
		</mi:Add>
		<mi:Add installerType="Composite.Tools.PackageCreator.PackageCreatorFragmentInstaller, Composite.Tools.PackageCreator" uninstallerType="Composite.Tools.PackageCreator.PackageCreatorFragmentUninstaller, Composite.Tools.PackageCreator" />
		<mi:Add installerType="Composite.Core.PackageSystem.PackageFragmentInstallers.DataPackageFragmentInstaller, Composite" uninstallerType="Composite.Core.PackageSystem.PackageFragmentInstallers.DataPackageFragmentUninstaller, Composite">
			<Types />
		</mi:Add>
		<mi:Add installerType="Composite.Localization.C1Console.FragmentInstaller.C1ConsoleFragmentInstaller, Composite.Localization.C1Console.FragmentInstaller" uninstallerType="Composite.Localization.C1Console.FragmentInstaller.C1ConsoleFragmentUninstaller, Composite.Localization.C1Console.FragmentInstaller" />
	</mi:PackageFragmentInstallers>
</mi:PackageInstaller>