﻿<?xml version="1.0" encoding="utf-8"?>
<strings>
  <!-- change password -->
  <!-- change culture -->
  <string key="ChangeOwnPasswordWorkflow.ElementActionLabel" value="Wachtwoord veranderen" />
  <string key="ChangeOwnPasswordWorkflow.ElementActionToolTip" value="Verander je wachtwoord" />
  <string key="ChangeOwnPasswordWorkflow.Dialog.Label" value="Verander wachtwoord" />
  <string key="ChangeOwnPasswordWorkflow.Dialog.FieldGroup.Label" value="Verander je wachtwoord" />
  <string key="ChangeOwnPasswordWorkflow.Dialog.ExistingPassword.Label" value="Bestaand wachtwoord" />
  <string key="ChangeOwnPasswordWorkflow.Dialog.ExistingPassword.Help" value="Om veiligheidsredenen moet u uw bestaande wachtwoord presenteren voordat u kunt doorgaan." />
  <string key="ChangeOwnPasswordWorkflow.Dialog.NewPassword.Label" value="Nieuw wachtwoord" />
  <string key="AdministratorAutoCreator.DefaultGroupName" value="Beheerders" />
  <string key="ChangeOwnPasswordWorkflow.Dialog.NewPasswordConfirmed.Label" value="Bevestig nieuw wachtwoord" />
  <string key="ChangeOwnCultureWorkflow.ElementActionLabel" value="Regionale instellingen" />
  <string key="ChangeOwnCultureWorkflow.FieldGroup.Label" value="Regionale instellingen" />
  <string key="ChangeOwnCultureWorkflow.ElementActionToolTip" value="Stel de weergave van getallen, tijden en data in" />
  <string key="ChangeOwnPasswordWorkflow.Dialog.NewPassword.Help" value="Het ingegeven wachtwoord in dit veld moet matchen met de bevestiging hieronder" />
  <string key="ChangeOwnPasswordWorkflow.Dialog.NewPasswordConfirmed.Help" value="Het ingegeven wachtwoord in dit veld moet matchen met de bevestiging hierboven" />
  <string key="ChangeOwnCultureWorkflow.Dialog.Label" value="Regionale instellingen en talen" />
  <string key="ChangeOwnCultureWorkflow.Dialog.CultureSelector.Label" value="Regionale instellingen/taal" />
  <string key="ChangeOwnCultureWorkflow.Dialog.CultureSelector.Help" value="Als u de manier waarop getallen, tijden en data zijn weergegeven witl veranderen, selecteert u een item uit de lijst. De meest rechtse is de taal van de gebruikersinterface." />
  <string key="ChangeOwnCultureWorkflow.Dialog.Confirm.Text" value="Weet u zeker dat u de instellingen wilt veranderen. De applicatie zal herstarten en alle niet bewaarde veranderingen zullen kwijt zijn." />
  <string key="ChangeForeignLocaleWorkflow.ActionLabel" value="Vertaling" />
  <string key="ChangeForeignLocaleWorkflow.ActionToolTip" value="Verander brontaal" />
  <string key="ChangeForeignLocaleWorkflow.NoForeignLocaleLabel" value="Geen" />
  <string key="ChangeForeignLocaleWorkflow.Dialog.Label" value="Vertaling" />
  <string key="ChangeForeignLocaleWorkflow.FieldGroup.Label" value="Selecteer taal om te vertalen" />
  <string key="ChangeForeignLocaleWorkflow.NoOrOneActiveLocales.Title" value="Geen taal ingesteld" />
  <string key="ChangeForeignLocaleWorkflow.NoOrOneActiveLocales.Description" value="U moet talen installeren ter ondersteuning van de vertalingen. Neem contact op met de systeembeheerder." />
  <string key="ChangeForeignLocaleWorkflow.ForeignCultureSelector.Label" value="Van taal" />
  <string key="ChangeForeignLocaleWorkflow.ForeignCultureSelector.Help" value="Pagina's geschreven in de originele -taal zal worden aangegeven door Globe-pictogrammen in de Content boom. De bijbehorende &quot;Translate Page&quot; actie de invoer van de pagina in de huidige taal." />
  <string key="ChangeOwnActiveLocaleWorkflow.CloseAllViews.Message" value="De actieve taal is gewijzigd" />
</strings>