﻿<?xml version="1.0" encoding="utf-8" standalone="yes"?>
<mi:PackageInstaller xmlns:mi="http://www.composite.net/ns/management/packageinstaller/1.0">
	<mi:PackageRequirements minimumCompositeVersion="4.0.4897.31550" maximumCompositeVersion="9.9999.9999.9999"></mi:PackageRequirements>
	<mi:PackageInformation name="Composite.Localization.C1Console.Dutch" groupName="Composite.Localization" version="1.2.0" author="Composite A/S, @Ingmaru" website="www.composite.net" readMoreUrl="http://docs.composite.net/Composite.Localization.C1Console" id="DF2C772B-66BB-4607-8F25-CDC3532D695E" canBeUninstalled="true" systemLocking="hard" flushOnCompletion="false">
		<Description>Dutch language pack for the console GUI.</Description>
		<TechnicalDetails>Dutch language pack for the console GUI.</TechnicalDetails>
	</mi:PackageInformation>

	<mi:PackageFragmentInstallerBinaries>
	</mi:PackageFragmentInstallerBinaries>

	<mi:PackageFragmentInstallers>
    
		<mi:Add installerType="Composite.Core.PackageSystem.PackageFragmentInstallers.FilePackageFragmentInstaller, Composite" uninstallerType="Composite.Core.PackageSystem.PackageFragmentInstallers.FilePackageFragmentUninstaller, Composite">
			<Directories>
				<Directory sourceDirectory="~\App_Data\Composite\LanguagePacks\nl-NL\" targetDirectory="~\App_Data\Composite\LanguagePacks\nl-NL\" allowOverwrite="true" deleteTargetDirectory="false"/>
			</Directories>
		</mi:Add>

	</mi:PackageFragmentInstallers>
</mi:PackageInstaller>