<?xml version="1.0" standalone="yes"?>
<mi:PackageInstaller xmlns:mi="http://www.composite.net/ns/management/packageinstaller/1.0">
	<mi:PackageRequirements minimumCompositeVersion="2.1.4055.27225" maximumCompositeVersion="9.9999.9999.9999" />
	<mi:PackageInformation name="Composite.Localization.C1Console.German" groupName="Composite.Localization" version="1.0.2" author="Composite A/S" website="www.composite.net" readMoreUrl="http://docs.composite.net/Composite.Localization.C1Console" id="1368aadf-bbd3-43ee-b2d1-fc8787d41eb0" canBeUninstalled="true" systemLocking="hard" flushOnCompletion="false">
		<Description>German language pack for the console GUI</Description>
		<TechnicalDetails>German language pack for the console GUI.</TechnicalDetails>
	</mi:PackageInformation>
	<mi:PackageFragmentInstallerBinaries />
	<mi:PackageFragmentInstallers>
		<mi:Add installerType="Composite.Core.PackageSystem.PackageFragmentInstallers.ConfigurationTransformationPackageFragmentInstaller, Composite" uninstallerType="Composite.Core.PackageSystem.PackageFragmentInstallers.ConfigurationTransformationPackageFragmentUninstaller, Composite">
			<Install xsltFilePath="~\Config\Install.xsl" />
			<Uninstall xsltFilePath="~\Config\Uninstall.xsl" />
		</mi:Add>
		<mi:Add installerType="Composite.Core.PackageSystem.PackageFragmentInstallers.FilePackageFragmentInstaller, Composite" uninstallerType="Composite.Core.PackageSystem.PackageFragmentInstallers.FilePackageFragmentUninstaller, Composite">
			<Directories>
				<Directory sourceDirectory="~\App_Data\Composite\LanguagePacks\de-DE\" targetDirectory="~\App_Data\Composite\LanguagePacks\de-DE\" allowOverwrite="true" deleteTargetDirectory="false"/>
			</Directories>
		</mi:Add>
		<mi:Add installerType="Composite.Core.PackageSystem.PackageFragmentInstallers.DataPackageFragmentInstaller, Composite" uninstallerType="Composite.Core.PackageSystem.PackageFragmentInstallers.DataPackageFragmentUninstaller, Composite">
			<Types />
		</mi:Add>
	</mi:PackageFragmentInstallers>
</mi:PackageInstaller>