<?xml version="1.0" standalone="yes"?>
<mi:PackageInstaller xmlns:mi="http://www.composite.net/ns/management/packageinstaller/1.0">
  <mi:PackageRequirements minimumCompositeVersion="4.1.0.0" maximumCompositeVersion="9.9999.9999.9999" />
  <mi:PackageInformation name="Composite.Media.ImageGallery.Slimbox2" groupName="Composite.Media" version="1.1.11" author="Composite A/S" readMoreUrl="http://docs.composite.net/Composite.Media.ImageGallery.Slimbox2" website="http://composite.net" id="e41ec59b-1e4c-42e9-8682-21806ae3072b" canBeUninstalled="true" systemLocking="hard" flushOnCompletion="false">
    <TechnicalDetails>Displays a gallery of images on a page using Slimbox 2 (http://www.digitalia.be/software/slimbox2), a highly customizable gallery/showcase plugin for jQuery.</TechnicalDetails>
    <Description>Displays a gallery of images on a page using Slimbox 2 (http://www.digitalia.be/software/slimbox2), a highly customizable gallery/showcase plugin for jQuery.</Description>
  </mi:PackageInformation>
  <mi:PackageFragmentInstallerBinaries />
  <mi:PackageFragmentInstallers>
    <mi:Add installerType="Composite.Core.PackageSystem.PackageFragmentInstallers.FilePackageFragmentInstaller, Composite" uninstallerType="Composite.Core.PackageSystem.PackageFragmentInstallers.FilePackageFragmentUninstaller, Composite">
      <Files>
        <File sourceFilename="~\App_Data/Razor/Composite/Media/ImageGallery/Slimbox2.cshtml" targetFilename="~\App_Data/Razor/Composite/Media/ImageGallery/Slimbox2.cshtml" allowOverwrite="false" />
      </Files>
      <Directories>
        <Directory sourceDirectory="~\Frontend\Composite\Media\ImageGallery\Slimbox-2\" targetDirectory="~\Frontend\Composite\Media\ImageGallery\Slimbox-2\" allowOverwrite="true" deleteTargetDirectory="false" />
      </Directories>
    </mi:Add>
  </mi:PackageFragmentInstallers>
</mi:PackageInstaller>