﻿<?xml version="1.0" encoding="utf-8"?>
<Data>
  <Add XsltFunctionId="fd0bc9a0-3958-411b-bc27-b52a40b78e24" Name="CurrentCulture" SerializedFunction="&lt;f:function xmlns:f=&quot;http://www.composite.net/ns/function/1.0&quot; name=&quot;Composite.Utils.Globalization.CurrentCulture&quot; /&gt;" />
  <Add XsltFunctionId="cfc89e78-d045-4c38-a4de-a0216f9f1f29" Name="QueryStringValue" SerializedFunction="&lt;f:function xmlns:f=&quot;http://www.composite.net/ns/function/1.0&quot; name=&quot;Composite.Web.Request.QueryStringValue&quot;&gt;&lt;f:param name=&quot;ParameterName&quot; value=&quot;SearchQuery&quot; /&gt;&lt;/f:function&gt;" />
  <Add XsltFunctionId="c4d22f59-9bf8-42e7-adef-2b5956088c31" Name="DateFormatting" SerializedFunction="&lt;f:function xmlns:f=&quot;http://www.composite.net/ns/function/1.0&quot; name=&quot;Composite.Xslt.Extensions.DateFormatting&quot; /&gt;" />
  <Add XsltFunctionId="c4d22f59-9bf8-42e7-adef-2b5956088c31" Name="GetNewsXml" SerializedFunction="&lt;f:function xmlns:f=&quot;http://www.composite.net/ns/function/1.0&quot; name=&quot;Omnicorp.Content.News.GetNewsXml&quot;&gt;&lt;f:param name=&quot;PropertyNames&quot;&gt;&lt;f:paramelement value=&quot;Date&quot; /&gt;&lt;f:paramelement value=&quot;Title&quot; /&gt;&lt;f:paramelement value=&quot;Summary&quot; /&gt;&lt;f:paramelement value=&quot;Content&quot; /&gt;&lt;/f:param&gt;&lt;f:param name=&quot;OrderByField&quot; value=&quot;Date&quot; /&gt;&lt;f:param name=&quot;OrderAscending&quot; value=&quot;False&quot; /&gt;&lt;/f:function&gt;" />
  <Add XsltFunctionId="c4d22f59-9bf8-42e7-adef-2b5956088c31" Name="GetPageId" SerializedFunction="&lt;f:function xmlns:f=&quot;http://www.composite.net/ns/function/1.0&quot; name=&quot;Composite.Pages.GetPageId&quot; /&gt;" />
  <Add XsltFunctionId="c4d22f59-9bf8-42e7-adef-2b5956088c31" Name="MarkupParser" SerializedFunction="&lt;f:function xmlns:f=&quot;http://www.composite.net/ns/function/1.0&quot; name=&quot;Composite.Xslt.Extensions.MarkupParser&quot; /&gt;" />
  <Add XsltFunctionId="c4d22f59-9bf8-42e7-adef-2b5956088c31" Name="QueryStringValue" SerializedFunction="&lt;f:function xmlns:f=&quot;http://www.composite.net/ns/function/1.0&quot; name=&quot;Composite.Web.Request.QueryStringValue&quot;&gt;&lt;f:param name=&quot;ParameterName&quot; value=&quot;story&quot; /&gt;&lt;/f:function&gt;" />
  <Add XsltFunctionId="cd631589-d18e-47b4-8b5a-1cc3b3b1d0f9" Name="GetAllSpotsXml" SerializedFunction="&lt;f:function xmlns:f=&quot;http://www.composite.net/ns/function/1.0&quot; name=&quot;Omnicorp.Content.AllSpots.GetAllSpotsXml&quot;&gt;&lt;f:param name=&quot;PropertyNames&quot;&gt;&lt;f:paramelement value=&quot;Id&quot; /&gt;&lt;f:paramelement value=&quot;Title&quot; /&gt;&lt;f:paramelement value=&quot;Content&quot; /&gt;&lt;f:paramelement value=&quot;UseRandom&quot; /&gt;&lt;f:paramelement value=&quot;CultureName&quot; /&gt;&lt;f:paramelement value=&quot;SourceCultureName&quot; /&gt;&lt;/f:param&gt;&lt;f:param xmlns:f=&quot;http://www.composite.net/ns/function/1.0&quot; name=&quot;Filter&quot;&gt;&lt;f:function xmlns:f=&quot;http://www.composite.net/ns/function/1.0&quot; name=&quot;Omnicorp.Content.AllSpots.FieldPredicatesFilter&quot;&gt;&lt;f:param xmlns:f=&quot;http://www.composite.net/ns/function/1.0&quot; name=&quot;UseRandom&quot;&gt;&lt;f:function xmlns:f=&quot;http://www.composite.net/ns/function/1.0&quot; name=&quot;Composite.Utils.Predicates.BoolEquals&quot;&gt;&lt;f:param name=&quot;Value&quot; value=&quot;True&quot; /&gt;&lt;/f:function&gt;&lt;/f:param&gt;&lt;/f:function&gt;&lt;/f:param&gt;&lt;f:param xmlns:f=&quot;http://www.composite.net/ns/function/1.0&quot; name=&quot;PageSize&quot;&gt;&lt;f:function xmlns:f=&quot;http://www.composite.net/ns/function/1.0&quot; name=&quot;Composite.Utils.GetInputParameter&quot;&gt;&lt;f:param name=&quot;InputParameterName&quot; value=&quot;SpotCount&quot; /&gt;&lt;/f:function&gt;&lt;/f:param&gt;&lt;f:param name=&quot;Randomized&quot; value=&quot;True&quot; /&gt;&lt;/f:function&gt;" />
  <Add XsltFunctionId="cd631589-d18e-47b4-8b5a-1cc3b3b1d0f9" Name="MarkupParser" SerializedFunction="&lt;f:function xmlns:f=&quot;http://www.composite.net/ns/function/1.0&quot; name=&quot;Composite.Xslt.Extensions.MarkupParser&quot; /&gt;" />
  <Add XsltFunctionId="b69913b0-2ebf-4bf6-b12e-3571a06135f9" Name="GetAllSpotsXml" SerializedFunction="&lt;f:function xmlns:f=&quot;http://www.composite.net/ns/function/1.0&quot; name=&quot;Omnicorp.Content.AllSpots.GetAllSpotsXml&quot;&gt;&lt;f:param name=&quot;PropertyNames&quot;&gt;&lt;f:paramelement value=&quot;Id&quot; /&gt;&lt;f:paramelement value=&quot;Title&quot; /&gt;&lt;f:paramelement value=&quot;Content&quot; /&gt;&lt;/f:param&gt;&lt;f:param name=&quot;CachePriority&quot; value=&quot;Disabled&quot; /&gt;&lt;/f:function&gt;" />
  <Add XsltFunctionId="b69913b0-2ebf-4bf6-b12e-3571a06135f9" Name="GetPageSpotsXml" SerializedFunction="&lt;f:function xmlns:f=&quot;http://www.composite.net/ns/function/1.0&quot; name=&quot;Omnicorp.Content.PageSpots.GetPageSpotsXml&quot;&gt;&lt;f:param name=&quot;PropertyNames&quot;&gt;&lt;f:paramelement value=&quot;Id&quot; /&gt;&lt;f:paramelement value=&quot;Spots&quot; /&gt;&lt;f:paramelement value=&quot;PageId.Id&quot; /&gt;&lt;/f:param&gt;&lt;f:param xmlns:f=&quot;http://www.composite.net/ns/function/1.0&quot; name=&quot;Filter&quot;&gt;&lt;f:function xmlns:f=&quot;http://www.composite.net/ns/function/1.0&quot; name=&quot;Omnicorp.Content.PageSpots.ActivePageReferenceFilter&quot;&gt;&lt;f:param name=&quot;SitemapScope&quot; value=&quot;AncestorsAndCurrent&quot; /&gt;&lt;/f:function&gt;&lt;/f:param&gt;&lt;f:param name=&quot;CachePriority&quot; value=&quot;Disabled&quot; /&gt;&lt;/f:function&gt;" />
  <Add XsltFunctionId="b69913b0-2ebf-4bf6-b12e-3571a06135f9" Name="MarkupParser" SerializedFunction="&lt;f:function xmlns:f=&quot;http://www.composite.net/ns/function/1.0&quot; name=&quot;Composite.Xslt.Extensions.MarkupParser&quot; /&gt;" />
  <Add XsltFunctionId="b69913b0-2ebf-4bf6-b12e-3571a06135f9" Name="SitemapXml" SerializedFunction="&lt;f:function xmlns:f=&quot;http://www.composite.net/ns/function/1.0&quot; name=&quot;Composite.Pages.SitemapXml&quot; /&gt;" />
  <Add XsltFunctionId="114817dc-d6a9-4b8e-837d-04689bbd2d13" Name="GetSplashImageXml" SerializedFunction="&lt;f:function xmlns:f=&quot;http://www.composite.net/ns/function/1.0&quot; name=&quot;Omnicorp.Layout.SplashImage.GetSplashImageXml&quot;&gt;&lt;f:param name=&quot;PropertyNames&quot;&gt;&lt;f:paramelement value=&quot;Id&quot; /&gt;&lt;f:paramelement value=&quot;Image.CompositePath&quot; /&gt;&lt;f:paramelement value=&quot;PageId.Id&quot; /&gt;&lt;/f:param&gt;&lt;f:param xmlns:f=&quot;http://www.composite.net/ns/function/1.0&quot; name=&quot;Filter&quot;&gt;&lt;f:function xmlns:f=&quot;http://www.composite.net/ns/function/1.0&quot; name=&quot;Omnicorp.Layout.SplashImage.ActivePageReferenceFilter&quot;&gt;&lt;f:param name=&quot;SitemapScope&quot; value=&quot;AncestorsAndCurrent&quot; /&gt;&lt;/f:function&gt;&lt;/f:param&gt;&lt;/f:function&gt;" />
  <Add XsltFunctionId="114817dc-d6a9-4b8e-837d-04689bbd2d13" Name="SitemapXml" SerializedFunction="&lt;f:function xmlns:f=&quot;http://www.composite.net/ns/function/1.0&quot; name=&quot;Composite.Pages.SitemapXml&quot; /&gt;" />
  <Add XsltFunctionId="114817dc-d6a9-4b8e-837d-04689bbd2d13" Name="ApplicationPath" SerializedFunction="&lt;f:function xmlns:f=&quot;http://www.composite.net/ns/function/1.0&quot; name=&quot;Composite.Web.Server.ApplicationPath&quot; /&gt;" />
  <Add XsltFunctionId="e4e23060-61b0-4ea0-84e9-323f8a558c51" Name="GetSplashTextXml" SerializedFunction="&lt;f:function xmlns:f=&quot;http://www.composite.net/ns/function/1.0&quot; name=&quot;Omnicorp.Layout.SplashText.GetSplashTextXml&quot;&gt;&lt;f:param name=&quot;PropertyNames&quot;&gt;&lt;f:paramelement value=&quot;SplashText&quot; /&gt;&lt;/f:param&gt;&lt;f:param xmlns:f=&quot;http://www.composite.net/ns/function/1.0&quot; name=&quot;Filter&quot;&gt;&lt;f:function xmlns:f=&quot;http://www.composite.net/ns/function/1.0&quot; name=&quot;Omnicorp.Layout.SplashText.ActivePageReferenceFilter&quot;&gt;&lt;f:param name=&quot;SitemapScope&quot; value=&quot;Current&quot; /&gt;&lt;/f:function&gt;&lt;/f:param&gt;&lt;/f:function&gt;" />
  <Add XsltFunctionId="88970a84-4a58-4a7d-8a84-9712ed60351a" Name="CurrentCulture" SerializedFunction="&lt;f:function xmlns:f=&quot;http://www.composite.net/ns/function/1.0&quot; name=&quot;Composite.Utils.Globalization.CurrentCulture&quot; /&gt;" />
  <Add XsltFunctionId="88970a84-4a58-4a7d-8a84-9712ed60351a" Name="DateFormatting" SerializedFunction="&lt;f:function xmlns:f=&quot;http://www.composite.net/ns/function/1.0&quot; name=&quot;Composite.Xslt.Extensions.DateFormatting&quot; /&gt;" />
  <Add XsltFunctionId="88970a84-4a58-4a7d-8a84-9712ed60351a" Name="GetForeignPageInfo" SerializedFunction="&lt;f:function xmlns:f=&quot;http://www.composite.net/ns/function/1.0&quot; name=&quot;Composite.Pages.GetForeignPageInfo&quot; /&gt;" />
  <Add XsltFunctionId="88970a84-4a58-4a7d-8a84-9712ed60351a" Name="Now" SerializedFunction="&lt;f:function xmlns:f=&quot;http://www.composite.net/ns/function/1.0&quot; name=&quot;Composite.Utils.Date.Now&quot; /&gt;" />
  <Add XsltFunctionId="88970a84-4a58-4a7d-8a84-9712ed60351a" Name="SitemapXml" SerializedFunction="&lt;f:function xmlns:f=&quot;http://www.composite.net/ns/function/1.0&quot; name=&quot;Composite.Pages.SitemapXml&quot; /&gt;" />
  <Add XsltFunctionId="5035edcf-309e-4f20-844c-7462893801c0" Name="SitemapXml" SerializedFunction="&lt;f:function xmlns:f=&quot;http://www.composite.net/ns/function/1.0&quot; name=&quot;Composite.Pages.SitemapXml&quot; /&gt;" />
  <Add XsltFunctionId="07940099-9b6e-441e-8fb5-f97a13748ae9" Name="SitemapXml" SerializedFunction="&lt;f:function xmlns:f=&quot;http://www.composite.net/ns/function/1.0&quot; name=&quot;Composite.Pages.SitemapXml&quot; /&gt;" />
  <Add XsltFunctionId="b2e98ccf-e1fe-4f2d-85d1-b3b79099f797" Name="SitemapXml" SerializedFunction="&lt;f:function xmlns:f=&quot;http://www.composite.net/ns/function/1.0&quot; name=&quot;Composite.Pages.SitemapXml&quot; /&gt;" />
</Data>