﻿<?xml version="1.0" encoding="utf-8"?>
<Data>
  <Add Id="a874d2b6-314f-4db6-8ee6-2b736ad57594" TemplateId="a0a572ad-6b3c-471d-a771-389d4e3a0454" PageTypeId="162ceadc-deba-4eed-8c19-fa26fd4047c3" Title="About 4" MenuTitle="About 4" UrlTitle="About-4" FriendlyUrl="" Description="" ChangeDate="2012-11-07 13:10:37Z" ChangedBy="admin" PublicationStatus="published" CultureName="en-GB" SourceCultureName="en-GB" />
  <Add Id="dd7ec1e9-2498-4117-8698-320fb31ba70c" TemplateId="c33157d6-6bd6-45e6-869b-d1aceba7bb63" PageTypeId="162ceadc-deba-4eed-8c19-fa26fd4047c3" Title="Projects 4" MenuTitle="Projects 4" UrlTitle="Projects-4" FriendlyUrl="" Description="" ChangeDate="2012-11-07 13:10:37Z" ChangedBy="admin" PublicationStatus="published" CultureName="en-GB" SourceCultureName="en-GB" />
  <Add Id="143bc4f6-782e-4044-8e6e-decc19e4976e" TemplateId="a0a572ad-6b3c-471d-a771-389d4e3a0454" PageTypeId="162ceadc-deba-4eed-8c19-fa26fd4047c3" Title="About 1.3" MenuTitle="About 1.3" UrlTitle="About-13" FriendlyUrl="" Description="" ChangeDate="2012-11-07 13:10:37Z" ChangedBy="admin" PublicationStatus="published" CultureName="en-GB" SourceCultureName="en-GB" />
  <Add Id="a5f19a94-994f-45b0-b8ce-aa0f1b2e6d96" TemplateId="38997991-c5b0-4aae-884d-3237987c0d7b" PageTypeId="bea4f923-4b10-44e7-b290-c2c0ca671ea7" Title="Blog" MenuTitle="Blog" UrlTitle="Blog" FriendlyUrl="" Description="" ChangeDate="2012-11-07 13:17:33Z" ChangedBy="admin" PublicationStatus="published" CultureName="en-GB" SourceCultureName="en-GB" />
  <Add Id="fc84df32-5144-4602-9247-8f527f4bf15c" TemplateId="a0a572ad-6b3c-471d-a771-389d4e3a0454" PageTypeId="162ceadc-deba-4eed-8c19-fa26fd4047c3" Title="Archived news" MenuTitle="News archive" UrlTitle="News-archive" FriendlyUrl="" Description="" ChangeDate="2012-11-07 13:10:37Z" ChangedBy="admin" PublicationStatus="published" CultureName="en-GB" SourceCultureName="en-GB" />
  <Add Id="ca8c4bdb-3483-4771-8a05-5dc9fc29c82e" TemplateId="c33157d6-6bd6-45e6-869b-d1aceba7bb63" PageTypeId="162ceadc-deba-4eed-8c19-fa26fd4047c3" Title="Working with Tools" MenuTitle="Working with Tools" UrlTitle="Working-with-Tools" FriendlyUrl="" Description="" ChangeDate="2012-11-07 13:10:37Z" ChangedBy="admin" PublicationStatus="published" CultureName="en-GB" SourceCultureName="en-GB" />
  <Add Id="59811f04-b051-439e-aedf-441ea18532e1" TemplateId="c33157d6-6bd6-45e6-869b-d1aceba7bb63" PageTypeId="162ceadc-deba-4eed-8c19-fa26fd4047c3" Title="Move Pages" MenuTitle="Move Pages" UrlTitle="Move-Pages" FriendlyUrl="" Description="" ChangeDate="2012-11-07 13:10:37Z" ChangedBy="admin" PublicationStatus="published" CultureName="en-GB" SourceCultureName="en-GB" />
  <Add Id="1f95c63e-7bda-4b7f-93ad-d168e79caba9" TemplateId="78b4bacb-1bb6-4b28-9b39-2148e0223f90" PageTypeId="162ceadc-deba-4eed-8c19-fa26fd4047c3" Title="Privacy" MenuTitle="" UrlTitle="Privacy" FriendlyUrl="" Description="" ChangeDate="2012-11-07 13:10:37Z" ChangedBy="admin" PublicationStatus="published" CultureName="en-GB" SourceCultureName="en-GB" />
  <Add Id="ce057106-d785-4a34-89b8-acc10e3adaa6" TemplateId="c33157d6-6bd6-45e6-869b-d1aceba7bb63" PageTypeId="162ceadc-deba-4eed-8c19-fa26fd4047c3" Title="Projects 2" MenuTitle="Projects 2" UrlTitle="Projects-2" FriendlyUrl="" Description="" ChangeDate="2012-11-07 13:10:37Z" ChangedBy="admin" PublicationStatus="published" CultureName="en-GB" SourceCultureName="en-GB" />
  <Add Id="af988855-1f35-474b-9b36-4f3fe36b849e" TemplateId="a0a572ad-6b3c-471d-a771-389d4e3a0454" PageTypeId="162ceadc-deba-4eed-8c19-fa26fd4047c3" Title="About 2" MenuTitle="About 2" UrlTitle="About-2" FriendlyUrl="" Description="" ChangeDate="2012-11-07 13:10:37Z" ChangedBy="admin" PublicationStatus="published" CultureName="en-GB" SourceCultureName="en-GB" />
  <Add Id="eab5e806-caed-4d71-8268-7b57fe61b30a" TemplateId="c33157d6-6bd6-45e6-869b-d1aceba7bb63" PageTypeId="162ceadc-deba-4eed-8c19-fa26fd4047c3" Title="Preview a Page" MenuTitle="Preview a Page" UrlTitle="Preview-Page" FriendlyUrl="" Description="" ChangeDate="2012-11-07 13:10:37Z" ChangedBy="admin" PublicationStatus="published" CultureName="en-GB" SourceCultureName="en-GB" />
  <Add Id="dcf17a8b-f9b9-4eb2-a341-475cb7f4299e" TemplateId="01364759-0c32-45ba-a1c2-321fcf375e60" PageTypeId="162ceadc-deba-4eed-8c19-fa26fd4047c3" Title="Sitemap" MenuTitle="" UrlTitle="Sitemap" FriendlyUrl="" Description="" ChangeDate="2012-11-07 13:10:37Z" ChangedBy="admin" PublicationStatus="published" CultureName="en-GB" SourceCultureName="en-GB" />
  <Add Id="e64743ad-d98a-4380-9bc8-0862f1974acc" TemplateId="a0a572ad-6b3c-471d-a771-389d4e3a0454" PageTypeId="162ceadc-deba-4eed-8c19-fa26fd4047c3" Title="About 3" MenuTitle="About 3" UrlTitle="About-3" FriendlyUrl="" Description="" ChangeDate="2012-11-07 13:10:37Z" ChangedBy="admin" PublicationStatus="published" CultureName="en-GB" SourceCultureName="en-GB" />
  <Add Id="e59b5870-4bb0-416e-b759-05b50339303d" TemplateId="c33157d6-6bd6-45e6-869b-d1aceba7bb63" PageTypeId="162ceadc-deba-4eed-8c19-fa26fd4047c3" Title="Publish a Page" MenuTitle="Publish a Page" UrlTitle="Publish-Page" FriendlyUrl="" Description="" ChangeDate="2012-11-07 13:10:37Z" ChangedBy="admin" PublicationStatus="published" CultureName="en-GB" SourceCultureName="en-GB" />
  <Add Id="f95261d2-dc5e-4304-9a2d-ef27a18e63b8" TemplateId="38997991-c5b0-4aae-884d-3237987c0d7b" PageTypeId="162ceadc-deba-4eed-8c19-fa26fd4047c3" Title="Search" MenuTitle="" UrlTitle="Search" FriendlyUrl="" Description="" ChangeDate="2012-11-07 13:10:37Z" ChangedBy="admin" PublicationStatus="published" CultureName="en-GB" SourceCultureName="en-GB" />
  <Add Id="23958ceb-a18f-4f04-b507-ff76adc927ab" TemplateId="c33157d6-6bd6-45e6-869b-d1aceba7bb63" PageTypeId="162ceadc-deba-4eed-8c19-fa26fd4047c3" Title="Manual" MenuTitle="Manual" UrlTitle="Manual" FriendlyUrl="" Description="" ChangeDate="2012-11-07 13:10:37Z" ChangedBy="admin" PublicationStatus="published" CultureName="en-GB" SourceCultureName="en-GB" />
  <Add Id="cfb8b462-9f53-4685-a5cb-d17d67dd8357" TemplateId="a0a572ad-6b3c-471d-a771-389d4e3a0454" PageTypeId="162ceadc-deba-4eed-8c19-fa26fd4047c3" Title="About Us" MenuTitle="About Us" UrlTitle="About-Us" FriendlyUrl="" Description="" ChangeDate="2012-11-07 13:10:37Z" ChangedBy="admin" PublicationStatus="published" CultureName="en-GB" SourceCultureName="en-GB" />
  <Add Id="1498a326-f0ff-4742-a7eb-742511a9863f" TemplateId="c33157d6-6bd6-45e6-869b-d1aceba7bb63" PageTypeId="162ceadc-deba-4eed-8c19-fa26fd4047c3" Title="Edit Content" MenuTitle="Edit Content" UrlTitle="Edit-Page" FriendlyUrl="" Description="" ChangeDate="2012-11-07 13:10:37Z" ChangedBy="admin" PublicationStatus="published" CultureName="en-GB" SourceCultureName="en-GB" />
  <Add Id="850c1c4b-71c6-408d-aa8b-409fdca3a676" TemplateId="c33157d6-6bd6-45e6-869b-d1aceba7bb63" PageTypeId="162ceadc-deba-4eed-8c19-fa26fd4047c3" Title="Projects 1" MenuTitle="Projects 1" UrlTitle="Projects-1" FriendlyUrl="" Description="" ChangeDate="2012-11-07 13:10:37Z" ChangedBy="admin" PublicationStatus="published" CultureName="en-GB" SourceCultureName="en-GB" />
  <Add Id="e895b7ab-8ffb-486f-b2a1-5cb893a5113a" TemplateId="a0a572ad-6b3c-471d-a771-389d4e3a0454" PageTypeId="162ceadc-deba-4eed-8c19-fa26fd4047c3" Title="About 1.1" MenuTitle="About 1.1" UrlTitle="About-11" FriendlyUrl="" Description="" ChangeDate="2012-11-07 13:10:37Z" ChangedBy="admin" PublicationStatus="published" CultureName="en-GB" SourceCultureName="en-GB" />
  <Add Id="a822a354-2a03-46f3-8b5f-8ee23ad25dd9" TemplateId="c33157d6-6bd6-45e6-869b-d1aceba7bb63" PageTypeId="162ceadc-deba-4eed-8c19-fa26fd4047c3" Title="Projects 3" MenuTitle="Projects 3" UrlTitle="Projects-3" FriendlyUrl="" Description="" ChangeDate="2012-11-07 13:10:37Z" ChangedBy="admin" PublicationStatus="published" CultureName="en-GB" SourceCultureName="en-GB" />
  <Add Id="69f9e0f1-e2ce-4b99-a1ba-5117964b0793" TemplateId="78b4bacb-1bb6-4b28-9b39-2148e0223f90" PageTypeId="162ceadc-deba-4eed-8c19-fa26fd4047c3" Title="The Composite C1 Demo Company" MenuTitle="Home" UrlTitle="" FriendlyUrl="" Description="Welcome to your Composite C1 demo" ChangeDate="2012-11-07 13:10:37Z" ChangedBy="admin" PublicationStatus="published" CultureName="en-GB" SourceCultureName="en-GB" />
  <Add Id="c15634b0-7467-4880-9ca8-d2194a524001" TemplateId="a0a572ad-6b3c-471d-a771-389d4e3a0454" PageTypeId="162ceadc-deba-4eed-8c19-fa26fd4047c3" Title="About 1.2" MenuTitle="About 1.2" UrlTitle="About-12" FriendlyUrl="" Description="" ChangeDate="2012-11-07 13:10:37Z" ChangedBy="admin" PublicationStatus="published" CultureName="en-GB" SourceCultureName="en-GB" />
  <Add Id="d2c05ce4-d7b2-41a9-82e9-24101887c1a8" TemplateId="a0a572ad-6b3c-471d-a771-389d4e3a0454" PageTypeId="162ceadc-deba-4eed-8c19-fa26fd4047c3" Title="Projects" MenuTitle="Projects" UrlTitle="Projects" FriendlyUrl="" Description="" ChangeDate="2012-11-07 13:10:37Z" ChangedBy="admin" PublicationStatus="published" CultureName="en-GB" SourceCultureName="en-GB" />
  <Add Id="ca9e99df-2aca-46f6-a577-fe85f43000bb" TemplateId="78b4bacb-1bb6-4b28-9b39-2148e0223f90" PageTypeId="162ceadc-deba-4eed-8c19-fa26fd4047c3" Title="Terms" MenuTitle="" UrlTitle="Terms" FriendlyUrl="" Description="" ChangeDate="2012-11-07 13:10:37Z" ChangedBy="admin" PublicationStatus="published" CultureName="en-GB" SourceCultureName="en-GB" />
  <Add Id="22ac7b01-d466-458c-a2db-576d7097a6ea" TemplateId="a0a572ad-6b3c-471d-a771-389d4e3a0454" PageTypeId="162ceadc-deba-4eed-8c19-fa26fd4047c3" Title="About 1" MenuTitle="About 1" UrlTitle="About-1" FriendlyUrl="" Description="" ChangeDate="2012-11-07 13:10:37Z" ChangedBy="admin" PublicationStatus="published" CultureName="en-GB" SourceCultureName="en-GB" />
  <Add Id="398932b1-314b-4baf-b3f0-b1445f806aae" TemplateId="a0a572ad-6b3c-471d-a771-389d4e3a0454" PageTypeId="162ceadc-deba-4eed-8c19-fa26fd4047c3" Title="News" MenuTitle="News" UrlTitle="News" FriendlyUrl="" Description="" ChangeDate="2012-11-07 13:10:37Z" ChangedBy="admin" PublicationStatus="published" CultureName="en-GB" SourceCultureName="en-GB" />
  <Add Id="0e5ab38e-0463-4003-907f-40d7d9eaf50f" TemplateId="c33157d6-6bd6-45e6-869b-d1aceba7bb63" PageTypeId="162ceadc-deba-4eed-8c19-fa26fd4047c3" Title="Upload a Media File" MenuTitle="Upload a Media File" UrlTitle="UploadMedia" FriendlyUrl="" Description="" ChangeDate="2012-11-07 13:10:37Z" ChangedBy="admin" PublicationStatus="published" CultureName="en-GB" SourceCultureName="en-GB" />
  <Add Id="7ead8cee-af5c-4a18-9f14-3fcf282358fc" TemplateId="c33157d6-6bd6-45e6-869b-d1aceba7bb63" PageTypeId="162ceadc-deba-4eed-8c19-fa26fd4047c3" Title="Use the SEO Assistant" MenuTitle="Use the SEO Assistant" UrlTitle="SEOAssistant" FriendlyUrl="" Description="" ChangeDate="2012-11-07 13:10:37Z" ChangedBy="admin" PublicationStatus="published" CultureName="en-GB" SourceCultureName="en-GB" />
  <Add Id="be41b811-b03f-4323-82f9-f4013fef00b2" TemplateId="c33157d6-6bd6-45e6-869b-d1aceba7bb63" PageTypeId="162ceadc-deba-4eed-8c19-fa26fd4047c3" Title="Insert an Image" MenuTitle="Insert an Image" UrlTitle="InsertImage" FriendlyUrl="" Description="" ChangeDate="2012-11-07 13:10:37Z" ChangedBy="admin" PublicationStatus="published" CultureName="en-GB" SourceCultureName="en-GB" />
  <Add Id="67fbca08-fd0e-472d-a836-0bc496191937" TemplateId="c33157d6-6bd6-45e6-869b-d1aceba7bb63" PageTypeId="162ceadc-deba-4eed-8c19-fa26fd4047c3" Title="Use the Page Browser" MenuTitle="Use the Page Browser" UrlTitle="Use-the-Page-Browser" FriendlyUrl="" Description="" ChangeDate="2012-11-07 13:10:37Z" ChangedBy="admin" PublicationStatus="published" CultureName="en-GB" SourceCultureName="en-GB" />
  <Add Id="69341281-7ca9-4922-b17d-f2d1962fadbd" TemplateId="c33157d6-6bd6-45e6-869b-d1aceba7bb63" PageTypeId="162ceadc-deba-4eed-8c19-fa26fd4047c3" Title="Working with Media" MenuTitle="Working with Media" UrlTitle="Working-with-Media" FriendlyUrl="" Description="" ChangeDate="2012-11-07 13:10:37Z" ChangedBy="admin" PublicationStatus="published" CultureName="en-GB" SourceCultureName="en-GB" />
  <Add Id="6827f674-8948-4f15-94dc-8069bda47822" TemplateId="c33157d6-6bd6-45e6-869b-d1aceba7bb63" PageTypeId="162ceadc-deba-4eed-8c19-fa26fd4047c3" Title="Add a Style" MenuTitle="Add a Style" UrlTitle="Add-Style" FriendlyUrl="" Description="" ChangeDate="2012-11-07 13:10:37Z" ChangedBy="admin" PublicationStatus="published" CultureName="en-GB" SourceCultureName="en-GB" />
  <Add Id="9c1cf9e7-a771-4b0a-817e-2cd0b69709bc" TemplateId="c33157d6-6bd6-45e6-869b-d1aceba7bb63" PageTypeId="162ceadc-deba-4eed-8c19-fa26fd4047c3" Title="Working with Pages" MenuTitle="Working with Pages" UrlTitle="Working-with-Pages" FriendlyUrl="" Description="" ChangeDate="2012-11-07 13:10:37Z" ChangedBy="admin" PublicationStatus="published" CultureName="en-GB" SourceCultureName="en-GB" />
  <Add Id="c9f9bd57-b5fe-49b4-87b4-28d4f447d781" TemplateId="c33157d6-6bd6-45e6-869b-d1aceba7bb63" PageTypeId="162ceadc-deba-4eed-8c19-fa26fd4047c3" Title="Insert Text" MenuTitle="Insert Text" UrlTitle="Insert-Text" FriendlyUrl="" Description="" ChangeDate="2012-11-07 13:10:37Z" ChangedBy="admin" PublicationStatus="published" CultureName="en-GB" SourceCultureName="en-GB" />
  <Add Id="4617564e-3528-4f3b-af2c-72c4e83783a8" TemplateId="c33157d6-6bd6-45e6-869b-d1aceba7bb63" PageTypeId="162ceadc-deba-4eed-8c19-fa26fd4047c3" Title="Insert a Flash Movie" MenuTitle="Insert a Flash Movie" UrlTitle="Insert-Flash" FriendlyUrl="" Description="" ChangeDate="2012-11-07 13:10:37Z" ChangedBy="admin" PublicationStatus="published" CultureName="en-GB" SourceCultureName="en-GB" />
  <Add Id="6f11338c-3f6a-4b2a-953d-f25ec8571dc3" TemplateId="c33157d6-6bd6-45e6-869b-d1aceba7bb63" PageTypeId="162ceadc-deba-4eed-8c19-fa26fd4047c3" Title="Create a Page" MenuTitle="Create a Page" UrlTitle="Create-Page" FriendlyUrl="" Description="" ChangeDate="2012-11-07 13:10:37Z" ChangedBy="admin" PublicationStatus="published" CultureName="en-GB" SourceCultureName="en-GB" />
  <Add Id="6bc139a9-8966-4900-b9eb-dfdd9ec983ae" TemplateId="c33157d6-6bd6-45e6-869b-d1aceba7bb63" PageTypeId="162ceadc-deba-4eed-8c19-fa26fd4047c3" Title="Insert a Table" MenuTitle="Insert a Table" UrlTitle="Insert-Table" FriendlyUrl="" Description="" ChangeDate="2012-11-07 13:10:37Z" ChangedBy="admin" PublicationStatus="published" CultureName="en-GB" SourceCultureName="en-GB" />
</Data>