﻿<?xml version="1.0" encoding="utf-8"?>
<Data>
  <Add Id="49279e98-8835-4bee-b906-daba0b915963" ParentId="69f9e0f1-e2ce-4b99-a1ba-5117964b0793" LocalOrdering="1" />
  <Add Id="dd7ec1e9-2498-4117-8698-320fb31ba70c" ParentId="d2c05ce4-d7b2-41a9-82e9-24101887c1a8" LocalOrdering="3" />
  <Add Id="a5f19a94-994f-45b0-b8ce-aa0f1b2e6d96" ParentId="69f9e0f1-e2ce-4b99-a1ba-5117964b0793" LocalOrdering="4" />
  <Add Id="fc84df32-5144-4602-9247-8f527f4bf15c" ParentId="398932b1-314b-4baf-b3f0-b1445f806aae" LocalOrdering="0" />
  <Add Id="ca8c4bdb-3483-4771-8a05-5dc9fc29c82e" ParentId="23958ceb-a18f-4f04-b507-ff76adc927ab" LocalOrdering="2" />
  <Add Id="59811f04-b051-439e-aedf-441ea18532e1" ParentId="9c1cf9e7-a771-4b0a-817e-2cd0b69709bc" LocalOrdering="6" />
  <Add Id="1f95c63e-7bda-4b7f-93ad-d168e79caba9" ParentId="69f9e0f1-e2ce-4b99-a1ba-5117964b0793" LocalOrdering="9" />
  <Add Id="ce057106-d785-4a34-89b8-acc10e3adaa6" ParentId="d2c05ce4-d7b2-41a9-82e9-24101887c1a8" LocalOrdering="1" />
  <Add Id="eab5e806-caed-4d71-8268-7b57fe61b30a" ParentId="9c1cf9e7-a771-4b0a-817e-2cd0b69709bc" LocalOrdering="5" />
  <Add Id="e59b5870-4bb0-416e-b759-05b50339303d" ParentId="9c1cf9e7-a771-4b0a-817e-2cd0b69709bc" LocalOrdering="7" />
  <Add Id="f95261d2-dc5e-4304-9a2d-ef27a18e63b8" ParentId="69f9e0f1-e2ce-4b99-a1ba-5117964b0793" LocalOrdering="7" />
  <Add Id="23958ceb-a18f-4f04-b507-ff76adc927ab" ParentId="69f9e0f1-e2ce-4b99-a1ba-5117964b0793" LocalOrdering="5" />
  <Add Id="1498a326-f0ff-4742-a7eb-742511a9863f" ParentId="9c1cf9e7-a771-4b0a-817e-2cd0b69709bc" LocalOrdering="1" />
  <Add Id="850c1c4b-71c6-408d-aa8b-409fdca3a676" ParentId="d2c05ce4-d7b2-41a9-82e9-24101887c1a8" LocalOrdering="0" />
  <Add Id="a822a354-2a03-46f3-8b5f-8ee23ad25dd9" ParentId="d2c05ce4-d7b2-41a9-82e9-24101887c1a8" LocalOrdering="2" />
  <Add Id="69f9e0f1-e2ce-4b99-a1ba-5117964b0793" ParentId="00000000-0000-0000-0000-000000000000" LocalOrdering="0" />
  <Add Id="d2c05ce4-d7b2-41a9-82e9-24101887c1a8" ParentId="69f9e0f1-e2ce-4b99-a1ba-5117964b0793" LocalOrdering="2" />
  <Add Id="ca9e99df-2aca-46f6-a577-fe85f43000bb" ParentId="69f9e0f1-e2ce-4b99-a1ba-5117964b0793" LocalOrdering="8" />
  <Add Id="dcf17a8b-f9b9-4eb2-a341-475cb7f4299e" ParentId="69f9e0f1-e2ce-4b99-a1ba-5117964b0793" LocalOrdering="6" />
  <Add Id="398932b1-314b-4baf-b3f0-b1445f806aae" ParentId="69f9e0f1-e2ce-4b99-a1ba-5117964b0793" LocalOrdering="3" />
  <Add Id="3b5d59a7-cd9a-41ae-869f-2fc8e8884ef9" ParentId="69f9e0f1-e2ce-4b99-a1ba-5117964b0793" LocalOrdering="0" />
  <Add Id="0e5ab38e-0463-4003-907f-40d7d9eaf50f" ParentId="69341281-7ca9-4922-b17d-f2d1962fadbd" LocalOrdering="0" />
  <Add Id="7ead8cee-af5c-4a18-9f14-3fcf282358fc" ParentId="ca8c4bdb-3483-4771-8a05-5dc9fc29c82e" LocalOrdering="1" />
  <Add Id="be41b811-b03f-4323-82f9-f4013fef00b2" ParentId="69341281-7ca9-4922-b17d-f2d1962fadbd" LocalOrdering="1" />
  <Add Id="67fbca08-fd0e-472d-a836-0bc496191937" ParentId="ca8c4bdb-3483-4771-8a05-5dc9fc29c82e" LocalOrdering="0" />
  <Add Id="4dfc1b0f-9cbf-4308-b9e8-53d89d93f054" ParentId="69341281-7ca9-4922-b17d-f2d1962fadbd" LocalOrdering="3" />
  <Add Id="69341281-7ca9-4922-b17d-f2d1962fadbd" ParentId="23958ceb-a18f-4f04-b507-ff76adc927ab" LocalOrdering="1" />
  <Add Id="6827f674-8948-4f15-94dc-8069bda47822" ParentId="9c1cf9e7-a771-4b0a-817e-2cd0b69709bc" LocalOrdering="4" />
  <Add Id="9c1cf9e7-a771-4b0a-817e-2cd0b69709bc" ParentId="23958ceb-a18f-4f04-b507-ff76adc927ab" LocalOrdering="0" />
  <Add Id="c9f9bd57-b5fe-49b4-87b4-28d4f447d781" ParentId="9c1cf9e7-a771-4b0a-817e-2cd0b69709bc" LocalOrdering="2" />
  <Add Id="4617564e-3528-4f3b-af2c-72c4e83783a8" ParentId="69341281-7ca9-4922-b17d-f2d1962fadbd" LocalOrdering="2" />
  <Add Id="6f11338c-3f6a-4b2a-953d-f25ec8571dc3" ParentId="9c1cf9e7-a771-4b0a-817e-2cd0b69709bc" LocalOrdering="0" />
  <Add Id="6bc139a9-8966-4900-b9eb-dfdd9ec983ae" ParentId="9c1cf9e7-a771-4b0a-817e-2cd0b69709bc" LocalOrdering="3" />
</Data>