﻿<?xml version="1.0" encoding="utf-8"?>
<Data>
  <Add Id="6c2d5cce-6e28-4071-badf-1b80182dfbd1" Tag="Development" />
  <Add Id="110853f2-4881-48e2-b22b-82772e5466cb" Tag="Editing" />
  <Add Id="6e1ecf6f-03da-4027-9b37-0c6633bc77b7" Tag="Pages" />
  <Add Id="a4fcc0ad-292f-40f8-bf3c-34cd7872ce73" Tag="About" />
  <Add Id="e37e077b-a02c-4eec-8f5f-3a48d16e1d1d" Tag="Comments" />
  <Add Id="22d6aa8b-d9d1-45d6-a98a-d10c978f6e07" Tag="Blog" />
  <Add Id="10a05f01-6d0c-4844-9a0f-a1427117a0d6" Tag="Disqus" />
  <Add Id="34ed1ac9-f1ae-4d61-8ee2-6187d065c788" Tag="C1 Console" />
</Data>