﻿<?xml version="1.0" encoding="utf-8"?>
<Data>
  <Add Id="fd0bc9a0-3958-411b-bc27-b52a40b78e24" Name="Foot" Namespace="Omnicorp.Content" Description="" OutputXmlSubType="XHTML" XslFilePath="\Omnicorp\Content\Foot.xsl" />
  <Add Id="0572db27-0b0a-4ed4-837c-0bc0fb267c65" Name="Footer" Namespace="Omnicorp.Content" Description="" OutputXmlSubType="XHTML" XslFilePath="\Omnicorp\Content\Footer.xsl" />
  <Add Id="cfc89e78-d045-4c38-a4de-a0216f9f1f29" Name="Head" Namespace="Omnicorp.Content" Description="" OutputXmlSubType="XHTML" XslFilePath="\Omnicorp\Content\Head.xsl" />
  <Add Id="c4d22f59-9bf8-42e7-adef-2b5956088c31" Name="News" Namespace="Omnicorp.Content" Description="" OutputXmlSubType="XHTML" XslFilePath="\Omnicorp\Content\News.xsl" />
  <Add Id="4f82cc9f-b946-4c68-9081-f715c564767c" Name="Projects" Namespace="Omnicorp.Content" Description="" OutputXmlSubType="XHTML" XslFilePath="\Omnicorp\Content\Projects.xsl" />
  <Add Id="cd631589-d18e-47b4-8b5a-1cc3b3b1d0f9" Name="RandomSpot" Namespace="Omnicorp.Content" Description="" OutputXmlSubType="XHTML" XslFilePath="\Omnicorp\Content\RandomSpot.xsl" />
  <Add Id="b69913b0-2ebf-4bf6-b12e-3571a06135f9" Name="SpotsRendering" Namespace="Omnicorp.Content" Description="" OutputXmlSubType="XHTML" XslFilePath="\Omnicorp\Content\SpotsRendering.xsl" />
  <Add Id="114817dc-d6a9-4b8e-837d-04689bbd2d13" Name="SplashImage" Namespace="Omnicorp.Layout" Description="" OutputXmlSubType="XHTML" XslFilePath="\Omnicorp\Layout\SplashImage.xsl" />
  <Add Id="e4e23060-61b0-4ea0-84e9-323f8a558c51" Name="SplashText" Namespace="Omnicorp.Layout" Description="" OutputXmlSubType="XHTML" XslFilePath="\Omnicorp\Layout\SplashText.xsl" />
  <Add Id="88970a84-4a58-4a7d-8a84-9712ed60351a" Name="Quick" Namespace="Omnicorp.Navigation" Description="" OutputXmlSubType="XHTML" XslFilePath="\Omnicorp\Navigation\Quick.xsl" />
  <Add Id="5035edcf-309e-4f20-844c-7462893801c0" Name="Sitemap" Namespace="Omnicorp.Navigation" Description="" OutputXmlSubType="XHTML" XslFilePath="\Omnicorp\Navigation\Sitemap.xsl" />
  <Add Id="07940099-9b6e-441e-8fb5-f97a13748ae9" Name="Sub" Namespace="Omnicorp.Navigation" Description="" OutputXmlSubType="XHTML" XslFilePath="\Omnicorp\Navigation\Sub.xsl" />
  <Add Id="b2e98ccf-e1fe-4f2d-85d1-b3b79099f797" Name="Top" Namespace="Omnicorp.Navigation" Description="" OutputXmlSubType="XHTML" XslFilePath="\Omnicorp\Navigation\Top.xsl" />
</Data>