﻿<?xml version="1.0" encoding="utf-8"?>
<Data>
  <Add Id="aa1082d0-807f-46b0-9cd2-81e9125ef35a" FolderPath="/Splashes" FileName="splash01.jpg" Title="splash01" Description="" CultureInfo="en-US" MimeType="image/jpeg" Length="91059" CreationTime="2009-09-16 15:25:27Z" LastWriteTime="2009-09-16 15:25:27Z" />
  <Add Id="66816159-5652-45b2-8099-0916f760febe" FolderPath="/Splashes" FileName="splash02.jpg" Title="splash02" Description="" CultureInfo="en-US" MimeType="image/jpeg" Length="112124" CreationTime="2009-09-16 15:25:42Z" LastWriteTime="2009-09-16 15:25:42Z" />
  <Add Id="6fe4f684-6573-4cfe-9798-d7ff787e5d1f" FolderPath="/Splashes" FileName="splash03.jpg" Title="splash03" Description="" CultureInfo="en-US" MimeType="image/jpeg" Length="141977" CreationTime="2009-09-16 15:25:51Z" LastWriteTime="2009-09-16 15:25:51Z" />
  <Add Id="62dad7c1-dfe6-442c-ab0f-01cddfcaf0e5" FolderPath="/Splashes" FileName="splash04.jpg" Title="splash04" Description="" CultureInfo="en-US" MimeType="image/jpeg" Length="120587" CreationTime="2009-09-16 15:25:59Z" LastWriteTime="2009-09-16 15:25:59Z" />
  <Add Id="6282563b-9763-4d67-a7d9-62d93a217053" FolderPath="/Splashes" FileName="splash05.jpg" Title="splash05" Description="" CultureInfo="en-US" MimeType="image/jpeg" Length="103663" CreationTime="2009-09-16 15:26:11Z" LastWriteTime="2009-09-16 15:26:11Z" />
  <Add Id="59d14299-9b34-4064-b5cb-300a507863e9" FolderPath="/Content/100x100" FileName="img01.jpg" Title="img01" Description="" CultureInfo="en-US" MimeType="image/jpeg" Length="3534" CreationTime="2009-09-23 19:07:32Z" LastWriteTime="2009-09-23 19:07:32Z" />
  <Add Id="593ad2da-5c53-4f09-9ab9-66173a9439a1" FolderPath="/Content/100x100" FileName="img02.jpg" Title="img02" Description="" CultureInfo="en-US" MimeType="image/jpeg" Length="4500" CreationTime="2009-09-23 19:07:32Z" LastWriteTime="2009-09-23 19:07:32Z" />
  <Add Id="bb010898-8783-4df8-8ded-20faf74e4d96" FolderPath="/Content/100x100" FileName="img03.jpg" Title="img03" Description="" CultureInfo="en-US" MimeType="image/jpeg" Length="3070" CreationTime="2009-09-23 19:07:32Z" LastWriteTime="2009-09-23 19:07:32Z" />
  <Add Id="b90521ff-984c-4eb9-a64e-54c8d4f527e2" FolderPath="/Content/100x100" FileName="img04.jpg" Title="img04" Description="" CultureInfo="en-US" MimeType="image/jpeg" Length="2181" CreationTime="2009-09-23 19:07:32Z" LastWriteTime="2009-09-23 19:07:32Z" />
  <Add Id="d9d9bf0b-3a51-40d6-ab99-a06a6588cf5b" FolderPath="/Content/100x100" FileName="img05.jpg" Title="img05" Description="" CultureInfo="en-US" MimeType="image/jpeg" Length="4422" CreationTime="2009-09-23 19:07:32Z" LastWriteTime="2009-09-23 19:07:32Z" />
  <Add Id="767f5e21-082c-4062-9820-8910cbe541f8" FolderPath="/Content/200x200" FileName="img01.jpg" Title="img01" Description="" CultureInfo="en-US" MimeType="image/jpeg" Length="9336" CreationTime="2009-09-23 19:07:32Z" LastWriteTime="2009-09-23 19:07:32Z" />
  <Add Id="37a15ad6-60b3-4594-a52a-a96439932f30" FolderPath="/Content/200x200" FileName="img02.jpg" Title="img02" Description="" CultureInfo="en-US" MimeType="image/jpeg" Length="13973" CreationTime="2009-09-23 19:07:32Z" LastWriteTime="2009-09-23 19:07:32Z" />
  <Add Id="778c731e-0fa1-4d2c-9540-249bcce45ff9" FolderPath="/Content/200x200" FileName="img03.jpg" Title="img03" Description="" CultureInfo="en-US" MimeType="image/jpeg" Length="7011" CreationTime="2009-09-23 19:07:32Z" LastWriteTime="2009-09-23 19:07:32Z" />
  <Add Id="02644b63-6bf8-4c67-83e4-f5bfb44fc02e" FolderPath="/Content/200x200" FileName="img04.jpg" Title="img04" Description="" CultureInfo="en-US" MimeType="image/jpeg" Length="4834" CreationTime="2009-09-23 19:07:32Z" LastWriteTime="2009-09-23 19:07:32Z" />
  <Add Id="1d96d262-cb14-4fca-ae54-18e506d8f1fa" FolderPath="/Content/200x200" FileName="img05.jpg" Title="img05" Description="" CultureInfo="en-US" MimeType="image/jpeg" Length="12025" CreationTime="2009-09-23 19:07:32Z" LastWriteTime="2009-09-23 19:07:32Z" />
  <Add Id="07ae9931-a105-412d-a96d-c1e03a829fcb" FolderPath="/Manual" FileName="Manual_Create_Page.png" Title="Manual_Create_Page" Description="" CultureInfo="en-US" MimeType="image/png" Length="16634" CreationTime="2009-09-24 09:40:14Z" LastWriteTime="2009-09-24 09:40:14Z" />
  <Add Id="7b31125d-3a7b-4686-821d-bd66dc9ad043" FolderPath="/Manual" FileName="Manual_Switch_Content_Areas.png" Title="Manual_Switch_Content_Areas" Description="" CultureInfo="en-US" MimeType="image/png" Length="50341" CreationTime="2009-09-24 09:46:27Z" LastWriteTime="2009-09-24 09:46:27Z" />
  <Add Id="0f8c52bf-2b0b-4d5c-abdc-6f0759226820" FolderPath="/Manual" FileName="Manual_Edit_Page.png" Title="Manual_Edit_Page" Description="" CultureInfo="en-US" MimeType="image/png" Length="48681" CreationTime="2009-09-24 10:46:26Z" LastWriteTime="2009-09-24 10:46:26Z" />
  <Add Id="1d3363c2-122d-4151-9665-8722a02f3db1" FolderPath="/Manual" FileName="Manual_Insert_Text.png" Title="Manual_Insert_Text" Description="" CultureInfo="en-US" MimeType="image/png" Length="26535" CreationTime="2009-09-24 10:53:50Z" LastWriteTime="2009-09-24 12:57:18Z" />
  <Add Id="8aca0033-8fd5-4c82-a7b7-9b5f24b358e7" FolderPath="/Manual" FileName="Manual_Insert_Text_Dialog.png" Title="Manual_Insert_Text_Dialog" Description="" CultureInfo="en-US" MimeType="image/png" Length="8410" CreationTime="2009-09-24 10:54:09Z" LastWriteTime="2009-09-24 12:07:49Z" />
  <Add Id="65b1d51f-52d7-477a-b50b-d8f8d3feaebc" FolderPath="/Manual" FileName="Manual_Upload_Media.png" Title="Manual_Upload_Media" Description="" CultureInfo="en-US" MimeType="image/png" Length="26250" CreationTime="2009-09-24 11:13:26Z" LastWriteTime="2009-09-24 12:07:50Z" />
  <Add Id="692808ee-6fb1-4e27-90cb-e5d52eb0a925" FolderPath="/Manual" FileName="Manual_Select_Media.png" Title="Manual_Select_Media" Description="" CultureInfo="en-US" MimeType="image/png" Length="12323" CreationTime="2009-09-24 11:13:41Z" LastWriteTime="2009-09-24 12:07:50Z" />
  <Add Id="e96bd4a6-a65c-4b44-a88c-24bea0088854" FolderPath="/Manual" FileName="Manual_Insert_Image.png" Title="Manual_Insert_Image" Description="" CultureInfo="en-US" MimeType="image/png" Length="19653" CreationTime="2009-09-24 11:29:06Z" LastWriteTime="2009-09-24 12:07:48Z" />
  <Add Id="f3ef3fb6-5c9d-48df-8047-bd9de011db97" FolderPath="/Manual" FileName="Manual_Select_Image.png" Title="Manual_Select_Image" Description="" CultureInfo="en-US" MimeType="image/png" Length="12745" CreationTime="2009-09-24 11:29:22Z" LastWriteTime="2009-09-24 12:07:49Z" />
  <Add Id="3a5f0dd5-cff4-4c19-b30b-f8038db2cfea" FolderPath="/Manual" FileName="Manual_Insert_Table.png" Title="Manual_Insert_Table" Description="" CultureInfo="en-US" MimeType="image/png" Length="19505" CreationTime="2009-09-24 11:46:29Z" LastWriteTime="2009-09-24 12:07:48Z" />
  <Add Id="0bb82947-956c-49c8-ac46-9bb4d149730e" FolderPath="/Manual" FileName="Manual_Table_Layout.png" Title="Manual_Table_Layout" Description="" CultureInfo="en-US" MimeType="image/png" Length="12774" CreationTime="2009-09-24 11:46:58Z" LastWriteTime="2009-09-24 12:07:50Z" />
  <Add Id="bc6f5a48-d4fb-4a3b-8d10-d4b707dbcc3e" FolderPath="/Manual" FileName="Manual_Manage_Table.png" Title="Manual_Manage_Table" Description="" CultureInfo="en-US" MimeType="image/png" Length="30774" CreationTime="2009-09-24 11:47:20Z" LastWriteTime="2009-09-24 12:07:49Z" />
  <Add Id="16d7e359-1595-4e95-80b0-af7468f361d8" FolderPath="/Manual" FileName="Manual_Preview_Page.png" Title="Manual_Preview_Page" Description="" CultureInfo="en-US" MimeType="image/png" Length="131233" CreationTime="2009-09-24 11:58:36Z" LastWriteTime="2009-09-24 12:07:49Z" />
  <Add Id="797ba53e-17ea-42d1-9668-0368983c55b4" FolderPath="/Manual" FileName="Manual_Publish_Page.png" Title="Manual_Publish_Page" Description="" CultureInfo="en-US" MimeType="image/png" Length="27010" CreationTime="2009-09-24 12:37:27Z" LastWriteTime="2009-09-24 12:37:27Z" />
  <Add Id="98a52e8b-afdc-45e7-adf0-6fd15deb12ff" FolderPath="/Manual" FileName="Manual_Unpublish_Page.png" Title="Manual_Unpublish_Page" Description="" CultureInfo="en-US" MimeType="image/png" Length="34173" CreationTime="2009-09-24 12:37:37Z" LastWriteTime="2009-09-24 12:37:37Z" />
  <Add Id="1a0aa123-d439-4d0c-b4ec-c161ca88491f" FolderPath="/Manual" FileName="Manual_Cut_Page.png" Title="Manual_Cut_Page" Description="" CultureInfo="en-US" MimeType="image/png" Length="23932" CreationTime="2009-09-24 13:25:40Z" LastWriteTime="2009-09-24 13:25:40Z" />
  <Add Id="2de47c6e-824c-4c77-b58d-3a80659c4baa" FolderPath="/Manual" FileName="Manual_Paste_Page.png" Title="Manual_Paste_Page" Description="" CultureInfo="en-US" MimeType="image/png" Length="9779" CreationTime="2009-09-24 13:25:49Z" LastWriteTime="2009-09-24 13:25:49Z" />
  <Add Id="585d1ebf-3aba-48cc-a22f-58429131de19" FolderPath="/Manual" FileName="Manual_SEO_Keywords.png" Title="Manual_SEO_Keywords" Description="" CultureInfo="en-US" MimeType="image/png" Length="7285" CreationTime="2009-09-24 13:56:38Z" LastWriteTime="2009-09-24 13:56:38Z" />
  <Add Id="9f0269ab-8d14-4509-8702-920ca7b6f190" FolderPath="/Manual" FileName="Manual_SEO_Areas.png" Title="Manual_SEO_Areas" Description="" CultureInfo="en-US" MimeType="image/png" Length="9389" CreationTime="2009-09-24 13:58:47Z" LastWriteTime="2009-09-24 13:58:47Z" />
  <Add Id="b8b3723f-c984-462e-840a-1944cc5760f4" FolderPath="/Manual" FileName="Manual_SEO_Results.png" Title="Manual_SEO_Results" Description="" CultureInfo="en-US" MimeType="image/png" Length="12230" CreationTime="2009-09-24 14:06:10Z" LastWriteTime="2009-09-24 14:06:10Z" />
  <Add Id="447129d6-cff5-4ca9-aea5-32dc8a1a145a" FolderPath="/Manual" FileName="Manual_SEO_Highlights.png" Title="Manual_SEO_Highlights" Description="" CultureInfo="en-US" MimeType="image/png" Length="36788" CreationTime="2009-09-24 14:12:01Z" LastWriteTime="2009-09-24 14:12:01Z" />
  <Add Id="155c1d20-ac36-441d-8001-8747356c317c" FolderPath="/Manual" FileName="Manual_C1_Console.png" Title="Manual_C1_Console" Description="" CultureInfo="en-US" MimeType="image/png" Length="78166" CreationTime="2009-09-24 15:00:32Z" LastWriteTime="2009-09-24 15:00:32Z" />
  <Add Id="2e424330-8822-4f09-8e38-8d668cd66f4f" FolderPath="/Manual" FileName="Manual_Tools_Button.png" Title="Manual_Tools_Button" Description="" CultureInfo="en-US" MimeType="image/png" Length="2209" CreationTime="2009-09-28 18:34:35Z" LastWriteTime="2009-09-28 18:34:35Z" />
  <Add Id="b261615c-6d3d-488b-b402-75691cd4b8d5" FolderPath="/Flash" FileName="3D_cube.swf" Title="3D_cube" Description="" CultureInfo="en-US" MimeType="application/x-shockwave-flash" Length="4132" CreationTime="2009-09-28 19:13:11Z" LastWriteTime="2009-09-28 19:13:11Z" />
  <Add Id="21b94c33-4185-4fe5-8d80-4ce925eb0c28" FolderPath="/Manual" FileName="Manual_Page_Browser.png" Title="Manual_Page_Browser" Description="" CultureInfo="en-US" MimeType="image/png" Length="142059" CreationTime="2009-09-30 10:40:47Z" LastWriteTime="2009-09-30 10:40:47Z" />
  <Add Id="8c24d603-38e5-43fe-a883-9ec7b871971b" FolderPath="/Manual" FileName="Manual_Insert_Flash.png" Title="Manual_Insert_Flash" Description="" CultureInfo="en-US" MimeType="image/png" Length="32404" CreationTime="2009-09-30 15:19:57Z" LastWriteTime="2009-09-30 15:19:57Z" />
  <Add Id="3d55dd14-f152-46a1-862f-fe9f2a3ed91c" FolderPath="/Manual" FileName="Manual_Select_Table.png" Title="Manual_Select_Table" Description="" CultureInfo="en-US" MimeType="image/png" Length="14582" CreationTime="2009-10-02 12:54:50Z" LastWriteTime="2009-10-02 12:54:50Z" />
  <Add Id="e57fe1f0-269c-4783-b80f-66bc7538bc8f" FolderPath="/Manual" FileName="Manual_Select_Style.png" Title="Manual_Select_Style" Description="" CultureInfo="en-US" MimeType="image/png" Length="15390" CreationTime="2009-10-02 12:55:03Z" LastWriteTime="2009-10-02 12:55:03Z" />
</Data>