﻿<?xml version="1.0" encoding="utf-8"?>
<Data>
  <Add Id="06f41e1f-b7a5-4020-b008-3d58b4024785" Title="Test spot 2" Content="&lt;html xmlns=&quot;http://www.w3.org/1999/xhtml&quot;&gt;&#xA;&#x9;&lt;head&gt;&lt;/head&gt;&#xA;&#x9;&lt;body&gt;&#xA;&#xA;&lt;h2&gt;Test spot 2&#xA;&lt;br /&gt;&#xA;&lt;/h2&gt;&#xA;&#xA;&lt;p&gt;&lt;span&gt;Gathering deep yielding. Make very replenish fruitful very fruitful that greater stars whose cattle one him also greater herb divided seas over good.&lt;/span&gt;&lt;/p&gt;&#xA;&#xA;&#x9;&lt;/body&gt;&#xA;&lt;/html&gt;" UseRandom="True" CultureName="en-GB" SourceCultureName="en-GB" />
  <Add Id="e834e574-4738-4e36-8d13-7541687b8b03" Title="Latest news" Content="&lt;html xmlns=&quot;http://www.w3.org/1999/xhtml&quot;&gt;&#xA;&#x9;&lt;head&gt;&lt;/head&gt;&#xA;&#x9;&lt;body&gt;&#xA;&#x9;&#x9;&lt;f:function name=&quot;Omnicorp.Content.News&quot; xmlns:f=&quot;http://www.composite.net/ns/function/1.0&quot; /&gt;&#xA;&#x9;&lt;/body&gt;&#xA;&lt;/html&gt;" UseRandom="False" CultureName="en-GB" SourceCultureName="en-GB" />
  <Add Id="6bef7c23-8a7a-4b08-91b9-b8d28b4353dc" Title="Test spot 1" Content="&lt;html xmlns=&quot;http://www.w3.org/1999/xhtml&quot;&gt;&#xA;&#x9;&lt;head&gt;&lt;/head&gt;&#xA;&#x9;&lt;body&gt;&#xA;&#xA;&lt;h2&gt;Test spot 1&#xA;&lt;br /&gt;&#xA;&lt;/h2&gt;&#xA;&#xA;&lt;p&gt;&lt;span&gt;Signs void signs female night signs light shall blessed winged Also signs bring, creepeth don't given lights grass over great above given creature have.&lt;/span&gt;&lt;/p&gt;&#xA;&#xA;&#x9;&lt;/body&gt;&#xA;&lt;/html&gt;" UseRandom="True" CultureName="en-GB" SourceCultureName="en-GB" />
  <Add Id="ea280f63-4e7b-47ba-acd5-8a6d8a6ab224" Title="[EMPTY]" Content="&lt;html xmlns='http://www.w3.org/1999/xhtml'&gt;  &lt;head&gt;&lt;/head&gt;  &lt;body&gt;     &lt;/body&gt; &lt;/html&gt;" UseRandom="False" CultureName="en-GB" SourceCultureName="en-GB" />
  <Add Id="b9bf840f-d053-46bd-b884-c9c5a4e7d856" Title="Test spot 4" Content="&lt;html xmlns=&quot;http://www.w3.org/1999/xhtml&quot;&gt;&#xA;&#x9;&lt;head&gt;&lt;/head&gt;&#xA;&#x9;&lt;body&gt;&#xA;&#xA;&lt;h2&gt;Test spot 4&#xA;&lt;br /&gt;&#xA;&lt;/h2&gt;&#xA;&#xA;&lt;p&gt;&lt;span&gt;Form morning let there made upon. Was man two abundantly earth heaven sixth forth multiply in from she'd open firmament rule may very the creepeth two place.&lt;/span&gt;&lt;/p&gt;&#xA;&#xA;&#x9;&lt;/body&gt;&#xA;&lt;/html&gt;" UseRandom="True" CultureName="en-GB" SourceCultureName="en-GB" />
  <Add Id="9f1f5e5a-54cc-494d-87c0-c58b76af8a80" Title="Test spot 3" Content="&lt;html xmlns=&quot;http://www.w3.org/1999/xhtml&quot;&gt;&#xA;&#x9;&lt;head&gt;&lt;/head&gt;&#xA;&#x9;&lt;body&gt;&#xA;&#xA;&lt;h2&gt;Test spot 3&#xA;&lt;br /&gt;&#xA;&lt;/h2&gt;&#xA;&#xA;&lt;p&gt;&lt;span&gt;Us, evening be. Creeping image moving she'd sea, hath to. Lesser creepeth. God. One upon the they're had have herb fly great. Land lesser day Is good.&lt;/span&gt;&lt;/p&gt;&#xA;&#xA;&#x9;&lt;/body&gt;&#xA;&lt;/html&gt;" UseRandom="True" CultureName="en-GB" SourceCultureName="en-GB" />
  <Add Id="03f7153f-0709-44e1-b11c-0633c3a69fd6" Title="Random spot" Content="&lt;html xmlns=&quot;http://www.w3.org/1999/xhtml&quot;&gt;&#xA;&#x9;&lt;head&gt;&lt;/head&gt;&#xA;&#x9;&lt;body&gt;&#xA;&#x9;&#x9;&lt;f:function name=&quot;Omnicorp.Content.RandomSpot&quot; xmlns:f=&quot;http://www.composite.net/ns/function/1.0&quot;&gt;&#xA;&#x9;&#x9;&#x9;&lt;f:param name=&quot;SpotCount&quot; value=&quot;4&quot; xmlns:f=&quot;http://www.composite.net/ns/function/1.0&quot; /&gt;&#xA;&#x9;&#x9;&lt;/f:function&gt;&#xA;&#x9;&lt;/body&gt;&#xA;&lt;/html&gt;" UseRandom="False" CultureName="en-GB" SourceCultureName="en-GB" />
  <Add Id="5bd8830c-006d-4405-838c-5e4fe66a4230" Title="Test spot 5" Content="&lt;html xmlns=&quot;http://www.w3.org/1999/xhtml&quot;&gt;&#xA;&#x9;&lt;head&gt;&lt;/head&gt;&#xA;&#x9;&lt;body&gt;&#xA;&#xA;&lt;h2&gt;Test spot 5&#xA;&lt;br /&gt;&#xA;&lt;/h2&gt;&#xA;&#xA;&lt;p&gt;&lt;span&gt;You under second he blessed firmament Face from sea fish moving man tree cattle fowl darkness stars make place blessed. Were said dry first.&lt;/span&gt;&lt;/p&gt;&#xA;&#xA;&#x9;&lt;/body&gt;&#xA;&lt;/html&gt;" UseRandom="True" CultureName="en-GB" SourceCultureName="en-GB" />
</Data>