﻿<?xml version="1.0" encoding="utf-8"?>
<Data>
  <Add CultureName="en-GB" SourceCultureName="en-GB" FieldName="Page spots" Id="76216208-0d24-43d0-b194-83a9c443ae7f" PageId="eab5e806-caed-4d71-8268-7b57fe61b30a" PublicationStatus="published" />
  <Add CultureName="en-GB" SourceCultureName="en-GB" FieldName="Page spots" Id="d8f61a4a-c0d0-4ac1-b969-83c2eee53227" PageId="850c1c4b-71c6-408d-aa8b-409fdca3a676" PublicationStatus="published" />
  <Add CultureName="en-GB" SourceCultureName="en-GB" FieldName="Page spots" Id="88aca8aa-c6e7-41e9-95fb-572cd68464d3" PageId="7ead8cee-af5c-4a18-9f14-3fcf282358fc" PublicationStatus="published" />
  <Add Spots="" CultureName="en-GB" SourceCultureName="en-GB" FieldName="Page spots" Id="f6725d3a-1eb9-4c06-b99f-fbcff1e48f82" PageId="6827f674-8948-4f15-94dc-8069bda47822" PublicationStatus="published" />
  <Add CultureName="en-GB" SourceCultureName="en-GB" FieldName="Page spots" Id="9c80d818-c794-4071-9bda-0327d0c410b4" PageId="9c1cf9e7-a771-4b0a-817e-2cd0b69709bc" PublicationStatus="published" />
  <Add CultureName="en-GB" SourceCultureName="en-GB" FieldName="Page spots" Id="cfc350ef-8936-43e6-9897-722793a46449" PageId="6bc139a9-8966-4900-b9eb-dfdd9ec983ae" PublicationStatus="published" />
  <Add CultureName="en-GB" SourceCultureName="en-GB" FieldName="Page spots" Id="5b80b57b-f694-465d-83a7-e4c8cc45483d" PageId="67fbca08-fd0e-472d-a836-0bc496191937" PublicationStatus="published" />
  <Add Spots="ea280f63-4e7b-47ba-acd5-8a6d8a6ab224" CultureName="en-GB" SourceCultureName="en-GB" FieldName="Page spots" Id="5871750a-6cd3-44e6-82d9-c3582e750686" PageId="23958ceb-a18f-4f04-b507-ff76adc927ab" PublicationStatus="published" />
  <Add CultureName="en-GB" SourceCultureName="en-GB" FieldName="Page spots" Id="2844053c-e75c-47df-91ab-7999ec6c8f41" PageId="ca8c4bdb-3483-4771-8a05-5dc9fc29c82e" PublicationStatus="published" />
  <Add CultureName="en-GB" SourceCultureName="en-GB" FieldName="Page spots" Id="0a54006d-20dc-4e80-a61a-a95b19531df7" PageId="59811f04-b051-439e-aedf-441ea18532e1" PublicationStatus="published" />
  <Add Spots="ea280f63-4e7b-47ba-acd5-8a6d8a6ab224" CultureName="en-GB" SourceCultureName="en-GB" FieldName="Page spots" Id="6e03ff6a-1771-4bda-9125-a680f9c3b198" PageId="398932b1-314b-4baf-b3f0-b1445f806aae" PublicationStatus="published" />
  <Add Spots="" CultureName="en-GB" SourceCultureName="en-GB" FieldName="Page spots" Id="a997c597-c170-4520-b689-0863e74b3bbd" PageId="4617564e-3528-4f3b-af2c-72c4e83783a8" PublicationStatus="published" />
  <Add CultureName="en-GB" SourceCultureName="en-GB" FieldName="Page spots" Id="6a266300-1f5f-42ef-922a-e0f136824c24" PageId="1498a326-f0ff-4742-a7eb-742511a9863f" PublicationStatus="published" />
  <Add CultureName="en-GB" SourceCultureName="en-GB" FieldName="Page spots" Id="b4b7ceb8-b137-4476-a2a4-6ea38e80386a" PageId="0e5ab38e-0463-4003-907f-40d7d9eaf50f" PublicationStatus="published" />
  <Add Spots="ea280f63-4e7b-47ba-acd5-8a6d8a6ab224" CultureName="en-GB" SourceCultureName="en-GB" FieldName="Page spots" Id="662ce847-622a-49b3-9cfa-762a231ed491" PageId="a5f19a94-994f-45b0-b8ce-aa0f1b2e6d96" PublicationStatus="published" />
  <Add CultureName="en-GB" SourceCultureName="en-GB" FieldName="Page spots" Id="e32f70fd-011c-46f6-ba3f-9144ffb7bb30" PageId="e59b5870-4bb0-416e-b759-05b50339303d" PublicationStatus="published" />
  <Add Spots="ea280f63-4e7b-47ba-acd5-8a6d8a6ab224" CultureName="en-GB" SourceCultureName="en-GB" FieldName="Page spots" Id="12a3adb2-b8f3-495a-9a4e-fcd5ba5b6d5c" PageId="ca9e99df-2aca-46f6-a577-fe85f43000bb" PublicationStatus="published" />
  <Add CultureName="en-GB" SourceCultureName="en-GB" FieldName="Page spots" Id="034b1326-2242-42dc-b117-02bde6f7cb6e" PageId="fc84df32-5144-4602-9247-8f527f4bf15c" PublicationStatus="published" />
  <Add CultureName="en-GB" SourceCultureName="en-GB" FieldName="Page spots" Id="c809b208-24e8-4cdd-82f5-e594f27bbe5c" PageId="69341281-7ca9-4922-b17d-f2d1962fadbd" PublicationStatus="published" />
  <Add Spots="" CultureName="en-GB" SourceCultureName="en-GB" FieldName="Page spots" Id="4f49a370-7561-476e-871f-9e503d303793" PageId="6f11338c-3f6a-4b2a-953d-f25ec8571dc3" PublicationStatus="published" />
  <Add Spots="" CultureName="en-GB" SourceCultureName="en-GB" FieldName="Page spots" Id="16722ffe-507d-435d-be83-0f0e2c27645c" PageId="c9f9bd57-b5fe-49b4-87b4-28d4f447d781" PublicationStatus="published" />
  <Add Spots="e834e574-4738-4e36-8d13-7541687b8b03" CultureName="en-GB" SourceCultureName="en-GB" FieldName="Page spots" Id="efcd458a-771e-419f-96ef-5011473fb9e4" PageId="69f9e0f1-e2ce-4b99-a1ba-5117964b0793" PublicationStatus="published" />
  <Add CultureName="en-GB" SourceCultureName="en-GB" FieldName="Page spots" Id="387487fe-7caf-4e58-a2fa-71deaba7559e" PageId="be41b811-b03f-4323-82f9-f4013fef00b2" PublicationStatus="published" />
  <Add CultureName="en-GB" SourceCultureName="en-GB" FieldName="Page spots" Id="7c751992-e10a-4c71-b1aa-67ce4ccea432" PageId="a822a354-2a03-46f3-8b5f-8ee23ad25dd9" PublicationStatus="published" />
  <Add CultureName="en-GB" SourceCultureName="en-GB" FieldName="Page spots" Id="9b214465-fbfe-4995-900a-037faf8bbd9b" PageId="ce057106-d785-4a34-89b8-acc10e3adaa6" PublicationStatus="published" />
  <Add Spots="ea280f63-4e7b-47ba-acd5-8a6d8a6ab224" CultureName="en-GB" SourceCultureName="en-GB" FieldName="Page spots" Id="65e4bb3c-1d61-4483-aa68-5df0781e99a9" PageId="1f95c63e-7bda-4b7f-93ad-d168e79caba9" PublicationStatus="published" />
  <Add CultureName="en-GB" SourceCultureName="en-GB" FieldName="Page spots" Id="084c108e-bbaa-426a-a607-98778787e777" PageId="4dfc1b0f-9cbf-4308-b9e8-53d89d93f054" PublicationStatus="published" />
  <Add CultureName="en-GB" SourceCultureName="en-GB" FieldName="Page spots" Id="9b6452c0-b6e4-4f0b-91ad-6f7cdcefb5f4" PageId="49279e98-8835-4bee-b906-daba0b915963" PublicationStatus="published" />
  <Add Spots="b9bf840f-d053-46bd-b884-c9c5a4e7d856,06f41e1f-b7a5-4020-b008-3d58b4024785" CultureName="en-GB" SourceCultureName="en-GB" FieldName="Page spots" Id="5768b774-bf9e-494a-8f54-0de84846beb8" PageId="d2c05ce4-d7b2-41a9-82e9-24101887c1a8" PublicationStatus="published" />
  <Add CultureName="en-GB" SourceCultureName="en-GB" FieldName="Page spots" Id="a8f7aad0-f3bf-4847-9a9f-8ace395ec316" PageId="dd7ec1e9-2498-4117-8698-320fb31ba70c" PublicationStatus="published" />
  <Add Spots="" CultureName="en-GB" SourceCultureName="en-GB" FieldName="Page spots" Id="8daad1a7-fac3-4361-83c5-abfb333df903" PageId="3b5d59a7-cd9a-41ae-869f-2fc8e8884ef9" PublicationStatus="published" />
  <Add Spots="ea280f63-4e7b-47ba-acd5-8a6d8a6ab224" CultureName="en-GB" SourceCultureName="en-GB" FieldName="Page spots" Id="3f2592b4-7d30-4b14-bf03-ec82e02226cf" PageId="f95261d2-dc5e-4304-9a2d-ef27a18e63b8" PublicationStatus="published" />
  <Add Spots="" CultureName="en-GB" SourceCultureName="en-GB" FieldName="Page spots" Id="56e715d1-bc26-4051-9897-d7a22e9e1f37" PageId="dcf17a8b-f9b9-4eb2-a341-475cb7f4299e" PublicationStatus="published" />
</Data>