﻿<?xml version="1.0" encoding="utf-8"?>
<Data>
  <Add CultureName="en-GB" SourceCultureName="en-GB" FieldName="Splash Image" Id="0881ee5b-cbef-43cf-bdb9-63362bad2340" PageId="dd7ec1e9-2498-4117-8698-320fb31ba70c" PublicationStatus="published" />
  <Add CultureName="en-GB" SourceCultureName="en-GB" FieldName="Splash Image" Id="93ccc526-14a0-479e-8197-963f74240190" PageId="7ead8cee-af5c-4a18-9f14-3fcf282358fc" PublicationStatus="published" />
  <Add CultureName="en-GB" SourceCultureName="en-GB" FieldName="Splash Image" Id="674a3a47-c672-4d21-87f0-5e1cafa4a1fb" PageId="0e5ab38e-0463-4003-907f-40d7d9eaf50f" PublicationStatus="published" />
  <Add CultureName="en-GB" SourceCultureName="en-GB" FieldName="Splash Image" Id="e6de3f12-f774-4955-a320-7a6022550076" PageId="59811f04-b051-439e-aedf-441ea18532e1" PublicationStatus="published" />
  <Add CultureName="en-GB" SourceCultureName="en-GB" FieldName="Splash Image" Id="442dccbe-6257-4b1c-a629-0439627bcd19" PageId="a874d2b6-314f-4db6-8ee6-2b736ad57594" PublicationStatus="published" />
  <Add CultureName="en-GB" SourceCultureName="en-GB" FieldName="Splash Image" Id="42bb59a0-9c21-47f9-9a64-c7fea0151b58" PageId="ca8c4bdb-3483-4771-8a05-5dc9fc29c82e" PublicationStatus="published" />
  <Add CultureName="en-GB" SourceCultureName="en-GB" FieldName="Splash Image" Id="849e40b5-2a99-4139-a372-f219205fb045" PageId="af988855-1f35-474b-9b36-4f3fe36b849e" PublicationStatus="published" />
  <Add CultureName="en-GB" SourceCultureName="en-GB" FieldName="Splash Image" Id="4d4b700f-1d1f-467d-bac2-1cf45b7e4d8b" PageId="e64743ad-d98a-4380-9bc8-0862f1974acc" PublicationStatus="published" />
  <Add CultureName="en-GB" SourceCultureName="en-GB" FieldName="Splash Image" Id="8779079e-e3df-40ec-b1a9-663b10c5e04d" PageId="ca9e99df-2aca-46f6-a577-fe85f43000bb" PublicationStatus="published" />
  <Add CultureName="en-GB" SourceCultureName="en-GB" FieldName="Splash Image" Id="082e3c38-4bca-4bb9-8e4b-b038e566998d" PageId="143bc4f6-782e-4044-8e6e-decc19e4976e" PublicationStatus="published" />
  <Add Image="MediaArchive:66816159-5652-45b2-8099-0916f760febe" CultureName="en-GB" SourceCultureName="en-GB" FieldName="Splash Image" Id="ec210ae8-e84b-4068-9943-6aa797d0ec1c" PageId="69f9e0f1-e2ce-4b99-a1ba-5117964b0793" PublicationStatus="published" />
  <Add CultureName="en-GB" SourceCultureName="en-GB" FieldName="Splash Image" Id="53ebd25f-c9d9-4057-98d4-2a1c502b353a" PageId="6f11338c-3f6a-4b2a-953d-f25ec8571dc3" PublicationStatus="published" />
  <Add CultureName="en-GB" SourceCultureName="en-GB" FieldName="Splash Image" Id="4d9f6537-9301-4777-af99-7801fc91b45c" PageId="be41b811-b03f-4323-82f9-f4013fef00b2" PublicationStatus="published" />
  <Add CultureName="en-GB" SourceCultureName="en-GB" FieldName="Splash Image" Id="aa2a2de2-ddae-425a-95c9-f722387aed1f" PageId="850c1c4b-71c6-408d-aa8b-409fdca3a676" PublicationStatus="published" />
  <Add CultureName="en-GB" SourceCultureName="en-GB" FieldName="Splash Image" Id="9959fc73-e1cd-4119-9ec0-2da42dc63939" PageId="a822a354-2a03-46f3-8b5f-8ee23ad25dd9" PublicationStatus="published" />
  <Add CultureName="en-GB" SourceCultureName="en-GB" FieldName="Splash Image" Id="9336d75f-8fe9-4791-9487-39e44d392d2c" PageId="4617564e-3528-4f3b-af2c-72c4e83783a8" PublicationStatus="published" />
  <Add CultureName="en-GB" SourceCultureName="en-GB" FieldName="Splash Image" Id="18c7855f-a965-4aa7-8d88-457bb1392a08" PageId="dcf17a8b-f9b9-4eb2-a341-475cb7f4299e" PublicationStatus="published" />
  <Add CultureName="en-GB" SourceCultureName="en-GB" FieldName="Splash Image" Id="35581aba-4f8c-43d5-9616-92f6e071bf84" PageId="c9f9bd57-b5fe-49b4-87b4-28d4f447d781" PublicationStatus="published" />
  <Add CultureName="en-GB" SourceCultureName="en-GB" FieldName="Splash Image" Id="1c11c290-bc4f-43cb-b852-4f63175b6467" PageId="67fbca08-fd0e-472d-a836-0bc496191937" PublicationStatus="published" />
  <Add CultureName="en-GB" SourceCultureName="en-GB" FieldName="Splash Image" Id="93927dce-04f1-4c94-aba2-5f5513abc7c0" PageId="69341281-7ca9-4922-b17d-f2d1962fadbd" PublicationStatus="published" />
  <Add CultureName="en-GB" SourceCultureName="en-GB" FieldName="Splash Image" Id="ab937f33-da1e-4c44-825b-8b8c7ac5be40" PageId="ce057106-d785-4a34-89b8-acc10e3adaa6" PublicationStatus="published" />
  <Add CultureName="en-GB" SourceCultureName="en-GB" FieldName="Splash Image" Id="8ffe9c39-6e62-406d-9e9b-ca506670c36e" PageId="eab5e806-caed-4d71-8268-7b57fe61b30a" PublicationStatus="published" />
  <Add CultureName="en-GB" SourceCultureName="en-GB" FieldName="Splash Image" Id="59c67e9a-6056-4782-a30f-5698897980ea" PageId="1498a326-f0ff-4742-a7eb-742511a9863f" PublicationStatus="published" />
  <Add Image="MediaArchive:6fe4f684-6573-4cfe-9798-d7ff787e5d1f" CultureName="en-GB" SourceCultureName="en-GB" FieldName="Splash Image" Id="d178a506-c9b2-4841-89fb-654561fc08c4" PageId="398932b1-314b-4baf-b3f0-b1445f806aae" PublicationStatus="published" />
  <Add CultureName="en-GB" SourceCultureName="en-GB" FieldName="Splash Image" Id="8fe39c55-e5bd-4adc-9b9b-7f07abb23814" PageId="22ac7b01-d466-458c-a2db-576d7097a6ea" PublicationStatus="published" />
  <Add CultureName="en-GB" SourceCultureName="en-GB" FieldName="Splash Image" Id="8dd77e7b-cbd9-4d18-83f0-c58532a99183" PageId="e895b7ab-8ffb-486f-b2a1-5cb893a5113a" PublicationStatus="published" />
  <Add CultureName="en-GB" SourceCultureName="en-GB" FieldName="Splash Image" Id="761dee7f-59e9-4b3e-ac3b-0af6ebb1476d" PageId="c15634b0-7467-4880-9ca8-d2194a524001" PublicationStatus="published" />
  <Add Image="MediaArchive:62dad7c1-dfe6-442c-ab0f-01cddfcaf0e5" CultureName="en-GB" SourceCultureName="en-GB" FieldName="Splash Image" Id="a513b5d1-7525-4d57-8edb-2c33fd9d48d1" PageId="d2c05ce4-d7b2-41a9-82e9-24101887c1a8" PublicationStatus="published" />
  <Add CultureName="en-GB" SourceCultureName="en-GB" FieldName="Splash Image" Id="aad4b3d7-3e97-4b87-aa87-4d15b1076e43" PageId="a5f19a94-994f-45b0-b8ce-aa0f1b2e6d96" PublicationStatus="published" />
  <Add Image="MediaArchive:aa1082d0-807f-46b0-9cd2-81e9125ef35a" CultureName="en-GB" SourceCultureName="en-GB" FieldName="Splash Image" Id="207588dc-aeca-47e3-b4a9-da4f200b6142" PageId="cfb8b462-9f53-4685-a5cb-d17d67dd8357" PublicationStatus="published" />
  <Add CultureName="en-GB" SourceCultureName="en-GB" FieldName="Splash Image" Id="189524cf-5167-4fd1-a5b6-c301380d8e45" PageId="9c1cf9e7-a771-4b0a-817e-2cd0b69709bc" PublicationStatus="published" />
  <Add CultureName="en-GB" SourceCultureName="en-GB" FieldName="Splash Image" Id="08341078-8334-4efa-aa22-48a633f7ab21" PageId="6827f674-8948-4f15-94dc-8069bda47822" PublicationStatus="published" />
  <Add CultureName="en-GB" SourceCultureName="en-GB" FieldName="Splash Image" Id="59eb516c-86a9-4eb1-9b8f-95383c8cce8a" PageId="fc84df32-5144-4602-9247-8f527f4bf15c" PublicationStatus="published" />
  <Add CultureName="en-GB" SourceCultureName="en-GB" FieldName="Splash Image" Id="6b70c14c-8394-46a8-b959-ee379dcb7c0e" PageId="6bc139a9-8966-4900-b9eb-dfdd9ec983ae" PublicationStatus="published" />
  <Add CultureName="en-GB" SourceCultureName="en-GB" FieldName="Splash Image" Id="ec2ae43c-6996-477d-af68-cb83dc68d42c" PageId="e59b5870-4bb0-416e-b759-05b50339303d" PublicationStatus="published" />
  <Add CultureName="en-GB" SourceCultureName="en-GB" FieldName="Splash Image" Id="b8f5401f-72b7-4a7f-90c9-36e197a66467" PageId="f95261d2-dc5e-4304-9a2d-ef27a18e63b8" PublicationStatus="published" />
  <Add Image="MediaArchive:6282563b-9763-4d67-a7d9-62d93a217053" CultureName="en-GB" SourceCultureName="en-GB" FieldName="Splash Image" Id="0e71feea-e0f2-4fa5-b7fe-c6dcb4e09661" PageId="23958ceb-a18f-4f04-b507-ff76adc927ab" PublicationStatus="published" />
  <Add CultureName="en-GB" SourceCultureName="en-GB" FieldName="Splash Image" Id="7f882faa-bfb6-4753-b614-eb1e86aa4d6f" PageId="1f95c63e-7bda-4b7f-93ad-d168e79caba9" PublicationStatus="published" />
</Data>