﻿<?xml version="1.0" encoding="utf-8"?>
<Data>
  <Add Id="e834e574-4738-4e36-8d13-7541687b8b03" Title="Latest news" Content="&lt;html xmlns=&quot;http://www.w3.org/1999/xhtml&quot;&gt;&#xA;&#x9;&lt;head&gt;&lt;/head&gt;&#xA;&#x9;&lt;body&gt;&#xA;&#x9;&#x9;&lt;f:function name=&quot;Omnicorp.Content.News&quot; xmlns:f=&quot;http://www.composite.net/ns/function/1.0&quot; /&gt;&#xA;&#x9;&lt;/body&gt;&#xA;&lt;/html&gt;" UseRandom="False" CultureName="en-GB" SourceCultureName="en-GB" />
  <Add Id="ea280f63-4e7b-47ba-acd5-8a6d8a6ab224" Title="[EMPTY]" Content="&lt;html xmlns='http://www.w3.org/1999/xhtml'&gt;  &lt;head&gt;&lt;/head&gt;  &lt;body&gt;     &lt;/body&gt; &lt;/html&gt;" UseRandom="False" CultureName="en-GB" SourceCultureName="en-GB" />
  <Add Id="6bef7c23-8a7a-4b08-91b9-b8d28b4353dc" Title="Test spot 1" Content="&lt;html xmlns=&quot;http://www.w3.org/1999/xhtml&quot;&gt;  &lt;head&gt;&lt;/head&gt;  &lt;body&gt;   &lt;h2&gt;Test spot 1   &lt;br /&gt;&lt;/h2&gt;   &lt;p&gt;Proin pretium molestie sem, ac ultrices nunc vehicula eu. Maecenas metus metus, scelerisque non molestie a, consequat eget dolor. Nunc et arcu massa.&lt;/p&gt;  &lt;/body&gt; &lt;/html&gt;" UseRandom="True" CultureName="en-GB" SourceCultureName="en-GB" />
  <Add Id="06f41e1f-b7a5-4020-b008-3d58b4024785" Title="Test spot 2" Content="&lt;html xmlns=&quot;http://www.w3.org/1999/xhtml&quot;&gt;&#xA;&#x9;&lt;head&gt;&lt;/head&gt;&#xA;&#x9;&lt;body&gt;&#xA;&#x9;&#x9;&lt;h2&gt;Test spot 2&#xA;&#x9;&#x9;&lt;br /&gt;&lt;/h2&gt;&#xA;&#x9;&#x9;&lt;p&gt;Aliquam a ipsum id est fermentum mollis. Ut tempor consectetur purus, ac ultrices orci malesuada ut. Nam dapibus bibendum nulla, eu laoreet mi.&lt;/p&gt;&#xA;&#x9;&lt;/body&gt;&#xA;&lt;/html&gt;" UseRandom="True" CultureName="en-GB" SourceCultureName="en-GB" />
  <Add Id="9f1f5e5a-54cc-494d-87c0-c58b76af8a80" Title="Test spot 3" Content="&lt;html xmlns=&quot;http://www.w3.org/1999/xhtml&quot;&gt;  &lt;head&gt;&lt;/head&gt;  &lt;body&gt;   &lt;h2&gt;Test spot 3   &lt;br /&gt;&lt;/h2&gt;   &lt;p&gt;Morbi venenatis arcu convallis mauris tristique scelerisque. Sed quis massa a eros imperdiet feugiat id pulvinar nisl. Cras tellus lectus, lacinia nec congue.&lt;/p&gt;  &lt;/body&gt; &lt;/html&gt;" UseRandom="True" CultureName="en-GB" SourceCultureName="en-GB" />
  <Add Id="b9bf840f-d053-46bd-b884-c9c5a4e7d856" Title="Test spot 4" Content="&lt;html xmlns=&quot;http://www.w3.org/1999/xhtml&quot;&gt;  &lt;head&gt;&lt;/head&gt;  &lt;body&gt;   &lt;h2&gt;Test spot 4   &lt;br /&gt;&lt;/h2&gt;   &lt;p&gt;Nulla euismod imperdiet porta. Vivamus pretium viverra enim in porttitor. Nunc auctor urna nec risus ullamcorper id viverra orci convallis. Sed turpis lacus.&lt;/p&gt;  &lt;/body&gt; &lt;/html&gt;" UseRandom="True" CultureName="en-GB" SourceCultureName="en-GB" />
  <Add Id="03f7153f-0709-44e1-b11c-0633c3a69fd6" Title="Random spot" Content="&lt;html xmlns=&quot;http://www.w3.org/1999/xhtml&quot;&gt;&#xA;&#x9;&lt;head&gt;&lt;/head&gt;&#xA;&#x9;&lt;body&gt;&#xA;&#x9;&#x9;&lt;f:function name=&quot;Omnicorp.Content.RandomSpot&quot; xmlns:f=&quot;http://www.composite.net/ns/function/1.0&quot;&gt;&#xA;&#x9;&#x9;&#x9;&lt;f:param name=&quot;SpotCount&quot; value=&quot;4&quot; xmlns:f=&quot;http://www.composite.net/ns/function/1.0&quot; /&gt;&#xA;&#x9;&#x9;&lt;/f:function&gt;&#xA;&#x9;&lt;/body&gt;&#xA;&lt;/html&gt;" UseRandom="False" CultureName="en-GB" SourceCultureName="en-GB" />
  <Add Id="5bd8830c-006d-4405-838c-5e4fe66a4230" Title="Test spot 5" Content="&lt;html xmlns=&quot;http://www.w3.org/1999/xhtml&quot;&gt;&#xA;&#x9;&lt;head&gt;&lt;/head&gt;&#xA;&#x9;&lt;body&gt;&#xA;&#x9;&#x9;&lt;h2&gt;Test spot 5&#xA;&#x9;&#x9;&lt;br /&gt;&lt;/h2&gt;&#xA;&#x9;&#x9;&lt;p&gt;Lorem ipsum dolor sit amet, consectetur adipiscing elit. Praesent id tortor ut sem placerat gravida imperdiet quis massa. Cras tincidunt iaculis volutpat. Suspendisse.&lt;/p&gt;&#xA;&#x9;&lt;/body&gt;&#xA;&lt;/html&gt;" UseRandom="True" CultureName="en-GB" SourceCultureName="en-GB" />
</Data>