﻿<?xml version="1.0" encoding="utf-8"?>
<strings>
  <string key="AddOnManager.CompositeVersionMisMatch" value="Версія пакета C1 не відповідає поточній версії С1" />
  <string key="AddOnManager.NewerVersionInstlled" value="Пакет з більш новою версією вже встановлено" />
  <string key="AddOnManager.MissingAddOnDirectory" value="Неможливо знайти шлях каталогу пакету '{0}'" />
  <string key="AddOnManager.Uninstallable" value="Пакет відзначений як такий, що не видаляється з системи" />
  <string key="AddOnManager.MissingZipFile" value="Не вдалося знайти шлях до Zip-файлу пакету '{0}'" />
  <string key="AddOnManager.MissingUninstallFile" value="Не вдалося знайти шлях до файлу видалення пакета &quot;{0} '" />
  <string key="AddOnManager.MissingElement" value="Відсутній елемент '{0}'." />
  <string key="AddOnManager.MissingAttribute" value="Відсутній атрибут '{0}'." />
  <string key="AddOnManager.InvalidAttributeValue" value="Значення атрибуту '{0}' неприпустимо." />
  <string key="AddOnManager.InvalidElementValue" value="Значення елемента '{0}' неприпустиме." />
  <string key="ConfigurationTransformationAddOnFragmentInstaller.ExpectedExactlyTwoElements" value="Очікувалися рівно два елементи, '{0} &quot;і&quot; {1}'" />
  <string key="ConfigurationTransformationAddOnFragmentInstaller.MissingElement" value="Відсутній елемент '{0}'." />
  <string key="ConfigurationTransformationAddOnFragmentInstaller.MissingAttribute" value="Відсутній атрибут '{0}'." />
  <string key="ConfigurationTransformationAddOnFragmentInstaller.PathDoesNotExist" value="Шлях '{0}' не існує в Zip-файлі." />
  <string key="ConfigurationTransformationAddOnFragmentInstaller.UnableToParsXslt" value="Не вдалося розпарсити XSLT в Zip-файлі '{0}'. {1}" />
  <string key="ConfigurationTransformationAddOnFragmentInstaller.XsltWillGeneratedInvalid" value="XSLT файл '{0}' згенерує файл конфігурації у неприпустимому форматі. {1}" />
  <string key="DataAddOnFragmentInstaller.OnlyOneElement" value="Допускається лише один елемент &quot;Types&quot;" />
  <string key="DataAddOnFragmentInstaller.MissingElement" value="Відсутній елемент &quot;Types&quot;" />
  <string key="DataAddOnFragmentInstaller.MissingAttribute" value="Відсутній атрибут {0} в конфігурації" />
  <string key="DataAddOnFragmentInstaller.WrongDataScopeIdentifier" value="Неправильне ім'я DataScopeIdentifier ({0}) в конфігурації" />
  <string key="DataAddOnFragmentInstaller.WrongLocale" value="Неправильно ім'я культури ({0}) в конфігурації" />
  <string key="DataAddOnFragmentInstaller.MissingFile" value="Відсутній файл '{0}' в Zip-файлі пакета" />
  <string key="DataAddOnFragmentInstaller.TypeNotConfigured" value="Тип інтерфейсу даних '{0}' не було налаштовано в системі" />
  <string key="DataAddOnFragmentInstaller.TypeNotInheriting" value="Тип інтерфейсу даних '{0}' не успадковує інтерфейс '{1}'" />
  <string key="DataAddOnFragmentInstaller.MissingProperty" value="Тип інтерфейсу даних '{0}' не має властивість з ім'ям '{1}'" />
  <string key="DataAddOnFragmentInstaller.MissingWritableProperty" value="У типу інтерфейсу даних '{0}' немає властивості, що можна змінювати,  з ім'ям '{1}'" />
  <string key="DataAddOnFragmentInstaller.ConversionFailed" value="Не вдалося перетворити значення '{0}' в тип '{1}'" />
  <string key="DataAddOnFragmentInstaller.MissingPropertyVaule" value="У властивості '{0}' інтерфейсу '{1}' відсутнє значення." />
  <string key="DataAddOnFragmentInstaller.DataExists" value="Елемент даних типу інтерфейсу даних '{0}' вже існує" />
  <string key="DataAddOnFragmentInstaller.MissingTypeDescriptor" value="Відсутній дескриптор типу даних для типу {0}" />
  <string key="DataAddOnFragmentInstaller.TypeNonLocalizedWithLocale" value="Тип даних &quot;{0}&quot; не локалізовано, але локаль зазаначена в конфігурації" />
  <string key="DataAddOnFragmentInstaller.TypeLocalizedWithoutLocale" value="Тип даних &quot;{0}&quot; локалізовано, але локалі не зазаначені в конфігурації" />
  <string key="DataAddOnFragmentUninstaller.OnlyOneElement" value="Допускається лише один елемент &quot;Types&quot;" />
  <string key="DataAddOnFragmentUninstaller.MissingAttribute" value="Відсутній атрибут {0} в конфігурації" />
  <string key="DataAddOnFragmentUninstaller.MissingKeyProperty" value="Тип даних '{0}' не містить ключову властивість з ім'ям '{1}'" />
  <string key="DataTypeAddOnFragmentInstaller.OnlyOneElement" value="Допускається лише один елемент &quot;Types&quot;" />
  <string key="DataTypeAddOnFragmentInstaller.MissingElement" value="Відсутній елемент &quot;Types&quot;" />
  <string key="DataTypeAddOnFragmentInstaller.MissingAttribute" value="Відсутній атрибут {0} в конфігурації" />
  <string key="DataTypeAddOnFragmentInstaller.TypeNotConfigured" value="Тип інтерфейсу даних '{0}' не було налаштовано в системі" />
  <string key="DataTypeAddOnFragmentInstaller.TypeNotInheriting" value="Тип інтерфейсу даних '{0}' не успадковує інтерфейс '{1}'" />
  <string key="DataTypeAddOnFragmentInstaller.TypeExists" value="Інтерфейс типу &quot;{0}&quot; вже існує в системі" />
  <string key="DataTypeAddOnFragmentInstaller.InterfaceCodeError" value="Інтерфейс типу '{0}' неправильно закодований" />
  <string key="DataTypeAddOnFragmentUninstaller.OnlyOneElement" value="Допускається лише один елемент &quot;Types&quot;" />
  <string key="DataTypeAddOnFragmentUninstaller.MissingAttribute" value="Відсутній атрибут {0} в конфігурації" />
  <string key="DataTypeAddOnFragmentUninstaller.WrongAttributeFormat" value="Неправильний формат атрибутів в конфігурації" />
  <string key="DynamicDataTypeAddOnFragmentInstaller.OnlyOneElement" value="Допускається лише один елемент &quot;Types&quot;" />
  <string key="DynamicDataTypeAddOnFragmentInstaller.MissingElement" value="Відсутній елемент &quot;Types&quot;" />
  <string key="DynamicDataTypeAddOnFragmentInstaller.DataTypeDescriptorParseError" value="Помилка XML під час парсінгу атрибута даних TypeDescriptor" />
  <string key="DynamicDataTypeAddOnFragmentInstaller.DataTypeDescriptorDeserializeError" value="Помилка під час десеріалізациі типу даних. Текст помилки: {0}." />
  <string key="DynamicDataTypeAddOnFragmentInstaller.MissingReferencedType" value="Не можу знайти залежний тип '{0}'." />
  <string key="DynamicDataTypeAddOnFragmentInstaller.TypeExists" value="Тип інтерфейсу &quot;{0}&quot; вже існує в системі" />
  <string key="DynamicDataTypeAddOnFragmentUninstaller.OnlyOneElement" value="Допускається лише один елемент &quot;Types&quot;" />
  <string key="DynamicDataTypeAddOnFragmentUninstaller.MissingAttribute" value="Відсутній атрибут {0} в конфігурації" />
  <string key="DynamicDataTypeAddOnFragmentUninstaller.WrongAttributeFormat" value="Неправильний формат атрибутів в конфігурації" />
  <string key="FileAddOnFragmentInstaller.OnlyOneFilesElement" value="Допускається лише один елемент &quot;Files&quot;" />
  <string key="FileAddOnFragmentInstaller.OnlyOneDirectoriesElement" value="Допускається лише один елемент &quot;Directories&quot;" />
  <string key="FileAddOnFragmentInstaller.MissingAttribute" value="Відсутній атрибут {0} в конфігурації" />
  <string key="FileAddOnFragmentInstaller.DeleteTargetDirectoryNotAllowed" value="Атрибут 'deleteTargetDirectory' може бути застосований лише до каталогів, а не файлів" />
  <string key="FileAddOnFragmentInstaller.WrongAttributeBoolFormat" value="Неправильний формат значення атрибуту, очікується значення bool" />
  <string key="FileAddOnFragmentInstaller.MissingFile" value="Інсталяційний ZIP-файл не містить файл '{0}'" />
  <string key="FileAddOnFragmentInstaller.FileExists" value="Файл '{0}' вже існує" />
  <string key="FileAddOnFragmentInstaller.FileReadOnly" value="Файл '{0}' позначений &quot;тільки для читання&quot; і тому не може бути перезаписаний." />
  <string key="FileAddOnFragmentInstaller.AssemblyLoadNotAllowed" value="Атрибут &quot;assemblyLoad 'може бути застосований лише до файлів, а не каталогів" />
  <string key="FileAddOnFragmentInstaller.OnlyUpdateNotAllowed" value="Атрибут &quot;onlyUpdate 'може бути застосований лише до файлів, а не каталогах" />
  <string key="FileAddOnFragmentInstaller.OnlyUpdateNotAllowedWithLoadAssemlby" value="Атрибут &quot;onlyUpdate&quot; неприпустимий у поєднанні з атрибутом &quot;loadAssembly&quot;" />
  <string key="FileAddOnFragmentInstaller.MissingDirectory" value="Інсталяційний ZIP-файл не містить каталог '{0}'" />
  <string key="FileAddOnFragmentInstaller.WrongBasePath" value="Uninstall.xml містить шляхи до файлів, пов'язані з вихідного розташування сайту, таким чином пакет не може бути безпечно вилучений з системи." />
  <string key="FileAddOnFragmentUninstaller.OnlyOneFilesElement" value="Допускається лише один елемент &quot;Files&quot;" />
  <string key="VirtualElementProviderNodeAddOnFragmentInstaller.OnlyOneElement" value="Допускається лише один елемент &quot;Areas&quot;" />
  <string key="VirtualElementProviderNodeAddOnFragmentInstaller.MissingType" value="Не вдалося знайти тип '{0}'" />
  <string key="VirtualElementProviderNodeAddOnFragmentInstaller.MissingIcon" value="Не вдалося знайти значок '{0}'" />
  <string key="VirtualElementProviderNodeAddOnFragmentUninstaller.OnlyOneElement" value="Допускається лише один елемент &quot;Areas&quot;" />
  <string key="VirtualElementProviderNodeAddOnFragmentUninstaller.MissingAttribute" value="Відсутній атрибут {0} в конфігурації" />
  <string key="FileXslTransformationPackageFragmentInstaller.MissingAttribute" value="Відсутній атрибут {0} в конфігурації" />
  <string key="FileXslTransformationPackageFragmentInstaller.FileNotFound" value="Файл '{0}' не знайдено" />
  <string key="PackageVersionBumberFragmentInstaller.OnlyOneElement" value="Допускається лише один елемент &quot;PackageVersions&quot;" />
  <string key="PackageVersionBumberFragmentInstaller.MissingAttribute" value="Відсутній атрибут {0} в конфігурації" />
  <string key="PackageVersionBumberFragmentInstaller.WrongAttributeGuidFormat" value="Неправильний формат значення атрибуту, очікується значення Guid" />
  <string key="PackageVersionBumberFragmentInstaller.PackageIdDuplicate" value="Дублювання ідентифікатора пакету: '{0}'" />
  <string key="PackageVersionBumberFragmentInstaller.WrongAttributeVersionFormat" value="Неправильний формат значення атрибуту, очікується значення версії (x.y.z)" />
  <string key="PackageVersionBumberFragmentUninstaller.OnlyOneElement" value="Допускається лише один елемент &quot;PackageVersions&quot;" />
  <string key="PackageVersionBumberFragmentUninstaller.MissingAttribute" value="Відсутній атрибут {0} в конфігурації" />
  <string key="PackageVersionBumberFragmentUninstaller.WrongAttributeGuidFormat" value="Неправильний формат значення атрибуту, очікується значення Guid" />
  <string key="PackageVersionBumberFragmentUninstaller.PackageIdDuplicate" value="Дублюючийся ідентифікатор пакету: '{0}'" />
  <string key="PackageVersionBumberFragmentUninstaller.WrongAttributeVersionFormat" value="Неправильний формат значення атрибуту, очікується значення версії (x.y.z)" />
  <string key="PackageLicenseFragmentInstaller.MissingPublicKeyElement" value="Публічний ключ RSA відсутній у конфигурації пакета" />
</strings>
