﻿<?xml version="1.0" encoding="UTF-8"?>

<strings>
  
  <string key="AddNewButtonLabel" value="Додати" />
  <string key="DeleteButtonLabel" value="Видалити" />

  <string key="TreeRootNodeLabel" value="Список вхідних параметрів" />

  <string key="ParameterNamingGroupLabel" value="Імена параметрів і довідка" />
  <string key="Name" value="Ім'я параметра" />
  <string key="NameHelp" value="Ім'я параметра. Ім'я використовується системою для ідентифікації цього параметра. Імена повинні бути унікальними і не можуть містити пробіли та інші спеціальні символи. Використовуйте імена такі, як &quot;Title&quot;, &quot;StartDate&quot;, &quot;LargeImage&quot; і т.д." />
  <string key="Label" value="Напис" />
  <string key="LabelHelp" value="Текст, який користувачі будуть бачити під час вибору значення для цього параметра. Це &quot;зрозуміле користувачу ім'я&quot; для параметра." />
  <string key="Help" value="Довідка" />
  <string key="HelpHelp" value="Напишіть короткий текст, який пояснить користувачеві, що робити з параметром." />

  <string key="ParameterTypeValueGroupLabel" value="Тип і значення параметра" />
  <string key="Type" value="Тип параметра" />
  <string key="TypeHelp" value="Тип цього параметра." />
  <string key="DefaultValue" value="Значення за замовчуванням" />
  <string key="DefaultValueHelp" value="Ви можете вказати значення за замовчуванням для цього параметра. Якщо у параметра є значення за замовчуванням, користувачам не потрібно вказувати його під час виклику функції." />
  <string key="DefaultValueSpecify" value="Вибрати значення за замовчуванням" />
  <string key="DefaultValueEdit" value="Змінити значення за замовчуванням" />
  <string key="DefaultValueDialogLabel" value="Значення параметра за замовчуванням" />
  
  <string key="TestValue" value="Тестове значення" />
  <string key="TestValueHelp" value="Під час попереднього перегляду можна перевірити функцію різними значеннями вхідних параметрів за допомогою цього поля. Якщо його залишити порожнім, для попереднього перегляду буде використовуватися значення за замовчуванням." />
  <string key="TestValueSpecify" value="Вибрати тестове значення" />
  <string key="TestValueEdit" value="Змінити тестове значення" />
  <string key="TestValueDialogLabel" value="Тестове значення параметра" />

  <string key="ParameterPresentationGroupLabel" value="Представлення параметра" />
  <string key="Widget" value="Віджет" />
  <string key="WidgetHelp" value="Ви можете вибрати тип елемента керування для вводу (наприклад, TextBox), використовуючи його при визначенні значення цього параметра. Віджети доступні тільки для простих типів." />
  <string key="NoWidgetSpecifiedLabel" value="(Не вказано віджет)" />
  <string key="WidgetDialogLabel" value="Віджет параметра" />
  <string key="Position" value="Позиція" />
  <string key="PositionLast" value="Остання" />
  <string key="PositionHelp" value="Позиція параметра. Управляє порядком параметрів у списку." />

  <string key="SpecifyWidgetTip" value="Не забудьте вказати віджет ..." />
  <string key="NoWidgetsTip" value="Віджети для зазначеного типу не доступні. Користувачі повинні використовувати виклик функції, щоб вибрати значення для цього параметра." />

  <string key="FieldNameSyntaxInvalid" value="Зазначене ім'я неприпустимо." />
  <string key="CannotSave" value="Не вдалося зберегти ... Інший параметр має те ж ім'я. Будь ласка, використовуйте інше ім'я." />

  <string key="SpaceInNameError" value="Неприпустиме ім'я. Імена параметрів не можуть містити пробіли. Ви можете вказати зрозуміле користувачу ім'я в полі &quot;Напис&quot; нижче." />
  <string key="NameEmptyError" value="Імена параметрів не можуть бути порожніми. Будь ласка, вкажіть ім'я." />
  <string key="NameAlreadyInUseError" value="Інший параметр використовує це ім'я. Імена параметрів повинні бути унікальними." />



</strings>



