﻿<?xml version="1.0" encoding="utf-8"?>
<strings>
  <string key="SEOAssistant" value="SEO Assistant" />
  <string key="IntroText" value="Відкрийте сторінку для попереднього перегляду, щоб побачити результати перевірки SEO." />
  <string key="TabResult" value="Результат" />
  <string key="TabKeywords" value="Ключові слова" />
  <string key="NoKeywordsWarning" value="Не вказані ключові слова." />
  <string key="isInTitle" value="Ключове слово в заголовку сторінки" />
  <string key="isInURL" value="Ключове слово в URL" />
  <string key="isInMenuTitle" value="Ключове слово в заголовку меню" />
  <string key="isInDescription" value="Ключове слово в описі" />
  <string key="isInHeading" value="Ключове слово в заголовку тексту" />
  <string key="isInContent" value="Ключове слово в контенті" />
  <string key="NoKeywords" value="Немає ключових слів" />
</strings>
