﻿<?xml version="1.0" encoding="utf-8" ?>
<strings>
	<string key="WebsiteFilesRootElement.Label" value="/" />
	<string key="LayoutResourcesRootElement.Label" value="/" /> <!-- Layout Resources -->
	<string key="LayoutResourcesKeyNameLabel" value="Макет" />
	
	<string key="DeleteFile.LabelFieldGroup" value="Видалити файл?" />
	<string key="DeleteFile.Text" value="Видалити файл?" />
	<string key="DeleteFolder.LabelFieldGroup" value="Видалити папку?" />
	<string key="DeleteFolder.Text" value="Видалити папку?" />
	<string key="AddNewFolder.LabelFieldGroup" value="Додати нову папку" />
	<string key="AddNewFolder.Text" value="Ім'я папки" />
	<string key="AddNewFolder.Help" value="Введіть ім'я нової папки" />
	<string key="AddNewFolder.Error.FolderExist" value="Папка з таким ім'ям вже існує" />
	<string key="AddNewFile.LabelFieldGroup" value="Додати новий файл" />
	<string key="AddNewFile.Text" value="Назва файлу" />
	<string key="AddNewFile.Help" value="Введіть ім'я нового файлу" />
	<string key="AddNewFile.Error.FileExist" value="Файл з такою назвою вже існує" />
	<string key="UploadNewWebsiteFile.LabelFieldGroup" value="Надіслати файл" />
	<string key="UploadNewWebsiteFile.LabelFile" value="Виберіть файл" />
	<string key="UploadNewWebsiteFile.HelpFile" value="Виберіть файл для надсилання" />
  <string key="UploadNewWebsiteFile.ConfirmOverwriteTitle" value="Перезаписати існуючий файл" />
  <string key="UploadNewWebsiteFile.ConfirmOverwriteDescription" value="Файл з такою назвою вже існує, перезаписати?" />
	<string key="UploadFile.Error.WrongTypeTitle" value="Невірний тип файлу" />
	<string key="UploadFile.Error.WrongTypeMessage" value="Невірний тип файлу" />
	

	<string key="AddWebsiteFolderTitle" value="Нова папка" />
	<string key="AddWebsiteFolderToolTip" value="Додати нову папку" />
	<string key="AddWebsiteFileTitle" value="Новий файл" />
	<string key="AddWebsiteFileToolTip" value="Створити новий файл" />
	<string key="DeleteWebsiteFileTitle" value="Видалити файл" />
	<string key="DeleteWebsiteFileToolTip" value="Видалити файл" />
  <string key="DownloadFileTitle" value="Завантажити" />
  <string key="DownloadFileToolTip" value="Завантажити файл" />
  <string key="DeleteWebsiteFolderTitle" value="Видалити папку" />
	<string key="DeleteWebsiteFolderToolTip" value="Видалити папку" />
	<string key="EditWebsiteFileTitle" value="Змінити файл" />
	<string key="EditWebsiteFileToolTip" value="Змінити файл" />
	<string key="UploadWebsiteFileTitle" value="Надіслати файл" />
	<string key="UploadWebsiteFileToolTip" value="Надіслати файл" />
	<string key="AddFolderToWhiteListTitle" value="Показати в розділі &quot;{0}&quot;" />
	<string key="AddFolderToWhiteListToolTip" value="Вибрати, чи буде цю папку видно в розділі &quot;{0}&quot;" />
	<string key="RemoveFolderFromWhiteListTitle" value="Показати в розділі &quot;{0}&quot;" />
	<string key="RemoveFolderFromWhiteListToolTip" value="Вибрати, чи буде цю папку видно в розділі &quot;{0}&quot;" />

	<string key="DeleteWebsiteFileWorkflow.DeleteErrorTitle" value="Помилка" />
	<string key="DeleteWebsiteFileWorkflow.DeleteErrorMessage" value="Не вдається видалити файл" />
	<string key="DeleteWebsiteFolderWorkflow.DeleteErrorTitle" value="Помилка" />
	<string key="DeleteWebsiteFolderWorkflow.DeleteErrorMessage" value="Не вдається видалити папку" />
</strings>
