﻿<?xml version="1.0" encoding="UTF-8"?>

<strings>
  <string key="BasicTabLabel" value="Основні" />
  <string key="AdvancedTabLabel" value="Додатково" />

  <string key="AddNewButtonLabel" value="Додати" />
  <string key="DeleteButtonLabel" value="Видалити" />
  <string key="LabelDataTypeFields" value="Поля типу даних" />
  
  <string key="FieldDetailsGroupLabel" value="Властивості поля" />
  <string key="Name" value="Ім'я" />
  <string key="NameHelp" value="Ім'я поля використовується системою для ідентифікації цього поля. Імена повинні бути унікальними і не можуть містити пробіли та інші спеціальні символи. Використовуйте імена, як &quot;Title&quot;, &quot;StartDate&quot;, &quot;LargeImage&quot; і т.д." />
  <string key="Label" value="Напис" />
  <string key="LabelHelp" value="Напис показується користувачам при додаванні нового елементу на основі цього типу даних." />
  <string key="Help" value="Довідка" />
  <string key="HelpHelp" value="Використовуйте це поле для короткої інформації для користувачів." />

  <string key="FieldTypeGroupLabel" value="Тип поля та вимоги" />
  <string key="FieldType" value="Тип поля" />
  <string key="FieldTypeHelp" value="Виберіть тип даних для поля. Тип визначає, який тип даних допускається в цьому полі." />
  <string key="System.String" value="Рядок" />
  <string key="System.Int32" value="Ціле число" />
  <string key="System.Decimal" value="Десяткове число" />
  <string key="System.DateTime" value="Дата" />
  <string key="System.Boolean" value="Логічне" />
  <string key="System.Guid" value="Унікальний ідентифікатор (GUID)" />
  <string key="Reference" value="Посилання на тип даних" />
  <string key="TypeDetailsHelp" value="Використовуйте це поле для подальшої настройки вибраного типу." />
  <string key="Optional" value="Необов'язкове" />
  <string key="OptionalHelp" value="Необов'язкові поля можна залишити порожніми." />
  <string key="OptionalFalseLabel" value="Ні" />
  <string key="OptionalTrueLabel" value="Так" />
  <string key="ValidationRules" value="Правила перевірки" />
  <string key="ValidationRulesHelp" value="Ви можете вказати строгі правила для даних, які вводяться в цій області, тобто &quot;повинно бути не менше 5 символів&quot;, &quot;повинна бути дійсна адреса електронної пошти&quot;, &quot;повинна бути дата в минулому&quot; і т.д." />
  <string key="ValidationRulesAdd" value="Додати правила перевірки ..." />
  <string key="ValidationRulesEdit" value="Змінити правила перевірки" />
  <string key="ValidationRulesDialogLabel" value="Настройка правил перевірки поля" />

  
  <string key="FieldValidationGroupLabel" value="Перевірка поля" />
  <string key="FieldPresentationGroupLabel" value="Представлення поля форми" />
  <string key="FieldStructureGroupLabel" value="Структурні представлення" />
  
  <string key="Widget" value="Тип віджета" />
  <string key="WidgetHelp" value="Ви можете вибрати тип елемента керування для вводу (наприклад, текстове поле), використовуючи його при зміні цього поля." />
  <string key="WidgetDialogLabel" value="Настройка віджету поля" />
  <string key="Position" value="Позиція" />
  <string key="PositionLast" value="Остання" />
  <string key="PositionHelp" value="Позиція поля. Управляє порядком полів у списку." />
  <string key="GroupByPriority" value="Групування полів" />
  <string key="GroupByPriorityNone" value="Немає групування" />
  <string key="GroupByPriorityFirst" value="Групувати по цьому полю" />
  <string key="GroupByPriorityN" value="Групувати з {0} пріоритетом" />
  <string key="GroupByPriorityHelp" value="Ви можете вказати, що поле повинно використовуватися для групування даних - це може поліпшити якість читання при перегляді довгих списків. Використовуйте пріоритет, коли для групування використовується кілька полів." />
  <string key="IsTitleField" value="Є титульним полем" />
  <string key="IsTitleFieldHelp" value="Встановіть прапорець, якщо ви хочете, щоб це поле використовувалося як титульне. Титульні поля використовуються під час виводу даних у списку, наприклад у дереві зліва." />
  <string key="IsTitleFieldLabel" value="Використовувати його як титульне поле в списках" />

  
  <string key="DefaultValueGroupLabel" value="Значення поля за замовчуванням" />
  <string key="DefaultValue" value="Значення за замовчуванням" />
  <string key="DefaultValueHelp" value="Ви можете визначити значення за замовчуванням для цього поля." />
  <string key="DefaultValueDialogLabel" value="Настройка значення поля за замовчуванням" />

  <string key="StringMaximumLength" value="Максимальна довжина рядка" />
  <string key="16CharMax" value="16 символів максимум" />
  <string key="32CharMax" value="32 символи максимум" />
  <string key="64CharMax" value="64 символи максимум" />
  <string key="128CharMax" value="128 символів максимум" />
  <string key="256CharMax" value="256 символів максимум" />
  <string key="512CharMax" value="512 символів максимум" />
  <string key="1024CharMax" value="1024 символи максимум" />
  <string key="Unlimited" value="Необмежена довжина" />
  
  <string key="DecimalNumberFormat" value="Формат десяткових чисел" />
  <string key="1DecimalPlace" value="1 десятковий знак" />
  <string key="2DecimalPlace" value="2 десяткових знака" />
  <string key="3DecimalPlace" value="3 десяткових знака" />
  <string key="4DecimalPlace" value="4 десяткових знака" />
  
  <string key="ReferenceType" value="Тип посилання" />
  
  <string key="FieldNameSyntaxInvalid" value="Зазначене ім'я неприпустиме." />
  <string key="CannotSave" value="Не вдалося зберегти ... Існує інше поле з таким же ім'ям. Будь ласка, використовуйте інше ім'я." />

  <string key="SpaceInNameError" value="Неприпустиме ім'я. Імена полів даних не можуть містити пробіли. Ви можете вказати зрозуміле користувачу ім'я в полі &quot;Напис&quot; нижче." />
  <string key="NameEmptyError" value="Імена полів даних не можуть бути порожніми. Будь ласка, вкажіть ім'я." />
  <string key="NameAlreadyInUseError" value="Інше поле використовує це ім'я. Імена полів даних повинні бути унікальними." />
  <string key="NotAnOptionalTypeError" value="Обраний тип не може бути необов'язковим." />
  <string key="NoWidgetSelected" value="Не забудьте вказати віджет ..." />
  <string key="NoWidgetSelectedLabel" value="(Не вказано віджет)" />
</strings>



