<?xml version="1.0" standalone="yes"?>
<mi:PackageInstaller xmlns:mi="http://www.composite.net/ns/management/packageinstaller/1.0">
	<mi:PackageRequirements minimumCompositeVersion="4.0.0" maximumCompositeVersion="9.9999.9999.9999" />
	<mi:PackageInformation name="Composite.Web.Maps.GoogleMaps" groupName="Composite.Web" version="1.0.4" author="Composite A/S" website="http://composite.net" readMoreUrl="http://docs.composite.net/Composite.Web.Maps.GoogleMaps" id="941de2b9-b1a2-4edf-9a67-b70dcdac39b8" canBeUninstalled="true" systemLocking="hard" flushOnCompletion="false">
		<Description>Shows a static map for an address or the latitude/longitude using Google Maps</Description>
		<TechnicalDetails>Shows a static map for an address or the latitude/longitude using Google Maps</TechnicalDetails>
	</mi:PackageInformation>
	<mi:PackageFragmentInstallerBinaries />
	<mi:PackageFragmentInstallers>
		<mi:Add installerType="Composite.Core.PackageSystem.PackageFragmentInstallers.FilePackageFragmentInstaller, Composite" uninstallerType="Composite.Core.PackageSystem.PackageFragmentInstallers.FilePackageFragmentUninstaller, Composite">
      <Files>
        <File sourceFilename="~\App_Data/Razor/Composite/Web/Maps/GoogleStaticMap.cshtml" targetFilename="~\App_Data/Razor/Composite/Web/Maps/GoogleStaticMap.cshtml" allowOverwrite="false" />
      </Files>
		</mi:Add>
	</mi:PackageFragmentInstallers>
</mi:PackageInstaller>