<?xml version="1.0" standalone="yes"?>
<mi:PackageInstaller xmlns:mi="http://www.composite.net/ns/management/packageinstaller/1.0">
	<mi:PackageRequirements minimumCompositeVersion="4.2.0.0" maximumCompositeVersion="9.9999.9999.9999" />
	<mi:PackageInformation name="Orckestra.Social.IconLinks" groupName="Orckestra.Social" version="1.0.3" author="Orckestra A/S" website="https://c1.orckestra.com/" readMoreUrl="http://docs.c1.orckestra.com/Orckestra.Social.IconLinks" id="e48d51ae-6263-4375-8e27-a5b45ccef3e7" canBeUninstalled="true" systemLocking="hard" flushOnCompletion="true">
		<TechnicalDetails>To look properly, it requires Bootstrap used on websites.</TechnicalDetails>
		<Description>Displays social links as icons on web pages.</Description>
	</mi:PackageInformation>
	<mi:PackageFragmentInstallerBinaries />
	<mi:PackageFragmentInstallers>
		<mi:Add installerType="Composite.Core.PackageSystem.PackageFragmentInstallers.FilePackageFragmentInstaller, Composite" uninstallerType="Composite.Core.PackageSystem.PackageFragmentInstallers.FilePackageFragmentUninstaller, Composite">
			<Files>
				<File sourceFilename="~\App_Data/Razor/Composite/Social/IconLinks.cshtml" targetFilename="~\App_Data/Razor/Composite/Social/IconLinks.cshtml" allowOverwrite="false" />
				<File sourceFilename="~\App_Data/Components/Orckestra/Social/IconLinks.xml" targetFilename="~\App_Data/Components/Orckestra/Social/IconLinks.xml" allowOverwrite="false" />
			</Files>
			<Directories>
				<Directory sourceDirectory="~\Frontend\Composite\Social\IconLinks\" targetDirectory="~\Frontend\Composite\Social\IconLinks\" allowOverwrite="true" deleteTargetDirectory="false" />
			</Directories>
		</mi:Add>
	</mi:PackageFragmentInstallers>
</mi:PackageInstaller>