<?xml version="1.0" standalone="yes"?>
<mi:PackageInstaller xmlns:mi="http://www.composite.net/ns/management/packageinstaller/1.0">
	<mi:PackageRequirements minimumCompositeVersion="4.2.0.0" maximumCompositeVersion="9.9999.9999.9999" />
	<mi:PackageInformation name="Composite.Social.IconLinks" groupName="Composite.Social" version="1.0.1" author="Composite A/S" website="http://composite.net" readMoreUrl="http://docs.composite.net/Composite.Social.IconLinks" id="e48d51ae-6263-4375-8e27-a5b45ccef3e7" canBeUninstalled="true" systemLocking="hard" flushOnCompletion="true">
		<TechnicalDetails>To look nice need to use Bootstrap on the site.</TechnicalDetails>
		<Description>Dispay social icon links. </Description>
	</mi:PackageInformation>
	<mi:PackageFragmentInstallerBinaries />
	<mi:PackageFragmentInstallers>
		<mi:Add installerType="Composite.Core.PackageSystem.PackageFragmentInstallers.FilePackageFragmentInstaller, Composite" uninstallerType="Composite.Core.PackageSystem.PackageFragmentInstallers.FilePackageFragmentUninstaller, Composite">
			<Files>
				<File sourceFilename="~\Frontend\Composite\Social\IconLinks\style.less" targetFilename="~\Frontend\Composite\Social\IconLinks\style.less" allowOverwrite="false" />
				<File sourceFilename="~\Frontend\Composite\Social\IconLinks\colored-theme.less" targetFilename="~\Frontend\Composite\Social\IconLinks\colored-theme.less" allowOverwrite="false" />
				<File sourceFilename="~\App_Data/Razor/Composite/Social/IconLinks.cshtml" targetFilename="~\App_Data/Razor/Composite/Social/IconLinks.cshtml" allowOverwrite="false" />
			</Files>
		</mi:Add>
	</mi:PackageFragmentInstallers>
</mi:PackageInstaller>