<?xml version="1.0" standalone="yes"?>
<mi:PackageInstaller xmlns:mi="http://www.composite.net/ns/management/packageinstaller/1.0">
	<mi:PackageRequirements minimumCompositeVersion="2.0.3947.24461" maximumCompositeVersion="9.9999.9999.9999" />
	<mi:PackageInformation name="Composite.Forms.FormSubmitHandler" groupName="Composite.Forms" version="1.1.3" author="Composite A/S" website="http://composite.net" id="de9ec564-71c5-430f-8d61-6969e2e64ec2" canBeUninstalled="true" systemLocking="hard" flushOnCompletion="false">
		<Description>Collects input from visitors via HTML forms. Supports email notifications to owners and users as well as custom responses on form submission.</Description>
	</mi:PackageInformation>
	<mi:PackageFragmentInstallerBinaries>
		<mi:Add path="~\Bin\Composite.Forms.FormSubmitHandler.dll" />
	</mi:PackageFragmentInstallerBinaries>
	<mi:PackageFragmentInstallers>
		<mi:Add installerType="Composite.Core.PackageSystem.PackageFragmentInstallers.ConfigurationTransformationPackageFragmentInstaller, Composite" uninstallerType="Composite.Core.PackageSystem.PackageFragmentInstallers.ConfigurationTransformationPackageFragmentUninstaller, Composite">
			<Install xsltFilePath="~\Config\Install.xsl" />
			<Uninstall xsltFilePath="~\Config\Uninstall.xsl" />
		</mi:Add>
		<mi:Add installerType="Composite.Core.PackageSystem.PackageFragmentInstallers.FilePackageFragmentInstaller, Composite" uninstallerType="Composite.Core.PackageSystem.PackageFragmentInstallers.FilePackageFragmentUninstaller, Composite">
			<Files>
				<File sourceFilename="~\App_Data\Xslt\Composite\Forms\FormSubmitHandler.xsl" targetFilename="~\App_Data\Xslt\Composite\Forms\FormSubmitHandler.xsl" allowOverwrite="false" />
				<File sourceFilename="~\Bin\Composite.Forms.FormSubmitHandler.dll" targetFilename="~\Bin\Composite.Forms.FormSubmitHandler.dll" allowOverwrite="false" />
			</Files>
			<Directories>
				<Directory sourceDirectory="~\Composite\InstalledPackages\content\views\Composite.Forms.FormSubmitHandler\" targetDirectory="~\Composite\InstalledPackages\content\views\Composite.Forms.FormSubmitHandler\" allowOverwrite="true" deleteTargetDirectory="false" />
			</Directories>
		</mi:Add>
		<mi:Add installerType="Composite.Core.PackageSystem.PackageFragmentInstallers.DataPackageFragmentInstaller, Composite" uninstallerType="Composite.Core.PackageSystem.PackageFragmentInstallers.DataPackageFragmentUninstaller, Composite">
			<Types>
				<Type type="Composite.Data.Types.IFolderWhiteList,Composite">
					<Data dataScopeIdentifier="administrated" dataFilename="~\Datas\Composite.Data.Types.IFolderWhiteLists_administrated.xml" />
				</Type>
				<Type type="Composite.Data.Types.IMethodBasedFunctionInfo,Composite">
					<Data dataScopeIdentifier="public" dataFilename="~\Datas\Composite.Data.Types.IMethodBasedFunctionInfos_public.xml" />
				</Type>
				<Type type="Composite.Data.Types.INamedFunctionCall,Composite">
					<Data dataScopeIdentifier="public" dataFilename="~\Datas\Composite.Data.Types.INamedFunctionCalls_public.xml" />
				</Type>
				<Type type="Composite.Data.Types.IParameter,Composite">
					<Data dataScopeIdentifier="public" dataFilename="~\Datas\Composite.Data.Types.IParameters_public.xml" />
				</Type>
				<Type type="Composite.Data.Types.IXsltFunction,Composite">
					<Data dataScopeIdentifier="public" dataFilename="~\Datas\Composite.Data.Types.IXsltFunctions_public.xml" />
				</Type>
			</Types>
		</mi:Add>
	</mi:PackageFragmentInstallers>
</mi:PackageInstaller>