<?xml version="1.0" standalone="yes"?>
<mi:PackageInstaller xmlns:mi="http://www.composite.net/ns/management/packageinstaller/1.0">
	<mi:PackageRequirements minimumCompositeVersion="3.0.4358.29126" maximumCompositeVersion="9.9999.9999.9999" />
	<mi:PackageInformation name="Composite.Web.Html.Meta.OpenGraphProtocol" groupName="Composite.Web" version="1.0.4" author="Composite A/S" website="http://composite.net" readMoreUrl="http://docs.composite.net/Composite.Web.Html.Meta.OpenGraphProtocol" id="3abe6166-8d5b-4bbf-8551-211683760216" canBeUninstalled="true" systemLocking="hard" flushOnCompletion="false">
		<Description>Adds the Open Graph Protocol meta tags to a page, which allows its integration into the Facebook's social graph.</Description>
		<TechnicalDetails>Adds the Open Graph Protocol meta tags to a page, which allows its integration into the Facebook's social graph.</TechnicalDetails>
	</mi:PackageInformation>
	<mi:PackageFragmentInstallerBinaries />
	<mi:PackageFragmentInstallers>
		<mi:Add installerType="Composite.Core.PackageSystem.PackageFragmentInstallers.FilePackageFragmentInstaller, Composite" uninstallerType="Composite.Core.PackageSystem.PackageFragmentInstallers.FilePackageFragmentUninstaller, Composite">
			<Files>
				<File sourceFilename="~\App_Data\Xslt\Composite\Web\Html\Meta\OpenGraphProtocol.xsl" targetFilename="~\App_Data\Xslt\Composite\Web\Html\Meta\OpenGraphProtocol.xsl" allowOverwrite="false" />
			</Files>
			<Directories />
		</mi:Add>
		<mi:Add installerType="Composite.Core.PackageSystem.PackageFragmentInstallers.DynamicDataTypePackageFragmentInstaller, Composite" uninstallerType="Composite.Core.PackageSystem.PackageFragmentInstallers.DynamicDataTypePackageFragmentUninstaller, Composite">
			<Types>
				<Type providerName="GeneratedDataTypesElementProvider" dataTypeDescriptor="&lt;DataTypeDescriptor dataTypeId=&quot;7960ece5-54ac-46d4-867a-025777a3cef6&quot; name=&quot;OpenGraphProtocol&quot; namespace=&quot;Composite.Web.Html.Meta&quot; title=&quot;Open Graph Protocol Meta Tags&quot; hasCustomPhysicalSortOrder=&quot;false&quot; isCodeGenerated=&quot;true&quot; cachable=&quot;false&quot; labelFieldName=&quot;Title&quot; typeManagerTypeName=&quot;Composite.Web.Html.Meta.OpenGraphProtocol&quot; version=&quot;24&quot;&gt;&#xD;&#xA;  &lt;DataAssociations /&gt;&#xD;&#xA;  &lt;DataScopes&gt;&#xD;&#xA;    &lt;DataScopeIdentifier name=&quot;public&quot; /&gt;&#xD;&#xA;    &lt;DataScopeIdentifier name=&quot;administrated&quot; /&gt;&#xD;&#xA;  &lt;/DataScopes&gt;&#xD;&#xA;  &lt;KeyPropertyNames&gt;&#xD;&#xA;    &lt;KeyPropertyName name=&quot;Id&quot; /&gt;&#xD;&#xA;  &lt;/KeyPropertyNames&gt;&#xD;&#xA;  &lt;SuperInterfaces&gt;&#xD;&#xA;    &lt;SuperInterface type=&quot;Composite.Data.ProcessControlled.IProcessControlled,Composite&quot; /&gt;&#xD;&#xA;    &lt;SuperInterface type=&quot;Composite.Data.ProcessControlled.IPublishControlled,Composite&quot; /&gt;&#xD;&#xA;    &lt;SuperInterface type=&quot;Composite.Data.ProcessControlled.ILocalizedControlled,Composite&quot; /&gt;&#xD;&#xA;    &lt;SuperInterface type=&quot;Composite.Data.IPageData,Composite&quot; /&gt;&#xD;&#xA;    &lt;SuperInterface type=&quot;Composite.Data.IPageMetaData,Composite&quot; /&gt;&#xD;&#xA;  &lt;/SuperInterfaces&gt;&#xD;&#xA;  &lt;Fields&gt;&#xD;&#xA;    &lt;DataFieldDescriptor id=&quot;ea9cef63-fe57-4c51-bf94-7b5dede580ad&quot; name=&quot;Type&quot; isNullable=&quot;true&quot; position=&quot;0&quot; groupByPriority=&quot;0&quot; inherited=&quot;false&quot; instanceType=&quot;System.String, mscorlib, Version=4.0.0.0, Culture=neutral, PublicKeyToken=b77a5c561934e089&quot; storeType=&quot;PhysicalStoreType='String'Length='64'&quot; isReadOnly=&quot;false&quot; newInstanceDefaultFieldValue=&quot;&amp;lt;f:function xmlns:f=&amp;quot;http://www.composite.net/ns/function/1.0&amp;quot; name=&amp;quot;Composite.Constant.String&amp;quot;&amp;gt;&amp;lt;f:param name=&amp;quot;Constant&amp;quot; value=&amp;quot;website&amp;quot; /&amp;gt;&amp;lt;/f:function&amp;gt;&quot;&gt;&#xD;&#xA;      &lt;FormRenderingProfile label=&quot;Type&quot; helpText=&quot;The type of your object. Default is 'website'. &quot; widgetFunctionMarkup=&quot;&amp;lt;f:widgetfunction xmlns:f=&amp;quot;http://www.composite.net/ns/function/1.0&amp;quot; name=&amp;quot;Composite.Widgets.String.Selector&amp;quot; label=&amp;quot;&amp;quot; bindingsourcename=&amp;quot;&amp;quot;&amp;gt;&amp;lt;f:helpdefinition xmlns:f=&amp;quot;http://www.composite.net/ns/function/1.0&amp;quot; helptext=&amp;quot;&amp;quot; /&amp;gt;&amp;lt;f:param xmlns:f=&amp;quot;http://www.composite.net/ns/function/1.0&amp;quot; name=&amp;quot;Options&amp;quot;&amp;gt;&amp;lt;f:function xmlns:f=&amp;quot;http://www.composite.net/ns/function/1.0&amp;quot; name=&amp;quot;Composite.Utils.String.Split&amp;quot;&amp;gt;&amp;lt;f:param name=&amp;quot;String&amp;quot; value=&amp;quot;activity,actor,album,article,athlete,author,band,bar,blog,book,cafe,cause,city,company,country,director,drink,food,game,government,hotel,landmark,movie,musician,non_profit,politician,product,public_figure,restaurant,school,song,sport,sports_league,sports_team,state_province,tv_show,university,website&amp;quot; /&amp;gt;&amp;lt;/f:function&amp;gt;&amp;lt;/f:param&amp;gt;&amp;lt;/f:widgetfunction&amp;gt;&quot; /&gt;&#xD;&#xA;      &lt;ValidationFunctionMarkups /&gt;&#xD;&#xA;    &lt;/DataFieldDescriptor&gt;&#xD;&#xA;    &lt;DataFieldDescriptor id=&quot;9c86ecf5-7751-42ca-a841-83cc233199a2&quot; name=&quot;Title&quot; isNullable=&quot;true&quot; position=&quot;1&quot; groupByPriority=&quot;0&quot; inherited=&quot;false&quot; instanceType=&quot;System.String, mscorlib, Version=4.0.0.0, Culture=neutral, PublicKeyToken=b77a5c561934e089&quot; storeType=&quot;PhysicalStoreType='String'Length='64'&quot; isReadOnly=&quot;false&quot;&gt;&#xD;&#xA;      &lt;FormRenderingProfile label=&quot;Title&quot; helpText=&quot;The title of your object as it should appear within the graph. Default is current page title.&quot; widgetFunctionMarkup=&quot;&amp;lt;f:widgetfunction xmlns:f=&amp;quot;http://www.composite.net/ns/function/1.0&amp;quot; name=&amp;quot;Composite.Widgets.String.TextBox&amp;quot; label=&amp;quot;&amp;quot; bindingsourcename=&amp;quot;&amp;quot;&amp;gt;&amp;lt;f:helpdefinition xmlns:f=&amp;quot;http://www.composite.net/ns/function/1.0&amp;quot; helptext=&amp;quot;&amp;quot; /&amp;gt;&amp;lt;/f:widgetfunction&amp;gt;&quot; /&gt;&#xD;&#xA;      &lt;ValidationFunctionMarkups /&gt;&#xD;&#xA;    &lt;/DataFieldDescriptor&gt;&#xD;&#xA;    &lt;DataFieldDescriptor id=&quot;8032cdd3-db02-4aed-8cf8-298cde1086d4&quot; name=&quot;Image&quot; isNullable=&quot;true&quot; position=&quot;2&quot; groupByPriority=&quot;0&quot; inherited=&quot;false&quot; instanceType=&quot;System.String, mscorlib, Version=4.0.0.0, Culture=neutral, PublicKeyToken=b77a5c561934e089&quot; storeType=&quot;PhysicalStoreType='String'Length='2048'&quot; isReadOnly=&quot;false&quot; foreignKeyReferenceTypeName=&quot;Composite.Data.Types.IImageFile,Composite&quot;&gt;&#xD;&#xA;      &lt;FormRenderingProfile label=&quot;Image&quot; helpText=&quot;An image URL which should represent your object within the graph.&quot; widgetFunctionMarkup=&quot;&amp;lt;f:widgetfunction xmlns:f=&amp;quot;http://www.composite.net/ns/function/1.0&amp;quot; name=&amp;quot;Composite.Widgets.ImageSelector&amp;quot; label=&amp;quot;&amp;quot; bindingsourcename=&amp;quot;&amp;quot;&amp;gt;&amp;lt;f:helpdefinition xmlns:f=&amp;quot;http://www.composite.net/ns/function/1.0&amp;quot; helptext=&amp;quot;&amp;quot; /&amp;gt;&amp;lt;f:param name=&amp;quot;Required&amp;quot; value=&amp;quot;False&amp;quot; /&amp;gt;&amp;lt;/f:widgetfunction&amp;gt;&quot; /&gt;&#xD;&#xA;      &lt;ValidationFunctionMarkups /&gt;&#xD;&#xA;    &lt;/DataFieldDescriptor&gt;&#xD;&#xA;    &lt;DataFieldDescriptor id=&quot;63cfed2d-dac1-478d-a5c3-f2e0e98f654b&quot; name=&quot;Description&quot; isNullable=&quot;true&quot; position=&quot;3&quot; groupByPriority=&quot;0&quot; inherited=&quot;false&quot; instanceType=&quot;System.String, mscorlib, Version=4.0.0.0, Culture=neutral, PublicKeyToken=b77a5c561934e089&quot; storeType=&quot;PhysicalStoreType='LargeString'&quot; isReadOnly=&quot;false&quot;&gt;&#xD;&#xA;      &lt;FormRenderingProfile label=&quot;Description&quot; helpText=&quot;A one to two sentence description of your page. Default is current page description.&quot; widgetFunctionMarkup=&quot;&amp;lt;f:widgetfunction xmlns:f=&amp;quot;http://www.composite.net/ns/function/1.0&amp;quot; name=&amp;quot;Composite.Widgets.String.TextArea&amp;quot; label=&amp;quot;&amp;quot; bindingsourcename=&amp;quot;&amp;quot;&amp;gt;&amp;lt;f:helpdefinition xmlns:f=&amp;quot;http://www.composite.net/ns/function/1.0&amp;quot; helptext=&amp;quot;&amp;quot; /&amp;gt;&amp;lt;/f:widgetfunction&amp;gt;&quot; /&gt;&#xD;&#xA;      &lt;ValidationFunctionMarkups /&gt;&#xD;&#xA;    &lt;/DataFieldDescriptor&gt;&#xD;&#xA;  &lt;/Fields&gt;&#xD;&#xA;&lt;/DataTypeDescriptor&gt;" />
			</Types>
		</mi:Add>
		<mi:Add installerType="Composite.Core.PackageSystem.PackageFragmentInstallers.DataPackageFragmentInstaller, Composite" uninstallerType="Composite.Core.PackageSystem.PackageFragmentInstallers.DataPackageFragmentUninstaller, Composite">
			<Types>
				<Type type="Composite.Data.Types.INamedFunctionCall,Composite">
					<Data dataScopeIdentifier="public" dataFilename="~\Datas\Composite.Data.Types.INamedFunctionCalls_public.xml" />
				</Type>
				<Type type="Composite.Data.Types.IParameter,Composite">
					<Data dataScopeIdentifier="public" dataFilename="~\Datas\Composite.Data.Types.IParameters_public.xml" />
				</Type>
				<Type type="Composite.Data.Types.IXsltFunction,Composite">
					<Data dataScopeIdentifier="public" dataFilename="~\Datas\Composite.Data.Types.IXsltFunctions_public.xml" />
				</Type>
			</Types>
		</mi:Add>
	</mi:PackageFragmentInstallers>
</mi:PackageInstaller>