<?xml version="1.0" standalone="yes"?>
<mi:PackageInstaller xmlns:mi="http://www.composite.net/ns/management/packageinstaller/1.0">
	<mi:PackageRequirements minimumCompositeVersion="4.1.5058.34326" maximumCompositeVersion="9.9999.9999.9999" />
	<mi:PackageInformation name="Composite.Media.YouTubeChannel" groupName="Composite.Media" version="2.0.8" author="Composite A/S" website="http://composite.net" readMoreUrl="http://docs.composite.net/Composite.Media.YouTubeChannel" id="5a06f424-e058-402a-973b-9f8e6629438c" canBeUninstalled="true" systemLocking="hard" flushOnCompletion="true">
		<TechnicalDetails>-</TechnicalDetails>
		<Description>-</Description>
	</mi:PackageInformation>
	<mi:PackageFragmentInstallerBinaries />
	<mi:PackageFragmentInstallers>
		<mi:Add installerType="Composite.Core.PackageSystem.PackageFragmentInstallers.FilePackageFragmentInstaller, Composite" uninstallerType="Composite.Core.PackageSystem.PackageFragmentInstallers.FilePackageFragmentUninstaller, Composite">
			<Files>
				<File sourceFilename="~\App_GlobalResources\Composite\Media\YouTubeChannel.resx" targetFilename="~\App_GlobalResources\Composite\Media\YouTubeChannel.resx" allowOverwrite="false" />
				<File sourceFilename="~\App_Data/Razor/Composite/Media/YouTubeChannel/ChannelViewer.cshtml" targetFilename="~\App_Data/Razor/Composite/Media/YouTubeChannel/ChannelViewer.cshtml" allowOverwrite="false" />
				<File sourceFilename="~\App_Data/Razor/Composite/Media/YouTubeChannel/PlayListsViewer.cshtml" targetFilename="~\App_Data/Razor/Composite/Media/YouTubeChannel/PlayListsViewer.cshtml" allowOverwrite="false" />
				<File sourceFilename="~\Bin\Composite.Media.YouTubeChannel.dll" targetFilename="~\Bin\Composite.Media.YouTubeChannel.dll" allowOverwrite="false" />
			</Files>
		</mi:Add>
	</mi:PackageFragmentInstallers>
</mi:PackageInstaller>