<?xml version="1.0" standalone="yes"?>
<mi:PackageInstaller xmlns:mi="http://www.composite.net/ns/management/packageinstaller/1.0">
	<mi:PackageRequirements minimumCompositeVersion="3.2.0.0" maximumCompositeVersion="9.9999.9999.9999" />
	<mi:PackageInformation name="Composite.DemoSites.OmniCorp" groupName="Composite.DemoSites" version="1.0.14" author="Composite A/S" website="http://composite.net" id="926b633c-8000-40bb-8127-25f0c2ffd113" canBeUninstalled="true" systemLocking="none" flushOnCompletion="false" reloadConsoleOnCompletion="false">
		<Description>Omnicorp site demo</Description>
	</mi:PackageInformation>
	<mi:PackageFragmentInstallerBinaries >
		<mi:Add path="~\bin\FixUserSettingsPackageFragmentInstaller.dll" />
	</mi:PackageFragmentInstallerBinaries>

	<mi:PackageFragmentInstallers>
		<mi:Add installerType="Composite.Core.PackageSystem.PackageFragmentInstallers.FilePackageFragmentInstaller, Composite" uninstallerType="Composite.Core.PackageSystem.PackageFragmentInstallers.FilePackageFragmentUninstaller, Composite">
			<Files>
				<File sourceFilename="~\App_Data\Xslt\Omnicorp\Content\Foot.xsl" targetFilename="~\App_Data\Xslt\Omnicorp\Content\Foot.xsl" allowOverwrite="false" />
				<File sourceFilename="~\App_Data\Xslt\Omnicorp\Content\Footer.xsl" targetFilename="~\App_Data\Xslt\Omnicorp\Content\Footer.xsl" allowOverwrite="false" />
				<File sourceFilename="~\App_Data\Xslt\Omnicorp\Content\Head.xsl" targetFilename="~\App_Data\Xslt\Omnicorp\Content\Head.xsl" allowOverwrite="false" />
				<File sourceFilename="~\App_Data\Xslt\Omnicorp\Content\News.xsl" targetFilename="~\App_Data\Xslt\Omnicorp\Content\News.xsl" allowOverwrite="false" />
				<File sourceFilename="~\App_Data\Xslt\Omnicorp\Content\Projects.xsl" targetFilename="~\App_Data\Xslt\Omnicorp\Content\Projects.xsl" allowOverwrite="false" />
				<File sourceFilename="~\App_Data\Xslt\Omnicorp\Content\RandomSpot.xsl" targetFilename="~\App_Data\Xslt\Omnicorp\Content\RandomSpot.xsl" allowOverwrite="false" />
				<File sourceFilename="~\App_Data\Xslt\Omnicorp\Content\SpotsRendering.xsl" targetFilename="~\App_Data\Xslt\Omnicorp\Content\SpotsRendering.xsl" allowOverwrite="false" />
				<File sourceFilename="~\App_Data\Xslt\Omnicorp\Layout\SplashImage.xsl" targetFilename="~\App_Data\Xslt\Omnicorp\Layout\SplashImage.xsl" allowOverwrite="false" />
				<File sourceFilename="~\App_Data\Xslt\Omnicorp\Layout\SplashText.xsl" targetFilename="~\App_Data\Xslt\Omnicorp\Layout\SplashText.xsl" allowOverwrite="false" />
				<File sourceFilename="~\App_Data\Xslt\Omnicorp\Navigation\Quick.xsl" targetFilename="~\App_Data\Xslt\Omnicorp\Navigation\Quick.xsl" allowOverwrite="false" />
				<File sourceFilename="~\App_Data\Xslt\Omnicorp\Navigation\Sitemap.xsl" targetFilename="~\App_Data\Xslt\Omnicorp\Navigation\Sitemap.xsl" allowOverwrite="false" />
				<File sourceFilename="~\App_Data\Xslt\Omnicorp\Navigation\Sub.xsl" targetFilename="~\App_Data\Xslt\Omnicorp\Navigation\Sub.xsl" allowOverwrite="false" />
				<File sourceFilename="~\App_Data\Xslt\Omnicorp\Navigation\Top.xsl" targetFilename="~\App_Data\Xslt\Omnicorp\Navigation\Top.xsl" allowOverwrite="false" />
				<File sourceFilename="~\App_Data\PageTemplates\DefaultPage.xml" targetFilename="~\App_Data\PageTemplates\DefaultPage.xml" allowOverwrite="false" />
				<File sourceFilename="~\App_Data\PageTemplates\FrontPage.xml" targetFilename="~\App_Data\PageTemplates\FrontPage.xml" allowOverwrite="false" />
				<File sourceFilename="~\App_Data\PageTemplates\UltraWidePage.xml" targetFilename="~\App_Data\PageTemplates\UltraWidePage.xml" allowOverwrite="false" />
				<File sourceFilename="~\App_Data\PageTemplates\WidePage (no menu).xml" targetFilename="~\App_Data\PageTemplates\WidePage (no menu).xml" allowOverwrite="false" />
				<File sourceFilename="~\App_Data\PageTemplates\WidePage (no spots).xml" targetFilename="~\App_Data\PageTemplates\WidePage (no spots).xml" allowOverwrite="false" />
				<File sourceFilename="~\Frontend\Styles\Print.css" targetFilename="~\Frontend\Styles\Print.css" allowOverwrite="false" />
				<File sourceFilename="~\Frontend\Styles\Screen.css" targetFilename="~\Frontend\Styles\Screen.css" allowOverwrite="false" />
        <File sourceFilename="~\Frontend\Styles\VisualEditor.common.css" targetFilename="~\Frontend\Styles\VisualEditor.common.css" allowOverwrite="true" />
				<File sourceFilename="~\App_Data\Media\02644b63-6bf8-4c67-83e4-f5bfb44fc02e" targetFilename="~\App_Data\Media\02644b63-6bf8-4c67-83e4-f5bfb44fc02e" allowOverwrite="false" />
				<File sourceFilename="~\App_Data\Media\07ae9931-a105-412d-a96d-c1e03a829fcb" targetFilename="~\App_Data\Media\07ae9931-a105-412d-a96d-c1e03a829fcb" allowOverwrite="false" />
				<File sourceFilename="~\App_Data\Media\0bb82947-956c-49c8-ac46-9bb4d149730e" targetFilename="~\App_Data\Media\0bb82947-956c-49c8-ac46-9bb4d149730e" allowOverwrite="false" />
				<File sourceFilename="~\App_Data\Media\0f8c52bf-2b0b-4d5c-abdc-6f0759226820" targetFilename="~\App_Data\Media\0f8c52bf-2b0b-4d5c-abdc-6f0759226820" allowOverwrite="false" />
				<File sourceFilename="~\App_Data\Media\155c1d20-ac36-441d-8001-8747356c317c" targetFilename="~\App_Data\Media\155c1d20-ac36-441d-8001-8747356c317c" allowOverwrite="false" />
				<File sourceFilename="~\App_Data\Media\16d7e359-1595-4e95-80b0-af7468f361d8" targetFilename="~\App_Data\Media\16d7e359-1595-4e95-80b0-af7468f361d8" allowOverwrite="false" />
				<File sourceFilename="~\App_Data\Media\1a0aa123-d439-4d0c-b4ec-c161ca88491f" targetFilename="~\App_Data\Media\1a0aa123-d439-4d0c-b4ec-c161ca88491f" allowOverwrite="false" />
				<File sourceFilename="~\App_Data\Media\1d3363c2-122d-4151-9665-8722a02f3db1" targetFilename="~\App_Data\Media\1d3363c2-122d-4151-9665-8722a02f3db1" allowOverwrite="false" />
				<File sourceFilename="~\App_Data\Media\1d96d262-cb14-4fca-ae54-18e506d8f1fa" targetFilename="~\App_Data\Media\1d96d262-cb14-4fca-ae54-18e506d8f1fa" allowOverwrite="false" />
				<File sourceFilename="~\App_Data\Media\21b94c33-4185-4fe5-8d80-4ce925eb0c28" targetFilename="~\App_Data\Media\21b94c33-4185-4fe5-8d80-4ce925eb0c28" allowOverwrite="false" />
				<File sourceFilename="~\App_Data\Media\2de47c6e-824c-4c77-b58d-3a80659c4baa" targetFilename="~\App_Data\Media\2de47c6e-824c-4c77-b58d-3a80659c4baa" allowOverwrite="false" />
				<File sourceFilename="~\App_Data\Media\2e424330-8822-4f09-8e38-8d668cd66f4f" targetFilename="~\App_Data\Media\2e424330-8822-4f09-8e38-8d668cd66f4f" allowOverwrite="false" />
				<File sourceFilename="~\App_Data\Media\37a15ad6-60b3-4594-a52a-a96439932f30" targetFilename="~\App_Data\Media\37a15ad6-60b3-4594-a52a-a96439932f30" allowOverwrite="false" />
				<File sourceFilename="~\App_Data\Media\3a5f0dd5-cff4-4c19-b30b-f8038db2cfea" targetFilename="~\App_Data\Media\3a5f0dd5-cff4-4c19-b30b-f8038db2cfea" allowOverwrite="false" />
				<File sourceFilename="~\App_Data\Media\3d55dd14-f152-46a1-862f-fe9f2a3ed91c" targetFilename="~\App_Data\Media\3d55dd14-f152-46a1-862f-fe9f2a3ed91c" allowOverwrite="false" />
				<File sourceFilename="~\App_Data\Media\447129d6-cff5-4ca9-aea5-32dc8a1a145a" targetFilename="~\App_Data\Media\447129d6-cff5-4ca9-aea5-32dc8a1a145a" allowOverwrite="false" />
				<File sourceFilename="~\App_Data\Media\585d1ebf-3aba-48cc-a22f-58429131de19" targetFilename="~\App_Data\Media\585d1ebf-3aba-48cc-a22f-58429131de19" allowOverwrite="false" />
				<File sourceFilename="~\App_Data\Media\593ad2da-5c53-4f09-9ab9-66173a9439a1" targetFilename="~\App_Data\Media\593ad2da-5c53-4f09-9ab9-66173a9439a1" allowOverwrite="false" />
				<File sourceFilename="~\App_Data\Media\59d14299-9b34-4064-b5cb-300a507863e9" targetFilename="~\App_Data\Media\59d14299-9b34-4064-b5cb-300a507863e9" allowOverwrite="false" />
				<File sourceFilename="~\App_Data\Media\6282563b-9763-4d67-a7d9-62d93a217053" targetFilename="~\App_Data\Media\6282563b-9763-4d67-a7d9-62d93a217053" allowOverwrite="false" />
				<File sourceFilename="~\App_Data\Media\62dad7c1-dfe6-442c-ab0f-01cddfcaf0e5" targetFilename="~\App_Data\Media\62dad7c1-dfe6-442c-ab0f-01cddfcaf0e5" allowOverwrite="false" />
				<File sourceFilename="~\App_Data\Media\65b1d51f-52d7-477a-b50b-d8f8d3feaebc" targetFilename="~\App_Data\Media\65b1d51f-52d7-477a-b50b-d8f8d3feaebc" allowOverwrite="false" />
				<File sourceFilename="~\App_Data\Media\66816159-5652-45b2-8099-0916f760febe" targetFilename="~\App_Data\Media\66816159-5652-45b2-8099-0916f760febe" allowOverwrite="false" />
				<File sourceFilename="~\App_Data\Media\692808ee-6fb1-4e27-90cb-e5d52eb0a925" targetFilename="~\App_Data\Media\692808ee-6fb1-4e27-90cb-e5d52eb0a925" allowOverwrite="false" />
				<File sourceFilename="~\App_Data\Media\6fe4f684-6573-4cfe-9798-d7ff787e5d1f" targetFilename="~\App_Data\Media\6fe4f684-6573-4cfe-9798-d7ff787e5d1f" allowOverwrite="false" />
				<File sourceFilename="~\App_Data\Media\767f5e21-082c-4062-9820-8910cbe541f8" targetFilename="~\App_Data\Media\767f5e21-082c-4062-9820-8910cbe541f8" allowOverwrite="false" />
				<File sourceFilename="~\App_Data\Media\778c731e-0fa1-4d2c-9540-249bcce45ff9" targetFilename="~\App_Data\Media\778c731e-0fa1-4d2c-9540-249bcce45ff9" allowOverwrite="false" />
				<File sourceFilename="~\App_Data\Media\797ba53e-17ea-42d1-9668-0368983c55b4" targetFilename="~\App_Data\Media\797ba53e-17ea-42d1-9668-0368983c55b4" allowOverwrite="false" />
				<File sourceFilename="~\App_Data\Media\7b31125d-3a7b-4686-821d-bd66dc9ad043" targetFilename="~\App_Data\Media\7b31125d-3a7b-4686-821d-bd66dc9ad043" allowOverwrite="false" />
				<File sourceFilename="~\App_Data\Media\8aca0033-8fd5-4c82-a7b7-9b5f24b358e7" targetFilename="~\App_Data\Media\8aca0033-8fd5-4c82-a7b7-9b5f24b358e7" allowOverwrite="false" />
				<File sourceFilename="~\App_Data\Media\8c24d603-38e5-43fe-a883-9ec7b871971b" targetFilename="~\App_Data\Media\8c24d603-38e5-43fe-a883-9ec7b871971b" allowOverwrite="false" />
				<File sourceFilename="~\App_Data\Media\98a52e8b-afdc-45e7-adf0-6fd15deb12ff" targetFilename="~\App_Data\Media\98a52e8b-afdc-45e7-adf0-6fd15deb12ff" allowOverwrite="false" />
				<File sourceFilename="~\App_Data\Media\9f0269ab-8d14-4509-8702-920ca7b6f190" targetFilename="~\App_Data\Media\9f0269ab-8d14-4509-8702-920ca7b6f190" allowOverwrite="false" />
				<File sourceFilename="~\App_Data\Media\aa1082d0-807f-46b0-9cd2-81e9125ef35a" targetFilename="~\App_Data\Media\aa1082d0-807f-46b0-9cd2-81e9125ef35a" allowOverwrite="false" />
				<File sourceFilename="~\App_Data\Media\b261615c-6d3d-488b-b402-75691cd4b8d5" targetFilename="~\App_Data\Media\b261615c-6d3d-488b-b402-75691cd4b8d5" allowOverwrite="false" />
				<File sourceFilename="~\App_Data\Media\b8b3723f-c984-462e-840a-1944cc5760f4" targetFilename="~\App_Data\Media\b8b3723f-c984-462e-840a-1944cc5760f4" allowOverwrite="false" />
				<File sourceFilename="~\App_Data\Media\b90521ff-984c-4eb9-a64e-54c8d4f527e2" targetFilename="~\App_Data\Media\b90521ff-984c-4eb9-a64e-54c8d4f527e2" allowOverwrite="false" />
				<File sourceFilename="~\App_Data\Media\bb010898-8783-4df8-8ded-20faf74e4d96" targetFilename="~\App_Data\Media\bb010898-8783-4df8-8ded-20faf74e4d96" allowOverwrite="false" />
				<File sourceFilename="~\App_Data\Media\bc6f5a48-d4fb-4a3b-8d10-d4b707dbcc3e" targetFilename="~\App_Data\Media\bc6f5a48-d4fb-4a3b-8d10-d4b707dbcc3e" allowOverwrite="false" />
				<File sourceFilename="~\App_Data\Media\d9d9bf0b-3a51-40d6-ab99-a06a6588cf5b" targetFilename="~\App_Data\Media\d9d9bf0b-3a51-40d6-ab99-a06a6588cf5b" allowOverwrite="false" />
				<File sourceFilename="~\App_Data\Media\e57fe1f0-269c-4783-b80f-66bc7538bc8f" targetFilename="~\App_Data\Media\e57fe1f0-269c-4783-b80f-66bc7538bc8f" allowOverwrite="false" />
				<File sourceFilename="~\App_Data\Media\e96bd4a6-a65c-4b44-a88c-24bea0088854" targetFilename="~\App_Data\Media\e96bd4a6-a65c-4b44-a88c-24bea0088854" allowOverwrite="false" />
				<File sourceFilename="~\App_Data\Media\f3ef3fb6-5c9d-48df-8047-bd9de011db97" targetFilename="~\App_Data\Media\f3ef3fb6-5c9d-48df-8047-bd9de011db97" allowOverwrite="false" />
      </Files>
			<Directories>
        <Directory sourceDirectory="~\App_Data\Composite\DynamicTypeForms\" targetDirectory="~\App_Data\Composite\DynamicTypeForms\" allowOverwrite="true" deleteTargetDirectory="false" />
        <Directory sourceDirectory="~\App_Data\Composite\TreeDefinitions\" targetDirectory="~\App_Data\Composite\TreeDefinitions\" allowOverwrite="true" deleteTargetDirectory="false" />
        <Directory sourceDirectory="~\Frontend\Styles\Pages\" targetDirectory="~\Frontend\Styles\Pages\" allowOverwrite="true" deleteTargetDirectory="false" />
    		<Directory sourceDirectory="~\Frontend\Styles\Layouts\" targetDirectory="~\Frontend\Styles\Layouts\" allowOverwrite="true" deleteTargetDirectory="false" />
				<Directory sourceDirectory="~\Frontend\Styles\Functions\" targetDirectory="~\Frontend\Styles\Functions\" allowOverwrite="true" deleteTargetDirectory="false" />
				<Directory sourceDirectory="~\Frontend\Images\" targetDirectory="~\Frontend\Images\" allowOverwrite="true" deleteTargetDirectory="false" />
				<Directory sourceDirectory="~\Frontend\Config\" targetDirectory="~\Frontend\Config\" allowOverwrite="true" deleteTargetDirectory="false" />
			</Directories>
		</mi:Add>
		<mi:Add installerType="Composite.Core.PackageSystem.PackageFragmentInstallers.DynamicDataTypePackageFragmentInstaller, Composite" uninstallerType="Composite.Core.PackageSystem.PackageFragmentInstallers.DynamicDataTypePackageFragmentUninstaller, Composite">
      <Types>
				<Type providerName="GeneratedDataTypesElementProvider" dataTypeDescriptor="&lt;DataTypeDescriptor dataTypeId=&quot;cba8c874-e5a5-4587-9f68-da5e5617c21d&quot; name=&quot;AllSpots&quot; namespace=&quot;Omnicorp.Content&quot; title=&quot;Spots&quot; hasCustomPhysicalSortOrder=&quot;false&quot; isCodeGenerated=&quot;true&quot; cachable=&quot;false&quot; labelFieldName=&quot;Title&quot; typeManagerTypeName=&quot;DynamicType:Omnicorp.Content.AllSpots&quot; version=&quot;13&quot;&gt;&#xD;&#xA;  &lt;DataAssociations /&gt;&#xD;&#xA;  &lt;DataScopes&gt;&#xD;&#xA;    &lt;DataScopeIdentifier name=&quot;public&quot; /&gt;&#xD;&#xA;  &lt;/DataScopes&gt;&#xD;&#xA;  &lt;KeyPropertyNames&gt;&#xD;&#xA;    &lt;KeyPropertyName name=&quot;Id&quot; /&gt;&#xD;&#xA;  &lt;/KeyPropertyNames&gt;&#xD;&#xA;  &lt;SuperInterfaces&gt;&#xD;&#xA;    &lt;SuperInterface type=&quot;Composite.Data.ProcessControlled.ILocalizedControlled,Composite&quot; /&gt;&#xD;&#xA;    &lt;SuperInterface type=&quot;Composite.Data.ProcessControlled.IProcessControlled,Composite&quot; /&gt;&#xD;&#xA;  &lt;/SuperInterfaces&gt;&#xD;&#xA;  &lt;Fields&gt;&#xD;&#xA;    &lt;DataFieldDescriptor id=&quot;c5e1dca3-f900-4ce5-b733-2577ed8bf7c6&quot; name=&quot;Id&quot; isNullable=&quot;false&quot; position=&quot;-1&quot; groupByPriority=&quot;0&quot; inherited=&quot;false&quot; instanceType=&quot;System.Guid, mscorlib, Version=4.0.0.0, Culture=neutral, PublicKeyToken=b77a5c561934e089&quot; storeType=&quot;PhysicalStoreType='Guid'&quot;&gt;&#xD;&#xA;      &lt;FormRenderingProfile /&gt;&#xD;&#xA;      &lt;ValidationFunctionMarkups /&gt;&#xD;&#xA;    &lt;/DataFieldDescriptor&gt;&#xD;&#xA;    &lt;DataFieldDescriptor id=&quot;b9978dc0-d880-4bd1-9f0f-7baba9e41305&quot; name=&quot;Title&quot; isNullable=&quot;false&quot; position=&quot;0&quot; groupByPriority=&quot;0&quot; inherited=&quot;false&quot; instanceType=&quot;System.String, mscorlib, Version=4.0.0.0, Culture=neutral, PublicKeyToken=b77a5c561934e089&quot; storeType=&quot;PhysicalStoreType='String'Length='128'&quot; defaultValue=&quot;ValueType='String'Value=''&quot;&gt;&#xD;&#xA;      &lt;FormRenderingProfile label=&quot;Title&quot; helpText=&quot;The spot title is for internal use only. It is not shown on the website.&quot; widgetFunctionMarkup=&quot;&amp;lt;f:widgetfunction xmlns:f=&amp;quot;http://www.composite.net/ns/function/1.0&amp;quot; name=&amp;quot;Composite.Widgets.String.TextBox&amp;quot; label=&amp;quot;&amp;quot; bindingsourcename=&amp;quot;&amp;quot;&amp;gt;&amp;lt;f:helpdefinition xmlns:f=&amp;quot;http://www.composite.net/ns/function/1.0&amp;quot; helptext=&amp;quot;&amp;quot; /&amp;gt;&amp;lt;/f:widgetfunction&amp;gt;&quot; /&gt;&#xD;&#xA;      &lt;ValidationFunctionMarkups /&gt;&#xD;&#xA;    &lt;/DataFieldDescriptor&gt;&#xD;&#xA;    &lt;DataFieldDescriptor id=&quot;561325b0-96ab-40ef-a36e-ab4e5cb3e74c&quot; name=&quot;Content&quot; isNullable=&quot;false&quot; position=&quot;1&quot; groupByPriority=&quot;0&quot; inherited=&quot;false&quot; instanceType=&quot;System.String, mscorlib, Version=4.0.0.0, Culture=neutral, PublicKeyToken=b77a5c561934e089&quot; storeType=&quot;PhysicalStoreType='LargeString'&quot; defaultValue=&quot;ValueType='String'Value=''&quot;&gt;&#xD;&#xA;      &lt;FormRenderingProfile label=&quot;Content&quot; helpText=&quot;The spot content. All HTML may be used with caution.&quot; widgetFunctionMarkup=&quot;&amp;lt;f:widgetfunction xmlns:f=&amp;quot;http://www.composite.net/ns/function/1.0&amp;quot; name=&amp;quot;Composite.Widgets.String.VisualXhtmlEditor&amp;quot; label=&amp;quot;&amp;quot; bindingsourcename=&amp;quot;&amp;quot;&amp;gt;&amp;lt;f:helpdefinition xmlns:f=&amp;quot;http://www.composite.net/ns/function/1.0&amp;quot; helptext=&amp;quot;&amp;quot; /&amp;gt;&amp;lt;/f:widgetfunction&amp;gt;&quot; /&gt;&#xD;&#xA;      &lt;ValidationFunctionMarkups /&gt;&#xD;&#xA;    &lt;/DataFieldDescriptor&gt;&#xD;&#xA;    &lt;DataFieldDescriptor id=&quot;7a632535-c0d3-4bb6-87b4-ced45fc43cf0&quot; name=&quot;UseRandom&quot; isNullable=&quot;false&quot; position=&quot;2&quot; groupByPriority=&quot;0&quot; inherited=&quot;false&quot; instanceType=&quot;System.Boolean, mscorlib, Version=4.0.0.0, Culture=neutral, PublicKeyToken=b77a5c561934e089&quot; storeType=&quot;PhysicalStoreType='Boolean'&quot; defaultValue=&quot;ValueType='Boolean'Value='False'&quot;&gt;&#xD;&#xA;      &lt;FormRenderingProfile label=&quot;Use random&quot; helpText=&quot;When checked, this spot will be available for random rendering. To show a random spot on a page, simply include the spot titled &amp;quot;Random spot&amp;quot;.&quot; widgetFunctionMarkup=&quot;&amp;lt;f:widgetfunction xmlns:f=&amp;quot;http://www.composite.net/ns/function/1.0&amp;quot; name=&amp;quot;Composite.Widgets.Bool.CheckBox&amp;quot; label=&amp;quot;&amp;quot; bindingsourcename=&amp;quot;&amp;quot;&amp;gt;&amp;lt;f:helpdefinition xmlns:f=&amp;quot;http://www.composite.net/ns/function/1.0&amp;quot; helptext=&amp;quot;&amp;quot; /&amp;gt;&amp;lt;/f:widgetfunction&amp;gt;&quot; /&gt;&#xD;&#xA;      &lt;ValidationFunctionMarkups /&gt;&#xD;&#xA;    &lt;/DataFieldDescriptor&gt;&#xD;&#xA;  &lt;/Fields&gt;&#xD;&#xA;&lt;/DataTypeDescriptor&gt;" />
				<Type providerName="GeneratedDataTypesElementProvider" dataTypeDescriptor="&lt;DataTypeDescriptor dataTypeId=&quot;bb913e4d-c4d4-475b-9385-6d706cbad697&quot; name=&quot;News&quot; namespace=&quot;Omnicorp.Content&quot; title=&quot;News&quot; hasCustomPhysicalSortOrder=&quot;false&quot; isCodeGenerated=&quot;true&quot; cachable=&quot;false&quot; labelFieldName=&quot;Title&quot; typeManagerTypeName=&quot;DynamicType:Omnicorp.Content.News&quot; version=&quot;7&quot;&gt;&#xD;&#xA;  &lt;DataAssociations /&gt;&#xD;&#xA;  &lt;DataScopes&gt;&#xD;&#xA;    &lt;DataScopeIdentifier name=&quot;public&quot; /&gt;&#xD;&#xA;  &lt;/DataScopes&gt;&#xD;&#xA;  &lt;KeyPropertyNames&gt;&#xD;&#xA;    &lt;KeyPropertyName name=&quot;Id&quot; /&gt;&#xD;&#xA;  &lt;/KeyPropertyNames&gt;&#xD;&#xA;  &lt;SuperInterfaces&gt;&#xD;&#xA;    &lt;SuperInterface type=&quot;Composite.Data.ProcessControlled.ILocalizedControlled,Composite&quot; /&gt;&#xD;&#xA;    &lt;SuperInterface type=&quot;Composite.Data.ProcessControlled.IProcessControlled,Composite&quot; /&gt;&#xD;&#xA;  &lt;/SuperInterfaces&gt;&#xD;&#xA;  &lt;Fields&gt;&#xD;&#xA;    &lt;DataFieldDescriptor id=&quot;184f7a06-464e-4a35-9fd8-8a9dc438aba9&quot; name=&quot;Id&quot; isNullable=&quot;false&quot; position=&quot;-1&quot; groupByPriority=&quot;0&quot; inherited=&quot;false&quot; instanceType=&quot;System.Guid, mscorlib, Version=4.0.0.0, Culture=neutral, PublicKeyToken=b77a5c561934e089&quot; storeType=&quot;PhysicalStoreType='Guid'&quot;&gt;&#xD;&#xA;      &lt;FormRenderingProfile /&gt;&#xD;&#xA;      &lt;ValidationFunctionMarkups /&gt;&#xD;&#xA;    &lt;/DataFieldDescriptor&gt;&#xD;&#xA;    &lt;DataFieldDescriptor id=&quot;1b86897c-8cfe-4ac7-bc72-850c2ee00038&quot; name=&quot;Date&quot; isNullable=&quot;false&quot; position=&quot;0&quot; groupByPriority=&quot;1&quot; inherited=&quot;false&quot; instanceType=&quot;System.DateTime, mscorlib, Version=4.0.0.0, Culture=neutral, PublicKeyToken=b77a5c561934e089&quot; storeType=&quot;PhysicalStoreType='DateTime'&quot; newInstanceDefaultFieldValue=&quot;&amp;lt;f:function xmlns:f=&amp;quot;http://www.composite.net/ns/function/1.0&amp;quot; name=&amp;quot;Composite.Utils.Date.Now&amp;quot; /&amp;gt;&quot; defaultValue=&quot;ValueType='DateTimeNow'Value='8/10/2010\ 10:47:09\ AM'&quot;&gt;&#xD;&#xA;      &lt;FormRenderingProfile label=&quot;Date&quot; helpText=&quot;The news publishing date. This can be set to a date in the future for automatic publishing.&quot; widgetFunctionMarkup=&quot;&amp;lt;f:widgetfunction xmlns:f=&amp;quot;http://www.composite.net/ns/function/1.0&amp;quot; name=&amp;quot;Composite.Widgets.Date.DateSelector&amp;quot; label=&amp;quot;&amp;quot; bindingsourcename=&amp;quot;&amp;quot;&amp;gt;&amp;lt;f:helpdefinition xmlns:f=&amp;quot;http://www.composite.net/ns/function/1.0&amp;quot; helptext=&amp;quot;&amp;quot; /&amp;gt;&amp;lt;/f:widgetfunction&amp;gt;&quot; /&gt;&#xD;&#xA;      &lt;ValidationFunctionMarkups /&gt;&#xD;&#xA;    &lt;/DataFieldDescriptor&gt;&#xD;&#xA;    &lt;DataFieldDescriptor id=&quot;fd89fd87-3867-4d65-ad6e-fac1f9c91eaa&quot; name=&quot;Title&quot; isNullable=&quot;false&quot; position=&quot;1&quot; groupByPriority=&quot;0&quot; inherited=&quot;false&quot; instanceType=&quot;System.String, mscorlib, Version=4.0.0.0, Culture=neutral, PublicKeyToken=b77a5c561934e089&quot; storeType=&quot;PhysicalStoreType='String'Length='256'&quot; defaultValue=&quot;ValueType='String'Value=''&quot;&gt;&#xD;&#xA;      &lt;FormRenderingProfile label=&quot;Title&quot; helpText=&quot;The news title. Consider a short title for easy reading in news lists and feeds.&quot; widgetFunctionMarkup=&quot;&amp;lt;f:widgetfunction xmlns:f=&amp;quot;http://www.composite.net/ns/function/1.0&amp;quot; name=&amp;quot;Composite.Widgets.String.TextBox&amp;quot; label=&amp;quot;&amp;quot; bindingsourcename=&amp;quot;&amp;quot;&amp;gt;&amp;lt;f:helpdefinition xmlns:f=&amp;quot;http://www.composite.net/ns/function/1.0&amp;quot; helptext=&amp;quot;&amp;quot; /&amp;gt;&amp;lt;/f:widgetfunction&amp;gt;&quot; /&gt;&#xD;&#xA;      &lt;ValidationFunctionMarkups /&gt;&#xD;&#xA;    &lt;/DataFieldDescriptor&gt;&#xD;&#xA;    &lt;DataFieldDescriptor id=&quot;85f015e5-530d-45dc-bf40-65d7c301e6e7&quot; name=&quot;Summary&quot; isNullable=&quot;false&quot; position=&quot;2&quot; groupByPriority=&quot;0&quot; inherited=&quot;false&quot; instanceType=&quot;System.String, mscorlib, Version=4.0.0.0, Culture=neutral, PublicKeyToken=b77a5c561934e089&quot; storeType=&quot;PhysicalStoreType='String'Length='1024'&quot; defaultValue=&quot;ValueType='String'Value=''&quot;&gt;&#xD;&#xA;      &lt;FormRenderingProfile label=&quot;Summary&quot; helpText=&quot;The news summary. One or two lines should do it.&quot; widgetFunctionMarkup=&quot;&amp;lt;f:widgetfunction xmlns:f=&amp;quot;http://www.composite.net/ns/function/1.0&amp;quot; name=&amp;quot;Composite.Widgets.String.TextBox&amp;quot; label=&amp;quot;&amp;quot; bindingsourcename=&amp;quot;&amp;quot;&amp;gt;&amp;lt;f:helpdefinition xmlns:f=&amp;quot;http://www.composite.net/ns/function/1.0&amp;quot; helptext=&amp;quot;&amp;quot; /&amp;gt;&amp;lt;/f:widgetfunction&amp;gt;&quot; /&gt;&#xD;&#xA;      &lt;ValidationFunctionMarkups /&gt;&#xD;&#xA;    &lt;/DataFieldDescriptor&gt;&#xD;&#xA;    &lt;DataFieldDescriptor id=&quot;a2a6569a-0aa6-41a6-9b63-e99541a6b085&quot; name=&quot;Content&quot; isNullable=&quot;false&quot; position=&quot;3&quot; groupByPriority=&quot;0&quot; inherited=&quot;false&quot; instanceType=&quot;System.String, mscorlib, Version=4.0.0.0, Culture=neutral, PublicKeyToken=b77a5c561934e089&quot; storeType=&quot;PhysicalStoreType='LargeString'&quot; defaultValue=&quot;ValueType='String'Value=''&quot;&gt;&#xD;&#xA;      &lt;FormRenderingProfile label=&quot;Content&quot; helpText=&quot;The news article.&quot; widgetFunctionMarkup=&quot;&amp;lt;f:widgetfunction xmlns:f=&amp;quot;http://www.composite.net/ns/function/1.0&amp;quot; name=&amp;quot;Composite.Widgets.String.VisualXhtmlEditor&amp;quot; label=&amp;quot;&amp;quot; bindingsourcename=&amp;quot;&amp;quot;&amp;gt;&amp;lt;f:helpdefinition xmlns:f=&amp;quot;http://www.composite.net/ns/function/1.0&amp;quot; helptext=&amp;quot;&amp;quot; /&amp;gt;&amp;lt;/f:widgetfunction&amp;gt;&quot; /&gt;&#xD;&#xA;      &lt;ValidationFunctionMarkups /&gt;&#xD;&#xA;    &lt;/DataFieldDescriptor&gt;&#xD;&#xA;  &lt;/Fields&gt;&#xD;&#xA;&lt;/DataTypeDescriptor&gt;" />
        <Type providerName="GeneratedDataTypesElementProvider" dataTypeDescriptor="&lt;DataTypeDescriptor dataTypeId=&quot;7714777f-de1b-4a00-85ae-7ecd771b145d&quot; name=&quot;PageSpots&quot; namespace=&quot;Omnicorp.Content&quot; title=&quot;Page spots&quot; hasCustomPhysicalSortOrder=&quot;false&quot; isCodeGenerated=&quot;true&quot; cachable=&quot;false&quot; labelFieldName=&quot;Spots&quot; typeManagerTypeName=&quot;DynamicType:Omnicorp.Content.PageSpots&quot; version=&quot;7&quot;&gt;&lt;DataAssociations&gt;&lt;/DataAssociations&gt;&lt;DataScopes&gt;&lt;DataScopeIdentifier name=&quot;administrated&quot; /&gt;&lt;DataScopeIdentifier name=&quot;public&quot; /&gt;&lt;/DataScopes&gt;&lt;KeyPropertyNames&gt;&lt;/KeyPropertyNames&gt;&lt;SuperInterfaces&gt;&lt;SuperInterface type=&quot;Composite.Data.ProcessControlled.IPublishControlled,Composite&quot; /&gt;&lt;SuperInterface type=&quot;Composite.Data.ProcessControlled.IProcessControlled,Composite&quot; /&gt;&lt;SuperInterface type=&quot;Composite.Data.ProcessControlled.ILocalizedControlled,Composite&quot; /&gt;&lt;SuperInterface type=&quot;Composite.Data.IPageData,Composite&quot; /&gt;&lt;SuperInterface type=&quot;Composite.Data.IPageMetaData,Composite&quot; /&gt;&lt;/SuperInterfaces&gt;&lt;Fields&gt;&lt;DataFieldDescriptor id=&quot;ae574346-eda7-4846-b8c2-36b7520ea27f&quot; name=&quot;Spots&quot; isNullable=&quot;true&quot; position=&quot;0&quot; groupByPriority=&quot;0&quot; inherited=&quot;false&quot; instanceType=&quot;System.String, mscorlib, Version=4.0.0.0, Culture=neutral, PublicKeyToken=b77a5c561934e089&quot; storeType=&quot;PhysicalStoreType='LargeString'&quot; defaultValue=&quot;ValueType='String'Value=''&quot;&gt;&lt;FormRenderingProfile label=&quot;Spots shown on page&quot; helpText=&quot;Spots on this page are automatically inherited to subpages, unless modified on the subpage. Leave this field blank to inherit spots from an ancestor page.&quot; widgetFunctionMarkup=&quot;&amp;lt;f:widgetfunction xmlns:f=&amp;quot;http://www.composite.net/ns/function/1.0&amp;quot; name=&amp;quot;Composite.Widgets.String.DataIdMultiSelector&amp;quot; label=&amp;quot;&amp;quot; bindingsourcename=&amp;quot;&amp;quot;&amp;gt;&amp;lt;f:helpdefinition xmlns:f=&amp;quot;http://www.composite.net/ns/function/1.0&amp;quot; helptext=&amp;quot;&amp;quot; /&amp;gt;&amp;lt;f:param name=&amp;quot;OptionsType&amp;quot; value=&amp;quot;DynamicType:Omnicorp.Content.AllSpots&amp;quot; /&amp;gt;&amp;lt;f:param name=&amp;quot;CompactMode&amp;quot; value=&amp;quot;True&amp;quot; /&amp;gt;&amp;lt;/f:widgetfunction&amp;gt;&quot; /&gt;&lt;ValidationFunctionMarkups /&gt;&lt;/DataFieldDescriptor&gt;&lt;/Fields&gt;&lt;/DataTypeDescriptor&gt;" />
        <Type providerName="GeneratedDataTypesElementProvider" dataTypeDescriptor="&lt;DataTypeDescriptor dataTypeId=&quot;afe92d8a-1e06-43c8-a5bb-e29603e80197&quot; name=&quot;SplashImage&quot; namespace=&quot;Omnicorp.Layout&quot; title=&quot;Splash Image&quot; hasCustomPhysicalSortOrder=&quot;false&quot; isCodeGenerated=&quot;true&quot; cachable=&quot;false&quot; labelFieldName=&quot;Image&quot; typeManagerTypeName=&quot;DynamicType:Omnicorp.Layout.SplashImage&quot; version=&quot;5&quot;&gt;&lt;DataAssociations&gt;&lt;/DataAssociations&gt;&lt;DataScopes&gt;&lt;DataScopeIdentifier name=&quot;administrated&quot; /&gt;&lt;DataScopeIdentifier name=&quot;public&quot; /&gt;&lt;/DataScopes&gt;&lt;KeyPropertyNames&gt;&lt;/KeyPropertyNames&gt;&lt;SuperInterfaces&gt;&lt;SuperInterface type=&quot;Composite.Data.ProcessControlled.IPublishControlled,Composite&quot; /&gt;&lt;SuperInterface type=&quot;Composite.Data.ProcessControlled.IProcessControlled,Composite&quot; /&gt;&lt;SuperInterface type=&quot;Composite.Data.ProcessControlled.ILocalizedControlled,Composite&quot; /&gt;&lt;SuperInterface type=&quot;Composite.Data.IPageData,Composite&quot; /&gt;&lt;SuperInterface type=&quot;Composite.Data.IPageMetaData,Composite&quot; /&gt;&lt;/SuperInterfaces&gt;&lt;Fields&gt;&lt;DataFieldDescriptor id=&quot;9d6d3a94-86a7-46b3-b7cc-7835ea2d0f75&quot; name=&quot;Image&quot; isNullable=&quot;true&quot; position=&quot;0&quot; groupByPriority=&quot;0&quot; inherited=&quot;false&quot; instanceType=&quot;System.String, mscorlib, Version=4.0.0.0, Culture=neutral, PublicKeyToken=b77a5c561934e089&quot; storeType=&quot;PhysicalStoreType='String'Length='512'&quot; defaultValue=&quot;ValueType='String'Value=''&quot; foreignKeyReferenceTypeName=&quot;Composite.Data.Types.IImageFile,Composite&quot;&gt;&lt;FormRenderingProfile label=&quot;Splash image&quot; helpText=&quot;The splash image on this page is automatically inherited to subpages unless modified.&quot; widgetFunctionMarkup=&quot;&amp;lt;f:widgetfunction xmlns:f=&amp;quot;http://www.composite.net/ns/function/1.0&amp;quot; name=&amp;quot;Composite.Widgets.ImageSelector&amp;quot; label=&amp;quot;&amp;quot; bindingsourcename=&amp;quot;&amp;quot;&amp;gt;&amp;#xD;&amp;#xA; &amp;lt;f:helpdefinition xmlns:f=&amp;quot;http://www.composite.net/ns/function/1.0&amp;quot; helptext=&amp;quot;&amp;quot; /&amp;gt;&amp;#xD;&amp;#xA; &amp;lt;f:param name=&amp;quot;MediaFileFolderReference&amp;quot; value=&amp;quot;MediaArchive:c974ef3d-74f8-410c-a439-252ea7794ebb&amp;quot; /&amp;gt;&amp;#xD;&amp;#xA; &amp;lt;f:param name=&amp;quot;Required&amp;quot; value=&amp;quot;False&amp;quot; /&amp;gt;&amp;#xD;&amp;#xA;&amp;lt;/f:widgetfunction&amp;gt;&quot; /&gt;&lt;ValidationFunctionMarkups /&gt;&lt;/DataFieldDescriptor&gt;&lt;/Fields&gt;&lt;/DataTypeDescriptor&gt;" />
        <Type providerName="GeneratedDataTypesElementProvider" dataTypeDescriptor="&lt;DataTypeDescriptor dataTypeId=&quot;9a62462a-7a87-400b-bce6-8e4c8a65eb97&quot; name=&quot;SplashText&quot; namespace=&quot;Omnicorp.Layout&quot; title=&quot;Splash text&quot; hasCustomPhysicalSortOrder=&quot;false&quot; isCodeGenerated=&quot;true&quot; cachable=&quot;false&quot; labelFieldName=&quot;SplashText&quot; typeManagerTypeName=&quot;DynamicType:Omnicorp.Layout.SplashText&quot; version=&quot;1&quot;&gt;&lt;DataAssociations&gt;&lt;/DataAssociations&gt;&lt;DataScopes&gt;&lt;DataScopeIdentifier name=&quot;administrated&quot; /&gt;&lt;DataScopeIdentifier name=&quot;public&quot; /&gt;&lt;/DataScopes&gt;&lt;KeyPropertyNames&gt;&lt;/KeyPropertyNames&gt;&lt;SuperInterfaces&gt;&lt;SuperInterface type=&quot;Composite.Data.ProcessControlled.IPublishControlled,Composite&quot; /&gt;&lt;SuperInterface type=&quot;Composite.Data.ProcessControlled.IProcessControlled,Composite&quot; /&gt;&lt;SuperInterface type=&quot;Composite.Data.ProcessControlled.ILocalizedControlled,Composite&quot; /&gt;&lt;SuperInterface type=&quot;Composite.Data.IPageData,Composite&quot; /&gt;&lt;SuperInterface type=&quot;Composite.Data.IPageMetaData,Composite&quot; /&gt;&lt;/SuperInterfaces&gt;&lt;Fields&gt;&lt;DataFieldDescriptor id=&quot;bce47543-f5cf-4061-a9a3-b989f7683acd&quot; name=&quot;SplashText&quot; isNullable=&quot;true&quot; position=&quot;0&quot; groupByPriority=&quot;0&quot; inherited=&quot;false&quot; instanceType=&quot;System.String, mscorlib, Version=4.0.0.0, Culture=neutral, PublicKeyToken=b77a5c561934e089&quot; storeType=&quot;PhysicalStoreType='String'Length='1024'&quot; defaultValue=&quot;ValueType='String'Value=''&quot;&gt;&lt;FormRenderingProfile label=&quot;Splash text&quot; helpText=&quot;Spice up your splash image with corporate buzzwords and catch phrases.&quot; widgetFunctionMarkup=&quot;&amp;lt;f:widgetfunction xmlns:f=&amp;quot;http://www.composite.net/ns/function/1.0&amp;quot; name=&amp;quot;Composite.Widgets.String.TextArea&amp;quot; label=&amp;quot;&amp;quot; bindingsourcename=&amp;quot;&amp;quot;&amp;gt;&amp;lt;f:helpdefinition xmlns:f=&amp;quot;http://www.composite.net/ns/function/1.0&amp;quot; helptext=&amp;quot;&amp;quot; /&amp;gt;&amp;lt;/f:widgetfunction&amp;gt;&quot; /&gt;&lt;ValidationFunctionMarkups /&gt;&lt;/DataFieldDescriptor&gt;&lt;/Fields&gt;&lt;/DataTypeDescriptor&gt;" />
      </Types>
		</mi:Add>
		<mi:Add installerType="Composite.Core.PackageSystem.PackageFragmentInstallers.DataPackageFragmentInstaller, Composite" uninstallerType="Composite.Core.PackageSystem.PackageFragmentInstallers.DataPackageFragmentUninstaller, Composite">
			<Types>
				<Type type="Composite.Data.Types.IUser,Composite">
					<Data dataScopeIdentifier="public" dataFilename="~\Datas\Composite.Data.Types.IUser_public.xml" />
				</Type>
				<Type type="Composite.Data.Types.IUserUserGroupRelation,Composite">
					<Data dataScopeIdentifier="public" dataFilename="~\Datas\Composite.Data.Types.IUserUserGroupRelation_public.xml" />
				</Type>
				<Type type="Composite.Data.Types.IUserActivePerspective,Composite">
					<Data dataScopeIdentifier="public" dataFilename="~\Datas\Composite.Data.Types.IUserActivePerspective_public.xml" />
				</Type>
				<Type type="Composite.Data.Types.IUserSettings,Composite">
					<Data dataScopeIdentifier="public" dataFilename="~\Datas\Composite.Data.Types.IUserSettings_public.xml" />
				</Type>
				<Type type="Composite.Data.Types.IGeneratedTypeWhiteList,Composite">
					<Data dataScopeIdentifier="administrated" dataFilename="~\Datas\Composite.Data.Types.IGeneratedTypeWhiteLists_administrated.xml" />
				</Type>
				<Type type="Composite.Data.Types.IMediaFileData,Composite">
					<Data dataScopeIdentifier="public" dataFilename="~\Datas\Composite.Data.Types.IMediaFileDatas_public.xml" />
				</Type>
				<Type type="Composite.Data.Types.IMediaFolderData,Composite">
					<Data dataScopeIdentifier="public" dataFilename="~\Datas\Composite.Data.Types.IMediaFolderDatas_public.xml" />
				</Type>
				<Type type="Composite.Data.Types.INamedFunctionCall,Composite">
					<Data dataScopeIdentifier="public" dataFilename="~\Datas\Composite.Data.Types.INamedFunctionCalls_public.xml" />
				</Type>
				<Type type="Composite.Data.Types.IPageStructure,Composite">
					<Data dataScopeIdentifier="public" dataFilename="~\Datas\Composite.Data.Types.IPageStructures_public.xml" />
				</Type>
				<Type type="Composite.Data.Types.IPageTemplate,Composite">
					<Data dataScopeIdentifier="public" dataFilename="~\Datas\Composite.Data.Types.IPageTemplates_public.xml" />
				</Type>
				<Type type="Composite.Data.Types.IPageType,Composite">
					<Data dataScopeIdentifier="public" dataFilename="~\Datas\Composite.Data.Types.IPageTypes_public.xml" />
				</Type>
				<Type type="Composite.Data.Types.IParameter,Composite">
					<Data dataScopeIdentifier="public" dataFilename="~\Datas\Composite.Data.Types.IParameters_public.xml" />
				</Type>
				<Type type="Composite.Data.Types.IXsltFunction,Composite">
					<Data dataScopeIdentifier="public" dataFilename="~\Datas\Composite.Data.Types.IXsltFunctions_public.xml" />
				</Type>
				<Type isDynamicAdded="true" type="DynamicType:Omnicorp.Content.AllSpots">
					<Data dataScopeIdentifier="public" locale="?" dataFilename="~\Datas\Omnicorp.Content.AllSpotss_public.xml" />
				</Type>
				<Type isDynamicAdded="true" type="DynamicType:Omnicorp.Content.News">
					<Data dataScopeIdentifier="public" locale="?" dataFilename="~\Datas\Omnicorp.Content.Newss_public.xml" />
				</Type>
				<Type type="Composite.Data.Types.IPage,Composite">
					<Data dataScopeIdentifier="administrated" locale="?" dataFilename="~\Datas\Composite.Data.Types.IPages_administrated.xml" />
				</Type>
				<Type type="Composite.Data.Types.IPage,Composite">
					<Data dataScopeIdentifier="public" locale="?" dataFilename="~\Datas\Composite.Data.Types.IPages_public.xml" />
				</Type>
				<Type type="Composite.Data.Types.IPageMetaDataDefinition,Composite">
					<Data dataScopeIdentifier="public" dataFilename="~\Datas\Composite.Data.Types.IPageMetaDataDefinitions_public.xml" />
				</Type>
				<Type type="Composite.Data.Types.IPagePlaceholderContent,Composite">
					<Data dataScopeIdentifier="administrated" locale="?" dataFilename="~\Datas\Composite.Data.Types.IPagePlaceholderContents_administrated.xml" />
				</Type>
				<Type type="Composite.Data.Types.IPagePlaceholderContent,Composite">
					<Data dataScopeIdentifier="public" locale="?" dataFilename="~\Datas\Composite.Data.Types.IPagePlaceholderContents_public.xml" />
				</Type>
				<Type isDynamicAdded="true" type="DynamicType:Omnicorp.Content.PageSpots">
					<Data dataScopeIdentifier="administrated" locale="?" dataFilename="~\Datas\Omnicorp.Content.PageSpotss_administrated.xml" />
				</Type>
				<Type isDynamicAdded="true" type="DynamicType:Omnicorp.Content.PageSpots">
					<Data dataScopeIdentifier="public" locale="?" dataFilename="~\Datas\Omnicorp.Content.PageSpotss_public.xml" />
				</Type>
				<Type isDynamicAdded="true" type="DynamicType:Omnicorp.Layout.SplashImage">
					<Data dataScopeIdentifier="administrated" locale="?" dataFilename="~\Datas\Omnicorp.Layout.SplashImages_administrated.xml" />
				</Type>
				<Type isDynamicAdded="true" type="DynamicType:Omnicorp.Layout.SplashImage">
					<Data dataScopeIdentifier="public" locale="?" dataFilename="~\Datas\Omnicorp.Layout.SplashImages_public.xml" />
				</Type>
				<Type isDynamicAdded="true" type="DynamicType:Omnicorp.Layout.SplashText">
					<Data dataScopeIdentifier="administrated" locale="?" dataFilename="~\Datas\Omnicorp.Layout.SplashTexts_administrated.xml" />
				</Type>
				<Type isDynamicAdded="true" type="DynamicType:Omnicorp.Layout.SplashText">
					<Data dataScopeIdentifier="public" locale="?" dataFilename="~\Datas\Omnicorp.Layout.SplashTexts_public.xml" />
				</Type>
			</Types>
		</mi:Add>
		<mi:Add installerType="PackageFragmentInstallers.FixUserSettingsPackageFragmentInstaller, FixUserSettingsPackageFragmentInstaller" uninstallerType="PackageFragmentInstallers.FixUserSettingsPackageFragmentUninstaller, FixUserSettingsPackageFragmentInstaller">
		</mi:Add>
	</mi:PackageFragmentInstallers>
</mi:PackageInstaller>