<?xml version="1.0" standalone="yes"?>
<mi:PackageInstaller xmlns:mi="http://www.composite.net/ns/management/packageinstaller/1.0">
	<mi:PackageRequirements minimumCompositeVersion="2.0.3947.24461" maximumCompositeVersion="9.9999.9999.9999" />
	<mi:PackageInformation name="Composite.Search.GoogleSiteSearch" groupName="Composite.Search" version="1.0.5" author="Composite A/S" website="http://composite.net" id="9fe6f664-63b9-4112-9029-4b682ea70a47" canBeUninstalled="true" systemLocking="hard" flushOnCompletion="false">
		<Description>
			Allows visitors to search a website with the Google Site Search.
		</Description>
	</mi:PackageInformation>
	<mi:PackageFragmentInstallerBinaries />
	<mi:PackageFragmentInstallers>
		<mi:Add installerType="Composite.Core.PackageSystem.PackageFragmentInstallers.FilePackageFragmentInstaller, Composite" uninstallerType="Composite.Core.PackageSystem.PackageFragmentInstallers.FilePackageFragmentUninstaller, Composite">
			<Files>
				<File sourceFilename="~\App_Data\Xslt\Composite\Search\GoogleSiteSearch\SearchResult.xsl" targetFilename="~\App_Data\Xslt\Composite\Search\GoogleSiteSearch\SearchResult.xsl" allowOverwrite="false" />
				<File sourceFilename="~\Frontend\Composite\Search\GoogleSiteSearch\Styles.css" targetFilename="~\Frontend\Composite\Search\GoogleSiteSearch\Styles.css" allowOverwrite="false" />
				<File sourceFilename="~\App_Code\Composite\Search\GoogleSiteSearch\Functions.cs" targetFilename="~\App_Code\Composite\Search\GoogleSiteSearch\Functions.cs" allowOverwrite="false" />
			</Files>
			<Directories />
		</mi:Add>
		<mi:Add installerType="Composite.Core.PackageSystem.PackageFragmentInstallers.DataPackageFragmentInstaller, Composite" uninstallerType="Composite.Core.PackageSystem.PackageFragmentInstallers.DataPackageFragmentUninstaller, Composite">
			<Types>
				<Type type="Composite.Data.Types.IMethodBasedFunctionInfo,Composite">
					<Data dataScopeIdentifier="public" dataFilename="~\Datas\Composite.Data.Types.IMethodBasedFunctionInfos_public.xml" />
				</Type>
				<Type type="Composite.Data.Types.INamedFunctionCall,Composite">
					<Data dataScopeIdentifier="public" dataFilename="~\Datas\Composite.Data.Types.INamedFunctionCalls_public.xml" />
				</Type>
				<Type type="Composite.Data.Types.IParameter,Composite">
					<Data dataScopeIdentifier="public" dataFilename="~\Datas\Composite.Data.Types.IParameters_public.xml" />
				</Type>
				<Type type="Composite.Data.Types.IXsltFunction,Composite">
					<Data dataScopeIdentifier="public" dataFilename="~\Datas\Composite.Data.Types.IXsltFunctions_public.xml" />
				</Type>
			</Types>
		</mi:Add>
	</mi:PackageFragmentInstallers>
</mi:PackageInstaller>