<?xml version="1.0" encoding="utf-8"?>
<strings>
  <string key="DialogTitle" value="Propri&#233;t&#233;s de la fonction" />
  <string key="FunctionLocalNameGroupLabel" value="R&#233;sultat de la fonction nom local" />
  <string key="FunctionLocalNameLabel" value="Nom local" />
  <string key="FunctionLocalNameHelp" value="Si vous incluez une fonction &#224; plusieurs reprises ce domaine peut vous aider &#224; distinguer les r&#233;sultats individuels par leur nom local." />
  <string key="ParameterValueLabel" value="Valeur du param&#232;tre" />
  <string key="AddNewFunctionDialogLabel" value="S&#233;lectionner la fonction" />
  <string key="SetNewFunctionDialogLabel" value="S&#233;lectionner la fonction" />
  <string key="ComplexFunctionCallDialogLabel" value="Valeur pour le param&#232;tre &#39;{0}&#39;" />
  <string key="ParameterTypeLabel" value="Type de param&#232;tre" />
  <string key="ParameterNameLabel" value="Nom du param&#232;tre" />
  <string key="ReturnTypeLabel" value="Type de retour" />
  <string key="ValidationFailedAlertTitle" value="La validation a &#233;chou&#233;" />
  <string key="FunctionNotFound" value="La fonction &#39;{0}&#39; n&#39;existe pas." />
  <string key="RequiredParameterNotDefined" value="Le param&#232;tre requis &#39;{0}&#39; n&#39;a pas &#233;t&#233; d&#233;fini." />
  <string key="IncorrectTypeCast" value="Mauvais type de &#39;cast&#39;,  Nom du param&#232;tre : &#39;{0}&#39;, nom de la fonction : &#39;{1}&#39;." />
  <string key="ParameterTypeDefaultLabel" value="Par d&#233;faut" />
  <string key="ParameterTypeConstantLabel" value="Constante" />
  <string key="ParameterTypeInputParameterLabel" value="Param&#232;tre d&#39;entr&#233;e" />
  <string key="ParameterTypeFunctionLabel" value="Fonction" />
  <string key="AddNewButtonLabel" value="Ajouter un nouveau" />
  <string key="DeleteButtonLabel" value="Effacer" />
  <string key="SetNewButtonLabel" value="&#201;tablir un ouveau" />
  <string key="ToolBar.LabelSource" value="Source" />
  <string key="ToolBar.LabelDesign" value="Conception" />
</strings>