<?xml version="1.0" encoding="utf-8"?>
<strings>
  <string key="SEOAssistant" value="Assistant SEO" />
  <string key="SEOAssistant.ToolTip" value="Sert &#224; l&#39;optimisation des moteurs de recherche" />
  <string key="IntroText" value="G&#233;n&#233;re un aper&#231;u de la page pour calculer l&#39;indication de r&#233;f&#233;rencement." />
  <string key="TabResult" value="R&#233;sultat" />
  <string key="TabKeywords" value="Mots-cl&#233;s" />
  <string key="ResultHeading" value="Mots-cl&#233;s trouv&#233;s dans l&#39;aper&#231;u de la  page :" />
  <string key="NoKeywordsWarning" value="Aucun mots-cl&#233; n&#39;est configur&#233;." />
  <string key="isInTitle" value="Mot-cl&#233; dans le titre" />
  <string key="isInURL" value="Mots-cl&#233;s dans l&#39;URL" />
  <string key="isInMenuTitle" value="Mot-cl&#233; du titre du menu" />
  <string key="isInDescription" value="Mot-cl&#233; dans la description" />
  <string key="isInHeading" value="Mot-cl&#233; du l&#39;ent&#234;te" />
  <string key="isInContent" value="Mot-cl&#233; du contenu" />
  <string key="NoKeywords" value="Aucun mots-cl&#233; trouv&#233; dans l&#39;aper&#231;u de la page" />
	<string key="IncorrectHtml" value="Impossible d&#39;analyser les mots cl&#233;s parce que le balisage n&#39;est pas valide" />
</strings>