<?xml version="1.0" encoding="utf-8" ?>
<strings>
	<string key="WebsiteFilesRootElement.Label" value="/" />
	<string key="LayoutResourcesRootElement.Label" value="/" /> <!-- Layout Resources -->
	<string key="LayoutResourcesKeyNameLabel" value="Mettre en cache" />
	
	<string key="DeleteFile.LabelFieldGroup" value="Supprimer le fichier?" />
	<string key="DeleteFile.Text" value="Supprimer le fichier?" />
	<string key="DeleteFolder.LabelFieldGroup" value="Supprimer le dossier?" />
	<string key="DeleteFolder.Text" value="Supprimer le dossier?" />
	<string key="AddNewFolder.LabelFieldGroup" value="Ajouter un nouveau dossier" />
	<string key="AddNewFolder.Text" value="Nom du dossier" />
	<string key="AddNewFolder.Help" value="Entrer le nom du nouveau dossier" />
	<string key="AddNewFolder.Error.FolderExist" value="Un dossier avec le m&#234;me nom existe d&#233;j&#224;" />
	<string key="AddNewFile.LabelFieldGroup" value="Ajouter un nouveau fichier" />
	<string key="AddNewFile.Text" value="Nom du fichier" />
	<string key="AddNewFile.Help" value="Entrer le nom du nouveau fichier" />
	<string key="AddNewFile.Error.FileExist" value="Un fichier avec le m&#234;me nom existe d&#233;j&#224;" />
	<string key="UploadNewWebsiteFile.LabelFieldGroup" value="T&#233;l&#233;verser un fichier" />
	<string key="UploadNewWebsiteFile.LabelFile" value="S&#233;lectionner le fichier" />
	<string key="UploadNewWebsiteFile.HelpFile" value="S&#233;lectionner le fichier &#224; t&#233;l&#233;verser" />
  <string key="UploadNewWebsiteFile.ConfirmOverwriteTitle" value="Remplacer le fichier existant" />
  <string key="UploadNewWebsiteFile.ConfirmOverwriteDescription" value="Un fichier avec le m&#234;me nom existe d&#233;j&#224;.  Remplacer?" />
	<string key="UploadFile.Error.WrongTypeTitle" value="Mauvais type de fichier" />
	<string key="UploadFile.Error.WrongTypeMessage" value="Mauvais type de fichier" />
	

	<string key="AddWebsiteFolderTitle" value="Nouveau dossier" />
	<string key="AddWebsiteFolderToolTip" value="Ajouter un nouveau dossier" />
	<string key="AddWebsiteFileTitle" value="Nouveau fichier" />
	<string key="AddWebsiteFileToolTip" value="Cr&#233;er un nouveau fichier" />
	<string key="DeleteWebsiteFileTitle" value="Supprimer le fichier" />
	<string key="DeleteWebsiteFileToolTip" value="Supprimer le fichier" />
  <string key="DownloadFileTitle" value="T&#233;l&#233;charger" />
  <string key="DownloadFileToolTip" value="T&#233;l&#233;charger le fichier" />
  <string key="DeleteWebsiteFolderTitle" value="Supprimer le dossier" />
	<string key="DeleteWebsiteFolderToolTip" value="Supprimer le dossier" />
	<string key="EditWebsiteFileTitle" value="Modifier le fichier" />
	<string key="EditWebsiteFileToolTip" value="Modifier le fichier" />
	<string key="UploadWebsiteFileTitle" value="T&#233;l&#233;verser un fichier" />
	<string key="UploadWebsiteFileToolTip" value="T&#233;l&#233;verser un fichier" />
	<string key="AddFolderToWhiteListTitle" value="Voir dans {0}" />
	<string key="AddFolderToWhiteListToolTip" value="D&#233;termine si ce dossier doit &#234;tre visible dans &quot;{0}&quot;" />
	<string key="RemoveFolderFromWhiteListTitle" value="Voir dans {0}" />
	<string key="RemoveFolderFromWhiteListToolTip" value="D&#233;termine si ce dossier doit &#234;tre visible dans &quot;{0}&quot;" />

	<string key="DeleteWebsiteFileWorkflow.DeleteErrorTitle" value="Erreur" />
	<string key="DeleteWebsiteFileWorkflow.DeleteErrorMessage" value="Impossible de supprimer le fichier" />
	<string key="DeleteWebsiteFolderWorkflow.DeleteErrorTitle" value="Erreur" />
	<string key="DeleteWebsiteFolderWorkflow.DeleteErrorMessage" value="Impossible de supprimer le dossier" />
</strings>