﻿<?xml version="1.0" encoding="utf-8"?>
<strings>
  <string key="WebsiteFilesRootElement.Label" value="/" />
  <string key="LayoutResourcesRootElement.Label" value="/" />
  <!-- Layout Resources -->
  <string key="LayoutResourcesKeyNameLabel" value="Mise en page" />
  <string key="DeleteFile.LabelFieldGroup" value="Supprimer le fichier?" />
  <string key="DeleteFile.Text" value="Supprimer le fichier?" />
  <string key="DeleteFolder.LabelFieldGroup" value="Supprimer le dossier?" />
  <string key="DeleteFolder.Text" value="Supprimer le dossier?" />
  <string key="AddNewFolder.LabelFieldGroup" value="Ajouter un nouveau dossier" />
  <string key="AddNewFolder.Text" value="Nom du dossier" />
  <string key="AddNewFolder.Help" value="Entrer le nom du nouveau dossier" />
  <string key="AddNewFolder.Error.FolderExist" value="Un dossier avec le même nom existe déjà" />
  <string key="AddNewFile.LabelFieldGroup" value="Ajouter un nouveau fichier" />
  <string key="AddNewFile.Text" value="Nom du fichier" />
  <string key="AddNewFile.Help" value="Entrer le nom du nouveau fichier" />
  <string key="AddNewFile.Error.FileExist" value="Un fichier avec le même nom existe déjà" />
  <string key="UploadNewWebsiteFile.LabelFieldGroup" value="Téléverser un fichier" />
  <string key="UploadNewWebsiteFile.LabelFile" value="Sélectionner le fichier" />
  <string key="UploadNewWebsiteFile.HelpFile" value="Sélectionner le fichier à téléverser" />
  <string key="UploadNewWebsiteFile.ConfirmOverwriteTitle" value="Remplacer le fichier existant" />
  <string key="UploadNewWebsiteFile.ConfirmOverwriteDescription" value="Un fichier avec le même nom existe déjà.  Remplacer?" />
  <string key="UploadFile.Error.WrongTypeTitle" value="Mauvais type de fichier" />
  <string key="UploadFile.Error.WrongTypeMessage" value="Mauvais type de fichier" />
  <string key="AddWebsiteFolderTitle" value="Nouveau dossier" />
  <string key="AddWebsiteFolderToolTip" value="Ajouter un nouveau dossier" />
  <string key="AddWebsiteFileTitle" value="Nouveau fichier" />
  <string key="AddWebsiteFileToolTip" value="Créer un nouveau fichier" />
  <string key="DeleteWebsiteFileTitle" value="Supprimer le fichier" />
  <string key="DeleteWebsiteFileToolTip" value="Supprimer le fichier" />
  <string key="DownloadFileTitle" value="Télécharger" />
  <string key="DownloadFileToolTip" value="Télécharger le fichier" />
  <string key="DeleteWebsiteFolderTitle" value="Supprimer le dossier" />
  <string key="DeleteWebsiteFolderToolTip" value="Supprimer le dossier" />
  <string key="EditWebsiteFileTitle" value="Modifier le fichier" />
  <string key="EditWebsiteFileToolTip" value="Modifier le fichier" />
  <string key="UploadWebsiteFileTitle" value="Téléverser un fichier" />
  <string key="UploadWebsiteFileToolTip" value="Téléverser un fichier" />
  <string key="AddFolderToWhiteListTitle" value="Voir dans {0}" />
  <string key="AddFolderToWhiteListToolTip" value="Détermine si ce dossier doit être visible dans &quot;{0}&quot;" />
  <string key="RemoveFolderFromWhiteListTitle" value="Voir dans {0}" />
  <string key="RemoveFolderFromWhiteListToolTip" value="Détermine si ce dossier doit être visible dans &quot;{0}&quot;" />
  <string key="DeleteWebsiteFileWorkflow.DeleteErrorTitle" value="Erreur" />
  <string key="DeleteWebsiteFileWorkflow.DeleteErrorMessage" value="Impossible de supprimer le fichier" />
  <string key="DeleteWebsiteFolderWorkflow.DeleteErrorTitle" value="Erreur" />
  <string key="DeleteWebsiteFolderWorkflow.DeleteErrorMessage" value="Impossible de supprimer le dossier" />
</strings>