﻿<?xml version="1.0" encoding="utf-8"?>
<strings>
  <string key="SendToDraft" value="Envoyer en brouillon" />
  <string key="SendToDraftToolTip" value="" />
  <string key="Publish" value="Publier" />
  <string key="PublishToolTip" value="Publier sur le site" />
  <string key="Unpublish" value="Dépublier" />
  <string key="UnpublishToolTip" value="Mettre en état brouillon et supprimer la version publiée" />
  <string key="SendForApproval" value="Envoyer pour approbation" />
  <string key="SendForApprovalToolTip" value="Envoyer pour approbation" />
  <string key="SendForPublication" value="Envoyer pour publication" />
  <string key="SendForPublicationToolTip" value="Envoyer pour publication" />
  <string key="UndoPublishedChanges" value="Annuler les changements" />
  <string key="UndoPublishedChangesToolTip" value="Annuler les modifications non publiées" />
  <string key="ValidationErrorTitle" value="Action impossible" />
  <string key="ValidationErrorMessage" value="Les données n'ont pas été validées avec les erreurs suivantes :" />
</strings>