<?xml version="1.0" encoding="utf-8" ?>
<strings>
	<string key="SendToDraft" value="Envoyer en brouillon" />
	<string key="SendToDraftToolTip" value="" />
	<string key="Publish" value="Publier" />
	<string key="PublishToolTip" value="Publier sur le site" />
	<string key="Unpublish" value="D&#233;publier" />
	<string key="UnpublishToolTip" value="Mettre en &#233;tat brouillon et supprimer la version publi&#233;e" />
	<string key="SendForApproval" value="Envoyer pour approbation" />
	<string key="SendForApprovalToolTip" value="Envoyer pour approbation" />
	<string key="SendForPublication" value="Envoyer pour publication" />
	<string key="SendForPublicationToolTip" value="Envoyer pour publication" />
	<string key="UndoPublishedChanges" value="Annuler les changements" />
	<string key="UndoPublishedChangesToolTip" value="Annuler les modifications non publi&#233;es" />
	<string key="ValidationErrorTitle" value="Action impossible" />
	<string key="ValidationErrorMessage" value="Les donn&#233;es n&#39;ont pas &#233;t&#233; valid&#233;es avec les erreurs suivantes :" />	
</strings>