﻿<?xml version="1.0" encoding="utf-8"?>
<strings>
  <string key="GlobalDataFolderLabel" value="Types de données globales" />
  <string key="GlobalDataFolderToolTip" value="Types de données globales" />
  <string key="GlobalDataFolderLabel_OnlyGlobalData" value="Éléments du site" />
  <string key="GlobalDataFolderToolTip_OnlyGlobalData" value="Éléments du site (données)" />
  <string key="PageDataFolderDataFolderLabel" value="Page de dossiers de données" />
  <string key="PageDataFolderDataFolderToolTip" value="Page de dossiers de données" />
  <string key="PageMetaDataFolderLabel" value="Page de métatypes" />
  <string key="PageMetaDataFolderToolTip" value="Page de métatypes" />
  <string key="Add" value="Ajouter un type de données" />
  <string key="AddToolTip" value="Ajouter un nouveau type de données global" />
  <string key="ViewUnpublishedItems" value="Liste des données non publiées" />
  <string key="ViewUnpublishedItemsToolTip" value="Obtener un aperçu des données qui n'ont pas encore été publiées" />
  <string key="ViewUnpublishedItems-document-title" value="Données non publiées" />
  <string key="ViewUnpublishedItems-document-description" value="La liste ci-dessous des éléments de données d'affichage qui sont actuellement en cours d'édition ou prêts à être approuvé / publié." />
  <string key="ViewUnpublishedItems-document-empty-label" value="Aucune donnée non publiée." />
  <string key="AddDataFolder" value="Ajouter un dossier de données" />
  <string key="AddDataFolderToolTip" value="Ajouter un nouveau dossier de données" />
  <string key="AddMetaDataLabel" value="Ajouter un métatype" />
  <string key="AddMetaDataToolTip" value="Ajouter un métatype" />
  <string key="Edit" value="Modifier le type de données" />
  <string key="EditToolTip" value="Modifier le type de données sélectionné" />
  <string key="EditDataFolderTypeLabel" value="Modifier" />
  <string key="EditDataFolderTypeToolTip" value="Modifier le dossier de données sélectionné" />
  <string key="EditMetaDataTypeLabel" value="Modifier" />
  <string key="EditMetaDataTypeToolTip" value="Modifier les métadonnées sélectionnées" />
  <string key="Delete" value="Supprimer le type de données" />
  <string key="DeleteToolTip" value="Supprimer le type de données sélectionné" />
  <string key="DeleteDataFolderTypeLabel" value="Effacer" />
  <string key="DeleteDataFolderTypeToolTip" value="Supprimer dossier de données sélectionné" />
  <string key="DeleteMetaDataTypeLabel" value="Effacer" />
  <string key="DeleteMetaDataTypeToolTip" value="Supprimer les métadonnées sélectionnées" />
  <string key="EditFormMarkup" value="Modifier le balisage du formulaire" />
  <string key="EditFormMarkupToolTip" value="Modifier la mise en page du formulaire de données à l'aide des balises" />
  <string key="EnableLocalization" value="Activer la localisation" />
  <string key="EnableLocalizationToolTip" value="Activer la localisation" />
  <string key="DisableLocalization" value="Désactiver la localisation" />
  <string key="DisableLocalizationToolTip" value="Désactiver la localisation" />
  <string key="DisabledData" value="Pas encore approuvé ou publié" />
  <string key="UndefinedLabelTemplate" value="(Undefined [{0}])" />
  <string key="UndefinedDataLavelTemplate" value="(Undefined)" />
  <string key="ShowInContent" value="Afficher dans la section &quot;Contenu&quot;" />
  <string key="ShowInContentToolTip" value="Afficher dans la section &quot;Contenu&quot;" />
  <string key="AddData" value="Ajouter des données" />
  <string key="AddDataToolTip" value="Ajouter de nouvelles données" />
  <string key="EditData" value="Modifier les données" />
  <string key="EditDataToolTip" value="Modifier les données sélectionnées" />
  <string key="DeleteData" value="Supprimer les données" />
  <string key="DeleteDataToolTip" value="Supprimer les données sélectionnées" />
  <string key="LocalizeData" value="Traduire les données" />
  <string key="LocalizeDataToolTip" value="Traduire les données sélectionnées" />
  <string key="LabelPublicationState" value="État de publication" />
  <string key="DraftTransition" value="Brouillon" />
  <string key="AwaitingApprovalTransition" value="En attente d'approbation" />
  <string key="AddNewInterfaceTypeStep1.DocumentTitle" value="Nouveau type de données" />
  <string key="AddNewCompositionTypeWorkflow.DocumentTitle" value="Nouvelle page Metatype" />
  <string key="AddNewAggregationTypeWorkflow.DocumentTitle" value="Nouvelle page dossier de données" />
  <string key="EditorCommon.SettingsTab" value="Paramètres" />
  <string key="EditorCommon.LabelTitleGroup" value="Titre du Type" />
  <string key="EditorCommon.LabelProgrammaticNamingAndServices" value="Nommage de programmation et des services" />
  <string key="EditorCommon.LabelProgrammaticNaming" value="Nommage programmé" />
  <string key="EditorCommon.LabelTypeName" value="Nom du type" />
  <string key="EditorCommon.HelpTypeName" value="Le nom technique du type de données (ex. produit). Il est utilisé pour identifier ce type dans le code et ne doit pas être changé une fois utilisé à l'extérieur." />
  <string key="EditorCommon.LabelTypeNamespace" value="Type de l'espace de noms" />
  <string key="EditorCommon.HelpTypeNamespace" value="L'espace de noms (module / nom de la catégorie) du type. Il est utilisé pour identifier ce type dans le code et ne doit pas être changé une fois utilisé à l'extérieur." />
  <string key="EditorCommon.LabelTitle" value="Titre" />
  <string key="EditorCommon.HelpTitle" value="Utiliser cette entrée pour spécifier un nom convivial. Ce nom est utilisé dans la plupart des UI." />
  <string key="EditorCommon.LabelFields" value="Champs" />
  <string key="EditorCommon.ServicesLabel" value="Services" />
  <string key="EditorCommon.HasCaching" value="Mise en cache" />
  <string key="EditorCommon.HasPublishing" value="a de la publication" />
  <string key="EditorCommon.HasLocalization" value="Est une donnée localisable" />
  <string key="DeleteGeneratedDataStep1.LabelFieldGroup" value="Supprimer les données?" />
  <string key="DeleteGeneratedDataStep1.Text" value="Supprimer les données?" />
  <string key="DeleteDataConfirmationText" value="Il existe des données référencées qui seront également supprimés, voulez-vous continuer?" />
  <string key="DeleteGeneratedInterfaceStep1.LabelFieldGroup" value="Supprimer le type de données" />
  <string key="DeleteGeneratedInterfaceStep1.Text" value="Supprimer le type de données" />
  <string key="CascadeDeleteErrorTitle" value="Erreur de suppression en cascade" />
  <string key="CascadeDeleteErrorMessage" value="Le type est référencé par un autre type qui ne permet pas de suppression en cascade. Cette opération a été interrompue" />
  <string key="DeleteAggregationTypeWorkflow.LabelFieldGroup" value="Supprimer le type de données" />
  <string key="DeleteAggregationTypeWorkflow.Text" value="Supprimer le type de données" />
  <string key="DeleteAggregationTypeWorkflow.ErrorTitle" value="Erreur" />
  <string key="DeleteAggregationTypeWorkflow.IsUsedByPageType" value="Vous ne pouvez supprimer un type '{0}', car il est utilisé par un type de page." />
  <string key="DeleteCompositionTypeWorkflow.LabelFieldGroup" value="Supprimer le type de données" />
  <string key="DeleteCompositionTypeWorkflow.Text" value="Supprimer le type de données" />
  <string key="DeleteCompositionTypeWorkflow.ErrorTitle" value="Erreur" />
  <string key="DeleteCompositionTypeWorkflow.TypeIsReferenced" value="Vous ne pouvez supprimer un type '{0}', car il ya des types qui lui font référence." />
  <string key="DeleteCompositionTypeWorkflow.IsUsedByPageType" value="Vous ne pouvez supprimer un type '{0}', car il est utilisé par un type de page." />
  <string key="ToXmlLabel" value="Vers Xml" />
  <string key="ToXmlToolTip" value="Vers Xml" />
  <string key="EnableTypeLocalizationWorkflow.Dialog.Label" value="Activer la localisation" />
  <string key="EnableTypeLocalizationWorkflow.Step1.FieldGroup.Label" value="Activer la localisation" />
  <string key="EnableTypeLocalizationWorkflow.Step1.CultureSelector.Label" value="Déplacer les données existantes vers ,,," />
  <string key="EnableTypeLocalizationWorkflow.Step1.CultureSelector.Help" value="Lorsque vous activez «localisation» sur un type de données, toutes les données doivent appartenir à une langue. Sélectionner la langue des données existantes devraient être déplacés vers." />
  <string key="EnableTypeLocalizationWorkflow.Step2.Title" value="Confirmation" />
  <string key="EnableTypeLocalizationWorkflow.Step2.Description" value="Le type de données sera localisé et les données copiés vers le local sélectionné. Cliquer sur Terminer pour continuer." />
  <string key="EnableTypeLocalizationWorkflow.Step3.Title" value="Avertissement" />
  <string key="EnableTypeLocalizationWorkflow.Step3.Description" value="Il y a certains types de données qui ont des références au type. Alors que la localisation des données seront copiées dans toutes les langues afin de prévenir l'apparition de références brisées." />
  <string key="EnableTypeLocalizationWorkflow.Abort.Title" value="&quot;Active locales&quot; manquants" />
  <string key="EnableTypeLocalizationWorkflow.Abort.Description" value="Il n'y a pas de local actifs ajoutés. Ajouter au moins un local avant de localiser de ce type de données." />
  <string key="DisableTypeLocalizationWorkflow.Dialog.Label" value="Désactiver la localisation" />
  <string key="DisableTypeLocalizationWorkflow.Step1.FieldGroup.Label" value="Désactiver la localisation" />
  <string key="DisableTypeLocalizationWorkflow.Step1.CultureSelector.Label" value="Conserver les données de ..." />
  <string key="DisableTypeLocalizationWorkflow.Step1.CultureSelector.Help" value="Lorsque la localisation est désactivée sur un type de données une seule traduction peut être maintenue. Les données d'autres langues seront perdues." />
  <string key="DisableTypeLocalizationWorkflow.Step2.Title" value="Confirmation" />
  <string key="DisableTypeLocalizationWorkflow.Step2.Description" value="Toutes les données provenant d'autres locaux autres que celui sélectionné seront perdues. Cliqueer sur Terminer pour continuer." />
  <string key="LocalizeDataWorkflow.ShowError.LayoutLabel" value="Impossible de traduire les données" />
  <string key="LocalizeDataWorkflow.ShowError.InfoTableCaption" value="Erreurs de traduction" />
  <string key="LocalizeDataWorkflow.ShowError.AlreadyTranslated" value="Ces données ont déjà été traduite. La version traduite appartient à un groupe différent." />
  <string key="LocalizeDataWorkflow.ShowError.Description" value="Les domaines suivants ont une référence à un type de données. Vous devez traduire ces éléments de données avant de pouvoir traduire cette donnée" />
  <string key="LocalizeDataWorkflow.ShowError.FieldErrorFormat" value="Le champ '{0}' référence des données de type '{1}' avec le libellé '{2}'" />
  <string key="AddNewInterfaceTypeStep1.ErrorTitle" value="Erreur" />
  <string key="EditInterfaceTypeStep1.ErrorTitle" value="Erreur" />
  <string key="AddNewCompositionTypeWorkflow.ErrorTitle" value="Erreur" />
  <string key="AddNewAggregationTypeWorkflow.ErrorTitle" value="Erreur" />
  <string key="EditCompositionTypeWorkflow.ErrorTitle" value="Erreur" />
  <string key="EditAggregationTypeWorkflow.ErrorTitle" value="Erreur" />
  <string key="DataTypeDescriptorToXmlLabel" value="Résultat XML" />
  <string key="FormMarkupInfo.Dialog.Label" value="Ce type a une forme personnalisée de balisage" />
  <string key="FormMarkupInfo.Message" value="Vos modifications n'affecteront pas le formulaire pour éditer des données. Faire '{0}' de changer le formulaire ou supprimer le fichier '{1}'." />
</strings>