﻿<?xml version="1.0" encoding="utf-8"?>
<strings>
  <string key="AddNewPageStep1.DialogLabel" value="Ajouter une nouvelle page" />
  <string key="GeneralSettings.FieldGroupLabel" value="Paramètres généraux" />
  <string key="PublicationSettings.FieldGroupLabel" value="Paramètres de publication" />
  <string key="AdvancedSettings.FieldGroupLabel" value="Paramètres avancés" />
  <string key="AddNewPageStep1.LabelTitle" value="Titre de la page" />
  <string key="AddNewPageStep1.LabelTitleHelp" value="L'entrée spécifié dans ce champ est affiché dans la barre de titre de la fenêtre du navigateur. Le champ est utilisé par les moteurs de recherche et les cartes de site (sitemaps)" />
  <string key="AddNewPageStep1.LabelAbstract" value="Description" />
  <string key="AddNewPageStep1.LabelAbstractHelp" value="Utiliser ce champ pour une brève description de la page" />
  <string key="AddNewPageStep1.LabelTemplate" value="Type de page" />
  <string key="AddNewPageStep1.HelpTemplate" value="La sélection du type de la page influe sur le comportement et les caractéristiques de votre page, comme «une page normale» ou «un blog. Les options disponibles dépendent des fonctions installées." />
  <string key="AddNewPageStep1.LabelPosition" value="Position" />
  <string key="AddNewPageStep1.HelpPosition" value="Sélectionner l'emplacement dans l'arborescence de contenu où vous souhaitez placer la page." />
  <string key="AddNewPageStep1.LabelAddToTop" value="Insérer au sommet" />
  <string key="AddNewPageStep1.LabelAddToBottom" value="Insérer au bas" />
  <string key="AddNewPageStep1.LabelAddAlphabetic" value="Insérer en ordre alphabétique" />
  <string key="AddNewPageStep1.LabelAddBelowOtherPage" value="Sélectionner la position ..." />
  <string key="AddNewPageStep2.LabelUrlTitle" value="Titre de l'URL" />
  <string key="AddNewPageStep2.HelpUrlTitle" value="L'entrée spécifié dans ce champ est affichée dans la barre d'adresse du navigateur. Le champ est utilisé par les moteurs de recherche" />
  <string key="AddNewPageStep2.LabelMenuTitle" value="Titre du menu" />
  <string key="AddNewPageStep2.HelpMenuTitle" value="L'entrée spécifiée dans ce champ peut être utilisé dans la navigation sur le site" />
  <string key="AddNewPageStep2.LabelPositionSelectorPanel" value="Sélectionner la position de la page détaillée" />
  <string key="AddNewPageStep2.LabelPositionSelector" value="Position au-dessous" />
  <string key="AddNewPageStep2.HelpPositionSelector" value="" />
  <string key="AddNewPageStep1.TitleTooLong" value="Le titre spécifié est trop long. Inscrire un titre plus court et réessayez" />
  <string key="AddNewPageStep1.MenuTitleTooLong" value="Le titre de menu spécifié est trop long. Inscrire un titre plus court et réessayez" />
  <string key="EditPage.LabelPaneSettings" value="Paramètres" />
  <string key="EditPage.LabelPublicationState" value="Statut" />
  <string key="EditPage.HelpPublicationState" value="Changer le statut de la page" />
  <string key="EditPage.LabelPageTitle" value="Titre de la page" />
  <string key="EditPage.LabelPageTitleHelp" value="L'entrée spécifié dans ce champ est affiché dans la barre de titre de la fenêtre du navigateur. Le champ est utilisé par les moteurs de recherche et les cartes de site (sitemaps)" />
  <string key="EditPage.LabelMenuTitle" value="Titre du menu" />
  <string key="EditPage.HelpMenuTitle" value="L'entrée spécifiée dans ce champ peut être utilisé dans la navigation sur le site" />
  <string key="EditPage.LabelUrlTitle" value="Titre de l'URL" />
  <string key="EditPage.UrlTitleFormattedTitle" value="Le titre del'URL a été réécrit" />
  <string key="EditPage.UrlTitleFormattedMessage" value="Selon les règles de remplacement d'URL actuelles, le titre de l'URL a été changé pour '{0}'" />
  <string key="EditPage.HelpUrlTitle" value="L'entrée spécifiée dans ce champ est affichée dans la barre d'adresse du navigateur en tant que partie de l'adresse URL. Le champ est utilisé par les moteurs de recherche" />
  <string key="EditPage.LabelFriendlyUrl" value="URL convivial" />
  <string key="EditPage.HelpFriendlyUrl" value="L'entrée spécifiée dans ce champ est une version plus courte de l'URL réel de la page URL et redirige vers cette dernière lorsqu'il est entré dans la barre d'adresse du navigateur. Notez que certains serveurs peuvent être configurés pour supporter cette fonctionnalité." />
  <string key="EditPage.LabelAbstract" value="Description" />
  <string key="EditPage.LabelAbstractHelp" value="Utiliser ce champ pour une courte description de la page" />
  <string key="EditPage.LabelPublishDate" value="Date de début de publication" />
  <string key="EditPage.HelpPublishDate" value="Précisez à quelle date et heure vous souhaitez que la page soit publiée. À la date et l'heure indiquées la page sera automatiquement publiée sur le site" />
  <string key="EditPage.LabelUnpublishDate" value="Date de fin de publication" />
  <string key="EditPage.HelpUnpublishDate" value="Précisez à quelle date et heure vous souhaitez que la page soit publiée. À la date et l'heure indiquée la page sera automatiquement retirée du site" />
  <string key="EditPage.LabelContent" value="Contenu" />
  <string key="EditPage.LabelPreview" value="Aperçu" />
  <string key="EditPage.PageTypeSelectorLabel" value="Type de page" />
  <string key="EditPage.PageTypeSelectorHelp" value="La sélection du type de la page définit le rôle de la page, comme «une page normale» ou «un blog. Les options disponibles dépendent des fonctions installées." />
  <string key="EditPage.MaxLength" value="{0} caractères maximum" />
  <string key="DeletePage.LabelFieldGroup" value="Supprimer la page?" />
  <string key="DeletePageStep1.Title" value="Supprimer la page et ses sous-pages" />
  <string key="DeletePageStep1.Description" value="Toutes les sous-pages seront également supprimées. Continuer?" />
  <string key="DeletePageStep2.Text" value="Supprimer la page '{0}'?" />
  <string key="UrlTitleNotUniqueError" value="Une autre page utilise le titre de l'URL spécifié. Le titre de l'URL doit être unique parmi les pages  d'un même parent." />
  <string key="UrlTitleNotValidError" value="Le titre de l'URL spécifié contient des caractères non valides. Puisque ce champ est utilisé pour construire l'adresse web de la page, certains caractères spéciaux (comme interrogation, slash et point) ne sont pas autorisés. Vous pouvez utiliser des lettres, des chiffres et le -." />
  <string key="UrlTitleTooLong" value="Le titre de l'URL spécifié est trop long. Inscrire un titre plus court et réessayez" />
  <string key="FriendlyUrlNotUniqueError" value="Une autre page utilise l'URL simplifié spécifié. L'URL simplifié doit être unique." />
  <string key="TitleMissingError" value="Le titre ne peut pas être vide." />
  <string key="PageSaveValidationFailedTitle" value="Page non sauvegardée" />
  <string key="PageSaveValidationFailedMessage" value="La page ne peut être validée et n'a pas été enregistrée. S'il vous plaît examiner les messages d'erreur." />
  <string key="PageElementProvider.RootLabel" value="Sites Web" />
  <string key="PageElementProvider.RootLabelToolTip" value="Sites Web" />
  <string key="PageElementProvider.AddPageAtRoot" value="Ajouter un site Web ..." />
  <string key="PageElementProvider.AddPageAtRootFormat" value="Ajouter une page ..." />
  <string key="PageElementProvider.AddPageAtRootToolTip" value="Ajouter une nouvelle page d'accueil" />
  <string key="PageElementProvider.ViewUnpublishedItems" value="Lister les pages non publiées" />
  <string key="PageElementProvider.ViewUnpublishedItemsToolTip" value="Obtenir un aperçu des pages et du dossier de données de page qui n'ont pas encore été publiés." />
  <string key="PageElementProvider.ViewUnpublishedItems-document-title" value="Contenu non publié" />
  <string key="PageElementProvider.ViewUnpublishedItems-document-description" value="La liste ci-dessous affiche les pages et les données de pages qui sont actuellement en cours d'édition ou prêtes à être approuvées / publiés." />
  <string key="PageElementProvider.EditPage" value="Modifier la page" />
  <string key="PageElementProvider.EditPageToolTip" value="Modifier la page sélectionnée" />
  <string key="PageElementProvider.Delete" value="Effacer" />
  <string key="PageElementProvider.DeleteToolTip" value="Supprimer la page sélectionnée" />
  <string key="PageElementProvider.LocalizePage" value="Traduire la page" />
  <string key="PageElementProvider.LocalizePageToolTip" value="Traduire la page sélectionnée" />
  <string key="PageElementProvider.AddSubPage" value="Ajouter une page ..." />
  <string key="PageElementProvider.AddSubPageFormat" value="Ajouter une {0}" />
  <string key="PageElementProvider.AddSubPageToolTip" value="Ajouter une nouvelle page en dessous de celle sélectionnée" />
  <string key="PageElementProvider.DisplayLocalOrderingLabel" value="Afficher la page dans l'ordre 'local'" />
  <string key="PageElementProvider.DisplayLocalOrderingToolTip" value="Afficher la page dans l'ordre 'local'" />
  <string key="PageElementProvider.DisabledPage" value="Pas encore approuvé ou publié" />
  <string key="PageElementProvider.MissingTemplateTitle" value="Modèle de site Web requis" />
  <string key="PageElementProvider.MissingTemplateMessage" value="Pour créer une page, un modèle de site est nécessaire, mais aucun modèle n'a été créé. Vous pouvez en créer un dans la section Mise en page." />
  <string key="PageElementProvider.MissingActiveLanguageTitle" value="Langue requise" />
  <string key="PageElementProvider.MissingActiveLanguageMessage" value="Pour ajouter une page, vous devez tout d'abord ajouter au moins une langue. Accéder à la section Système pour ajouter une langue." />
  <string key="PageElementProvider.NoPageTypesAvailableTitle" value="Aucun type de page disponible" />
  <string key="PageElementProvider.NoPageTypesAvailableMessage" value="Vous devez créer au moins un type de page en premier" />
  <string key="PageElementProvider.MissingPageTypeTitle" value="Type de page requis" />
  <string key="PageElementProvider.MissingPageTypeHomepageMessage" value="Pour créer une page d'accueil, un type de page sans la restriction 'Seulement sous-pages' est nécessaire, mais aucun n'a encore été ajouté. Accéder à la section Mise en page pour ajouter un type de page" />
  <string key="PageElementProvider.MissingPageTypeSubpageMessage" value="Pour créer une sous-page, un type de page sans restriction 'page d'accueil seulement' est nécessaire, mais aucun n'a encore été ajouté. Accéder à la section Mise en page pour ajouter un type de page." />
  <string key="PageElementProvider.RuleDontAllowPageAddTitle" value="Impossible d'ajouter une page!" />
  <string key="PageElementProvider.RuleDontAllowPageAddMessage" value="Les règles qui définissent la disponibilité des types de page interdisent l'ajout d'une page ici." />
  <string key="ManageHostNames.Add.DialogLabel" value="Gérer le nom d'hôte" />
  <string key="ManageHostNames.Add.HeadingTitle" value="Ajouter un nom hôte associé à la page" />
  <string key="ManageHostNames.Add.HeadingDescription" value="Vous pouvez associer un nom d'hôte (ou un nom de domaine) à une page en spécifiant dans le champ ci-dessous. S'il vous plaît noter que les paramètres DNS pour le nom d'hôte spécifié doivent également être configurés, ce qui se fait en dehors de ce système." />
  <string key="ManageHostNames.Add.FieldGroupLabel" value="Nom d'hôte associé à la page" />
  <string key="ManageHostNames.Add.HostNameTextBoxLabel" value="Nom de l'hôte" />
  <string key="ManageHostNames.Add.HostNametextBoxHelp" value="Indiquer le nom d'hôte (comme 'www.composite.net »ou« composite.net') que vous souhaitez associer à cette page" />
  <string key="ManageHostNames.Add.InvalidHostNameSyntaxError" value="La syntaxe du nom d'hôte n'est pas valide" />
  <string key="ManageHostNames.Add.HostNameNotUniqueError" value="Ce nom d'hôte est déjà associé à une page. Vous devez d'abord enlever l'association existante." />
  <string key="ManageHostNames.Remove.DialogLabel" value="Gérer le nom d'hôte" />
  <string key="ManageHostNames.Remove.FieldGroupLabel" value="Retirer du nom d'hôte associé à la page" />
  <string key="ManageHostNames.Remove.MultiSelectorLabel" value="Noms d'hôtes à retirer" />
  <string key="ManageHostNames.Remove.MultiSelectorHelp" value="Les noms d'hôte que vous avez sélectionnés ne seront plus associés à la page" />
  <string key="DeletePageWorkflow.MissingConfirmErrorMessage" value="S'il vous plaît confirmer la suppression de tous les sous-pages" />
  <string key="DeletePageWorkflow.CascadeDeleteErrorTitle" value="Erreur de suppression en cascade" />
  <string key="DeletePageWorkflow.CascadeDeleteErrorMessage" value="La page est référencée par un autre type qui ne permet pas une suppression en cascade. Cette opération a été annulée" />
  <string key="DeletePageWorkflow.HasCompositionsTitle" value="Vous ne pouvez pas supprimer la page" />
  <string key="DeletePageWorkflow.HasCompositionsMessage" value="Cette page contient un ou plusieurs dossiers de page ou des champs de métadonnées définis. Supprimer d'abord ces derniers." />
</strings>