﻿<?xml version="1.0" encoding="utf-8"?>
<strings>
  <!-- preload precaution -->
  <string key="Preload.Key" value="Récupération sur le démarrage de VisualEditorBinding afin de s'assurer que les &quot;strings&quot; sont chargés :)" />
  <!-- simple toolbar -->
  <string key="ToolBar.ToolTipStrong" value="Texte gras" />
  <string key="ToolBar.ToolTipEmphasize" value="Souligner le texte" />
  <string key="ToolBar.ToolTipUnderline" value="Souligner le texte" />
  <string key="ToolBar.ToolTipStrike" value="Texte barré" />
  <string key="ToolBar.ToolTipAlignLeft" value="Aligner à gauche" />
  <string key="ToolBar.ToolTipAlignRight" value="Aligner à droite" />
  <string key="ToolBar.ToolTipJustifyLeft" value="Justifier à gauche" />
  <string key="ToolBar.ToolTipJustifyRight" value="Justifier à droite" />
  <string key="ToolBar.ToolTipJustifyCenter" value="Justifier au centre" />
  <string key="ToolBar.ToolTipJustifyFull" value="Justifier tout" />
  <string key="ToolBar.ToolTipUnorderedList" value="Liste non ordonnée" />
  <string key="ToolBar.ToolTipOrderedList" value="Liste ordonnée" />
  <string key="ToolBar.ToolTipLink" value="Lien" />
  <string key="ToolBar.ToolTipDeleteLink" value="Supprimer le lien" />
  <string key="ToolBar.ToolTipCleanup" value="Nettoyage du code" />
  <string key="ToolBar.ToolTipUndo" value="Annuler" />
  <string key="ToolBar.ToolTipRedo" value="Refaire" />
  <string key="ToolBar.LabelSource" value="Source" />
  <string key="ToolBar.LabelWysiwyg" value="Éditeur WYSIWYG" />
  <!-- format selector -->
  <string key="FormatSelector.LabelParagraph" value="Paragraphe" />
  <string key="FormatSelector.LabelAddress" value="Adresse" />
  <string key="FormatSelector.LabelBlockQuote" value="Blockquote" />
  <string key="FormatSelector.LabelDivision" value="Division" />
  <string key="FormatSelector.LabelHeading1" value="Rubrique 1" />
  <string key="FormatSelector.LabelHeading2" value="Rubrique 2" />
  <string key="FormatSelector.LabelHeading3" value="Rubrique 3" />
  <string key="FormatSelector.LabelHeading4" value="Rubrique 4" />
  <string key="FormatSelector.LabelHeading5" value="Rubrique 5" />
  <string key="FormatSelector.LabelHeading6" value="Rubrique 6" />
  <!-- classname selector -->
  <string key="ClassSelector.LabelNone" value="(Aucun)" />
  <!-- contextmenu (duplicated in toolbar) -->
  <string key="ContextMenu.LabelInsert" value="Insérer" />
  <string key="ContextMenu.LabelPaste" value="Coller" />
  <string key="ContextMenu.LabelLink" value="Lien" />
  <string key="ContextMenu.LabelUnLink" value="Délier" />
  <string key="ContextMenu.LabelLinkProperties" value="Propriétés du lien" />
  <string key="ContextMenu.LabelTable" value="Table ..." />
  <string key="ContextMenu.LabelTableManage" value="Gérer le tableau" />
  <string key="ContextMenu.LabelImage" value="Image ..." />
  <string key="ContextMenu.LabelAsText" value="Comme texte simple ..." />
  <string key="ContextMenu.LabelField" value="Champ" />
  <string key="ContextMenu.LabelFieldDelete" value="Supprimer le champ" />
  <string key="ContextMenu.LabelRendering" value="Fonction ..." />
  <string key="ContextMenu.LabelCharacter" value="Caractère ..." />
  <string key="ContextMenu.LabelImageProperties" value="Propriétés de l'image ..." />
  <string key="ContextMenu.LabelRenderingProperties" value="Propriétés de la fonction ..." />
  <string key="ContextMenu.LabelCutRow" value="Couper la ligne" />
  <string key="ContextMenu.LabelCopyRow" value="Copier la ligne" />
  <string key="ContextMenu.LabelPasteRow" value="Coller la ligne" />
  <string key="ContextMenu.LabelBefore" value="Avant" />
  <string key="ContextMenu.LabelAfter" value="Après" />
  <string key="ContextMenu.LabelTableProperties" value="Propriétés du tableau" />
  <string key="ContextMenu.LabelCellProperties" value="Propriétés de la cellule" />
  <string key="ContextMenu.LabelRowProperties" value="Propriétés de la ligne" />
  <string key="ContextMenu.LabelInsertRow" value="Insérer une ligne" />
  <string key="ContextMenu.LabelDeleteRow" value="Supprimer la ligne" />
  <string key="ContextMenu.LabelInsertcolumn" value="Insérer une colonne" />
  <string key="ContextMenu.LabelDeleteColumn" value="Supprimer la colonne" />
  <string key="ContextMenu.LabelMergeTableCells" value="Fusionner des cellules de tableau" />
  <string key="ContextMenu.LabelSplitMergedCells" value="Fractionner les cellules fusionnées" />
  <string key="ContextMenu.LabelDeleteTable" value="Supprimer le tableau" />
  <string key="ContextMenu.LabelAlignImage" value="Aligner l'image" />
  <string key="ContextMenu.LabelAlignImageRight" value="Droite" />
  <string key="ContextMenu.LabelAlignImageLeft" value="Gauche" />
  <string key="ContextMenu.LabelAlignImageNone" value="Aucun" />
  <!-- error dialog -->
  <string key="ContentError.DialogTitle" value="Erreur de code source" />
  <string key="ContentError.DialogText" value="Erreur dans le code source :" />
  <!-- template selector -->
  <string key="TemplateTree.NoTemplateWarning" value="Aucun &quot;placeholder&quot; dans le modèle." />
  <!-- PLUGINS ............................................................... -->
  <!-- general -->
  <string key="LabelTabBasic" value="De base" />
  <string key="LabelTabAdvanced" value="Avancé" />
  <string key="LabelPresentation" value="Présentation" />
  <string key="LabelClass" value="Classe" />
  <string key="HelpClass" value="L'attribut class spécifie un nom de classe CSS pour un élément." />
  <string key="LabelId" value="ID" />
  <string key="HelpId" value="L'attribut id peut être utilisé par du JavaScript ou du CSS pour apporter des modifications à un élément." />
  <string key="MozSecurityNote.LabelSecurityStuff" value="Presse-papiers désactivé" />
  <string key="MozSecurityNote.TextSecurityStuff" value="Pour des raisons de sécurité, l'accès au presse-papiers a été bloquée par votre navigateur. S'il vous plaît utiliser les raccourcis clavier standard. Pour une description technique de comment configurer votre navigateur pour une utilisation avec Composite C1, appuyer sur le bouton Détails." />
  <!-- link -->
  <string key="Link.LabelInsertLink" value="Insérer un lien" />
  <string key="Link.LabelLinkProperties" value="Propriétés du lien" />
  <string key="Link.LinkDestination" value="URL" />
  <string key="Link.LinkRole" value="Rôle" />
  <string key="Link.TitleText" value="Titre" />
  <string key="Link.LinkTarget" value="Cible" />
  <string key="Link.LinkTarget.LabelCheckBox" value="Ouvrir dans une nouvelle fenêtre" />
  <string key="Link.TitleTextToolTip" value="Le texte du titre est rendu comme une info-bulle lorsque la souris survole le lien. Ceci peut être utilisé pour permettre à vos clients de savoir où le lien va sans perturber la lecture de votre texte." />
  <string key="Link.LabelLink" value="Propriétés du lien" />
  <!-- table -->
  <string key="Tables.Cell.CellType" value="Type de cellule" />
  <string key="Tables.Cell.LabelWidth" value="Largeur de la cellule" />
  <string key="Tables.Cell.HorizontalAlignment" value="Alignement horizontal" />
  <string key="Tables.Cell.VerticalAlignment" value="Alignement vertical" />
  <string key="Tables.Cell.ApplyTo" value="Appliquer les modifications à" />
  <string key="Tables.Cell.LabelCellProperties" value="Propriétés de la cellule" />
  <string key="Tables.Cell.LabelLayout" value="Mise en page" />
  <string key="Tables.Cell.LabelDataCell" value="Cellule de données" />
  <string key="Tables.Cell.LabelHeaderCell" value="Entête de cellule" />
  <string key="Tables.Cell.LabelLeft" value="Gauche" />
  <string key="Tables.Cell.LabelRight" value="Droite" />
  <string key="Tables.Cell.LabelTop" value="Haut" />
  <string key="Tables.Cell.LabelCenter" value="Centre" />
  <string key="Tables.Cell.LabelBottom" value="Bas" />
  <string key="Tables.Cell.LabelScope" value="Portée" />
  <string key="Tables.Cell.LabelCurrentCell" value="Cellule actuelle" />
  <string key="Tables.Cell.LabelAllRowCells" value="Toutes les cellules de la ligne" />
  <string key="Tables.Cell.LabelAllTableCells" value="Toutes les cellules du tableau" />
  <string key="Tables.Merge.Columns" value="Colonnes" />
  <string key="Tables.Merge.Rows" value="Lignes" />
  <string key="Tables.Merge.LabelMergeCells" value="Fusionner des cellules de tableau" />
  <string key="Tables.Row.Rows" value="Ligne dans une section de tableau" />
  <string key="Tables.Row.HorizontalAlignment" value="Alignement horizontal" />
  <string key="Tables.Row.VerticalAlignment" value="Alignement vertical" />
  <string key="Tables.Row.ApplyTo" value="Appliquer les modifications à" />
  <string key="Tables.Row.LabelRowProperties" value="Propriétés de la ligne" />
  <string key="Tables.Row.LabelLayout" value="Mise en page" />
  <string key="Tables.Row.LabelTableHead" value="Entête de tableau" />
  <string key="Tables.Row.LabelTableBody" value="Partie centrale du tablea" />
  <string key="Tables.Row.LabelTableFoot" value="Bas du tableau" />
  <string key="Tables.Row.LabelLeft" value="Gauche" />
  <string key="Tables.Row.LabelCenter" value="Centre" />
  <string key="Tables.Row.LabelRight" value="Droite" />
  <string key="Tables.Row.LabelTop" value="Haut" />
  <string key="Tables.Row.LabelBottom" value="Bas" />
  <string key="Tables.Row.LabelScope" value="Portée" />
  <string key="Tables.Row.LabelCurrentRow" value="Ligne actuelle" />
  <string key="Tables.Row.LabelOddRows" value="Lignes impaires du tableau" />
  <string key="Tables.Row.LabelEvenRows" value="Lignes paires du tableau" />
  <string key="Tables.Row.LabelAllRows" value="Toutes les lignes du tableau" />
  <string key="Tables.Table.TitleInsert" value="Insérer un tableau" />
  <string key="Tables.Table.TitleUpdate" value="Propriétés du tableau" />
  <string key="Tables.Table.Columns" value="Colonnes" />
  <string key="Tables.Table.Rows" value="Lignes" />
  <string key="Tables.Table.Summary" value="Résumé" />
  <string key="Tables.Table.SummaryHelp" value="Le résumé explique le contenu du tableau et de la structure afin que les gens qui utilisent des navigateurs non-visuels (tels que les personnes aveugles) puissent mieux comprendre. Ceci est particulièrement important pour les tableaux sans légendes." />
  <string key="Tables.Table.LabelLayout" value="Mise en page du tableau" />
  <string key="Tables.Table.LabelMeta" value="Description du tableau" />
  <!-- image -->
  <string key="Image.Source" value="Source" />
  <string key="Image.AlternativeText" value="Texte de remplacement" />
  <string key="Image.AlternativeTextToolTip" value="Le texte de remplacement est affiché comme du texte visible dans les navigateurs où les images ne peuvent pas être rendus normalement. Ce peut être le cas pour les navigateurs de téléphones mobiles et navigateurs spéciaux pour les malvoyants. L'attribut alt doit décrire clairement le contenu de l'image." />
  <string key="Image.TitleText" value="Titre du texte" />
  <string key="Image.TitleTextToolTip" value="Letitre du texte est rendu comme une info-bulle lorsque la souris passe sur l'image. Une image qui pourrait être source de confusion pour le spectateur peut être immédiatement précisé par un titre." />
  <string key="Image.LabelImage" value="Propriétés de l'image" />
  <string key="Image.LabelInsertImage" value="Insérer l'image" />
  <string key="Image.LabelImageProperties" value="Propriétés de l'image" />
  <string key="Image.MaxWidth" value="Largeur maximum" />
  <string key="Image.MaxWidthToolTip" value="Si la largeur de l'image est plus grande que la valeur spécifiée, elle va être réduite à la valeur spécifiée." />
  <string key="Image.MaxHeight" value="Hauteur maximale" />
  <string key="Image.MaxHeightToolTip" value="Si la hauteur de l'image est plus grande que la valeur spécifiée, elle va être réduite à la valeur spécifiée." />
  <!-- charmap -->
  <string key="CharMap.LabelSelectSpecialChar" value="Sélectionner le caractère" />
  <string key="CharMap.LabelGeneral" value="Général" />
  <string key="CharMap.LabelAlphabetical" value="Alphabétique" />
  <string key="CharMap.LabelMathSymbols" value="Mathématiques et symboles" />
  <string key="CharMap.LabelCommon" value="Commun" />
  <string key="CharMap.LabelQuotation" value="Citation" />
  <string key="CharMap.LabelCurrency" value="Devise" />
  <string key="CharMap.LabelLatin" value="Latin" />
  <string key="CharMap.LabelGreek" value="Grecque" />
  <string key="CharMap.LabelMathAndLogic" value="Mathématique et logique" />
  <string key="CharMap.LabelSymbols" value="Symboles" />
  <string key="CharMap.LabelArrows" value="Flèches" />
  <!-- text paste -->
  <string key="TextPaste.Label" value="Coller comme du texte" />
  <string key="TextPaste.PasteHereContent" value="Coller le contenu ici. Puis appuyez sur OK." />
  <!-- spellcheck-->
  <string key="SpellCheck.InfoLabel" value="Comment vérification l'orthographe" />
  <string key="SpellCheck.InfoCaption" value="Comment vérifier l'orthographe dans l'éditeur visual" />
  <string key="SpellCheck.InfoText" value="Pour obtenir des suggestions pour un mot mal orthographié, maintener la touche MAJ enfoncée lorsque vous appelez le menu contextuel." />
  <string key="Function.Edit" value="Modifier" />
</strings>