<?xml version="1.0" standalone="yes"?>
<mi:PackageInstaller xmlns:mi="http://www.composite.net/ns/management/packageinstaller/1.0">
	<mi:PackageRequirements minimumCompositeVersion="2.0.3927.42711" maximumCompositeVersion="9.9999.9999.9999" />
	<mi:PackageInformation name="Composite.Community.Twitter.FeedAggregator" groupName="Composite.Community" version="1.0.4" author="Composite A/S" website="http://www.composite.net" id="b145403b-92ff-4d63-92fa-316ba7d4e29c" canBeUninstalled="true" systemLocking="hard" flushOnCompletion="false">
		<Description>Aggregates multiple Twitter feeds and searches into a single XML feed. Supports customization of the feed’s view.</Description>
	</mi:PackageInformation>
	<mi:PackageFragmentInstallerBinaries>
		<mi:Add path="~\Bin\Composite.Community.Twitter.FeedAggregator.dll" />
	</mi:PackageFragmentInstallerBinaries>
	<mi:PackageFragmentInstallers>
		<mi:Add installerType="Composite.Core.PackageSystem.PackageFragmentInstallers.FilePackageFragmentInstaller, Composite" uninstallerType="Composite.Core.PackageSystem.PackageFragmentInstallers.FilePackageFragmentUninstaller, Composite">
			<Files>
				<File sourceFilename="~\App_Data\Xslt\Composite\Community\Twitter\FeedAggregator.xsl" targetFilename="~\App_Data\Xslt\Composite\Community\Twitter\FeedAggregator.xsl" allowOverwrite="false" />
				<File sourceFilename="~\App_Data\Composite.Community.Twitter.FeedAggregator\Config.xml" targetFilename="~\App_Data\Composite.Community.Twitter.FeedAggregator\Config.xml" allowOverwrite="false" />
				<File sourceFilename="~\Frontend\Composite\Community\Twitter\FeedAggregator\Styles.css" targetFilename="~\Frontend\Composite\Community\Twitter\FeedAggregator\Styles.css" allowOverwrite="false" />
				<File sourceFilename="~\Bin\Composite.Community.Twitter.FeedAggregator.dll" targetFilename="~\Bin\Composite.Community.Twitter.FeedAggregator.dll" allowOverwrite="false" />
			</Files>
			<Directories />
		</mi:Add>
		<mi:Add installerType="Composite.Core.PackageSystem.PackageFragmentInstallers.DataPackageFragmentInstaller, Composite" uninstallerType="Composite.Core.PackageSystem.PackageFragmentInstallers.DataPackageFragmentUninstaller, Composite">
			<Types>
				<Type type="Composite.Data.Types.IMethodBasedFunctionInfo,Composite">
					<Data dataScopeIdentifier="public" dataFilename="~\Datas\Composite.Data.Types.IMethodBasedFunctionInfos_public.xml" />
				</Type>
				<Type type="Composite.Data.Types.INamedFunctionCall,Composite">
					<Data dataScopeIdentifier="public" dataFilename="~\Datas\Composite.Data.Types.INamedFunctionCalls_public.xml" />
				</Type>
				<Type type="Composite.Data.Types.IXsltFunction,Composite">
					<Data dataScopeIdentifier="public" dataFilename="~\Datas\Composite.Data.Types.IXsltFunctions_public.xml" />
				</Type>
			</Types>
		</mi:Add>
	</mi:PackageFragmentInstallers>
</mi:PackageInstaller>