<?xml version="1.0" encoding="utf-8"?>
<strings>
	<!-- Element tree -->
	<string key="Tree.ConfigurationElementLabel" value="URL配置" />
	<string key="Tree.ConfigurationElementEditLabel" value="编辑URL配置" />
	<string key="Tree.ConfigurationElementToolTip" value="本节可以配置更短简且友好的网址" />
	<string key="Tree.HostnamesFolderLabel" value="主机名" />
	<string key="Tree.HostnamesFolderToolTip" value="在这里，你可以映射主机名到一个站点" />
	<string key="Tree.AddHostnameLabel" value="添加主机名" />
	<string key="Tree.UrlConfigurationLabel" value="Url配置" />

	<!-- Url configuration -->
	<string key="UrlConfiguration.Title" value="URL配置" />
	<string key="UrlConfiguration.PageUrlSuffix.Label" value="页面的URL后缀" />
	<string key="UrlConfiguration.PageUrlSuffix.Help" value="一个字符串将被附加到所有的页面网址中，例如.此处填写 “ASPX”或“HTML”。此处若留空白，将产生没有扩展名的网址。" />

	<!-- Hostname binding editing -->
	<string key="HostnameBinding.AddNewHostnameTitle" value="新主机名" />
	<string key="HostnameBinding.Hostname.Label" value="主机名" />
	<string key="HostnameBinding.Hostname.Help" value="主机名，将被当前的页面URL创建规则所使用" />
	<string key="HostnameBinding.Page.Label" value="页面" />
	<string key="HostnameBinding.Page.Help" value="启始主页，这将是当前的主机名的默认页面" />
	<string key="HostnameBinding.IncludeHomepageUrlTitle.Label" value="网址" />
	<string key="HostnameBinding.IncludeHomepageUrlTitle.ItemLabel" value="包括主页URL标题" />
	<string key="HostnameBinding.IncludeHomepageUrlTitle.Help" value="决定启始页的标题是否作为URL的一部份。没有勾选它则将产生更短的网址" />
	<string key="HostnameBinding.IncludeLanguageUrlMapping.ItemLabel" value="包括语言的URL映射" />
	<string key="HostnameBinding.IncludeLanguageUrlMapping.Help" value="确定语言代码是否作为ＵＲＬ的一部份" />
	<string key="HostnameBinding.Custom404Page.Label" value="自定义404页" />
	<string key="HostnameBinding.Custom404Page.Help" value="请求一个不存在的页面的情况下重定向到该&#xD;URL" />
	<string key="HostnameBinding.Aliases.Label" value="主机别名" />
	<string key="HostnameBinding.Aliases.Help" value="所有请求将被重定向到当前主机名" />
</strings>