﻿<?xml version="1.0" encoding="utf-8"?>
<strings>
  <!-- "Metadata settings" - but too much text! -->
  <!--<string key="PageType.EditPageTypeMetaDataFieldWorkflow.NameTextBox.Label" value="Name" />
  <string key="PageType.EditPageTypeMetaDataFieldWorkflow.NameTextBox.Help" value="The uniqueue name of the Metadata field" />-->
  <string key="PageType.Tree.Root.Label" value="网页类型" />
  <string key="PageType.Tree.DefaultContentElement.Label" value="占位符的内容" />
  <string key="PageType.Tree.MetaDataFieldsElement.Label" value="元数据字段" />
  <string key="PageType.Tree.AddNewPageType.Label" value="新增页类型" />
  <string key="PageType.Tree.AddNewPageType.ToolTip" value="添加新的页面类型" />
  <string key="PageType.Tree.EditPageType.Label" value="编辑页类型" />
  <string key="PageType.Tree.EditPageType.ToolTip" value="编辑选择的网页类型" />
  <string key="PageType.Tree.DeletePageType.Label" value="删除页类型" />
  <string key="PageType.Tree.DeletePageType.ToolTip" value="删除选择的页类型" />
  <string key="PageType.Tree.AddDefaultPageContent.Label" value="添加默认内容" />
  <string key="PageType.Tree.AddDefaultPageContent.ToolTip" value="添加默认内容占位符" />
  <string key="PageType.Tree.EditDefaultPageContent.Label" value="编辑默认内容" />
  <string key="PageType.Tree.EditDefaultPageContent.ToolTip" value="修改默认内容的占位符" />
  <string key="PageType.Tree.DeleteDefaultPageContent.Label" value="删除默认内容" />
  <string key="PageType.Tree.DeleteDefaultPageContent.ToolTip" value="删除默认内容" />
  <string key="PageType.Tree.AddMetaDataField.Label" value="添加元数据字段" />
  <string key="PageType.Tree.AddMetaDataField.ToolTip" value="添加新元数据字段" />
  <string key="PageType.Tree.EditMetaDataField.Label" value="编辑元数据字段" />
  <string key="PageType.Tree.EditMetaDataField.ToolTip" value="编辑选择的元数据字段" />
  <string key="PageType.Tree.DeleteMetaDataField.Label" value="删除元数据字段" />
  <string key="PageType.Tree.DeleteMetaDataField.ToolTip" value="删除选定的元数据字段" />
  <string key="PageType.AddNewPageTypeWorkflow.Layout.Label" value="添加新的页类型" />
  <string key="PageType.AddNewPageTypeWorkflow.FieldGroup.Label" value="新页类型设置" />
  <string key="PageType.AddNewPageTypeWorkflow.NameTextBox.Label" value="名称" />
  <string key="PageType.AddNewPageTypeWorkflow.NameTextBox.Help" value="新页类型的名称" />
  <string key="PageType.AddNewPageTypeWorkflow.DescriptionTextArea.Label" value="说明" />
  <string key="PageType.AddNewPageTypeWorkflow.DescriptionTextArea.Help" value="新页类型的说明" />
  <string key="PageType.EditPageTypeWorkflow.SettingsPlaceHolder.Label" value="设置" />
  <string key="PageType.EditPageTypeWorkflow.SettingsFieldGroup.Label" value="页类型设置" />
  <string key="PageType.EditPageTypeWorkflow.NameTextBox.Label" value="名称" />
  <string key="PageType.EditPageTypeWorkflow.NameTextBox.Help" value="页类型名称" />
  <string key="PageType.EditPageTypeWorkflow.DescriptionTextArea.Label" value="说明" />
  <string key="PageType.EditPageTypeWorkflow.DescriptionTextArea.Help" value="页类型的说明" />
  <string key="PageType.EditPageTypeWorkflow.AvailableCheckBox.Label" value="可用" />
  <string key="PageType.EditPageTypeWorkflow.AvailableCheckBox.Help" value="取消选中此项将使这个页面在任何页上不可选择" />
  <string key="PageType.EditPageTypeWorkflow.PresetMenuTitleCheckBox.Label" value="预设菜单标题" />
  <string key="PageType.EditPageTypeWorkflow.PresetMenuTitleCheckBox.Help" value="If this is checked a default value for the menu title on pages is preset" />
  <string key="PageType.EditPageTypeWorkflow.DefaultChildPageTypeKeySelector.Label" value="默认子页类型" />
  <string key="PageType.EditPageTypeWorkflow.DefaultChildPageTypeKeySelector.Help" value="为在该页类型下创建的所有子页面选择一个默认的页类型" />
  <string key="PageType.EditPageTypeWorkflow.DefaultChildPageTypeKeySelector.NoneSelectedLabel" value="[无]" />
  <string key="PageType.EditPageTypeWorkflow.PageTemplatePlaceHolder.Label" value="布局" />
  <string key="PageType.EditPageTypeWorkflow.PageTemplateRestrictionFieldGroup.Label" value="布局" />
  <string key="PageType.EditPageTypeWorkflow.PageTemplateRestrictionMultiKeySelector.Label" value="布局限制" />
  <string key="PageType.EditPageTypeWorkflow.PageTemplateRestrictionMultiKeySelector.Help" value="布局限制" />
  <string key="PageType.EditPageTypeWorkflow.DefaultPageTemplateKeySelector.Label" value="默认布局" />
  <string key="PageType.EditPageTypeWorkflow.DefaultPageTemplateKeySelector.Help" value="为该页类型下创建的所有页面指定一个默认的布局" />
  <string key="PageType.EditPageTypeWorkflow.DefaultPageTemplateKeySelector.NoneSelectedLabel" value="[无]" />
  <string key="PageType.EditPageTypeWorkflow.AvailabilityPlaceHolder.Label" value="可用性" />
  <string key="PageType.EditPageTypeWorkflow.AvailabilityFieldGroup.Label" value="可用性" />
  <string key="PageType.EditPageTypeWorkflow.HomepageRelationKeySelector.Label" value="首页关联" />
  <string key="PageType.EditPageTypeWorkflow.HomepageRelationKeySelector.Help" value="首页关联" />
  <string key="PageType.EditPageTypeWorkflow.HomepageRelationKeySelector.NoRestrictionLabel" value="没有限制" />
  <string key="PageType.EditPageTypeWorkflow.HomepageRelationKeySelector.OnlySubPagesLabel" value="仅子页" />
  <string key="PageType.EditPageTypeWorkflow.HomepageRelationKeySelector.OnlyHomePagesLabel" value="仅首页" />
  <string key="PageType.EditPageTypeWorkflow.PageTypeChildRestrictionMultiKeySelector.Label" value="网页类型父级限制" />
  <string key="PageType.EditPageTypeWorkflow.PageTypeChildRestrictionMultiKeySelector.Help" value="仅允许此页类型用于选定的页类型下的子页" />
  <string key="PageType.EditPageTypeWorkflow.DataFolderApplicationPlaceHolder.Label" value="数据文件夹 /应用程序" />
  <string key="PageType.EditPageTypeWorkflow.DataFolderFieldGroup.Label" value="数据文件夹" />
  <string key="PageType.EditPageTypeWorkflow.DataFolderMultiKeySelector.Label" value="数据文件夹" />
  <string key="PageType.EditPageTypeWorkflow.DataFolderMultiKeySelector.Help" value="选择自动添加到使用此页面类型的页面中的数据文件夹" />
  <string key="PageType.EditPageTypeWorkflow.ApplicationFieldGroup.Label" value="应用程序" />
  <string key="PageType.EditPageTypeWorkflow.ApplicationMultiKeySelector.Label" value="应用程序" />
  <string key="PageType.EditPageTypeWorkflow.ApplicationMultiKeySelector.Help" value="选择自动添加到使用此页面类型的页面中的应用程序" />
  <string key="PageType.EditPageTypeWorkflow.ValidationError.DefaultTemplateNotInRestrictions" value="默认的布局不是所选限制布局之一" />
  <string key="PageType.EditPageTypeWorkflow.ValidationError.HomepageRelationConflictsWithParentRestrictions" value="页类型父级限制仅不允许与首页使用" />
  <string key="PageType.DeletePageTypeWorkflow.Confirm.Layout.Label" value="删除此网页类型？" />
  <string key="PageType.DeletePageTypeWorkflow.Confirm.Layout.Messeage" value="删除网页模板{0}？" />
  <string key="PageType.DeletePageTypeWorkflow.PagesRefering.Layout.Label" value="页面模板中使用" />
  <string key="PageType.DeletePageTypeWorkflow.PagesRefering.Layout.Message" value="该网页模板{0}正在使用中，不能将其删除" />
  <string key="PageType.AddPageTypeDefaultPageContentWorkflow.Layout.Label" value="添加默认内容" />
  <string key="PageType.AddPageTypeDefaultPageContentWorkflow.FieldGroup.Label" value="选择占位符" />
  <string key="PageType.AddPageTypeDefaultPageContentWorkflow.PlaceHolderIdTextBox.Label" value="占位符标识" />
  <string key="PageType.AddPageTypeDefaultPageContentWorkflow.PlaceHolderIdTextBox.Help" value="占位符的ID。你可以在创建占位符之后再指定一个没有使用的ID（编辑页面模板标记）。" />
  <string key="PageType.AddPageTypeDefaultPageContentWorkflow.NonExistingPlaceholderId.Title" value="没有{0}模板" />
  <string key="PageType.AddPageTypeDefaultPageContentWorkflow.NonExistingPlaceholderId.Message" value="请注意，你指定的占位符ID'{0}'，目前在没有在任何布局模板中。" />
  <string key="PageType.EditPageTypeDefaultPageContentWorkflow.Layout.Label" value="编辑默认内容" />
  <string key="PageType.EditPageTypeDefaultPageContentWorkflow.SettingsPlaceHolder.Label" value="设置" />
  <string key="PageType.EditPageTypeDefaultPageContentWorkflow.SettingsFieldGroup.Label" value="占位符信息" />
  <string key="PageType.EditPageTypeDefaultPageContentWorkflow.PlaceHolderIdTextBox.Label" value="占位符ID" />
  <string key="PageType.EditPageTypeDefaultPageContentWorkflow.PlaceHolderIdTextBox.Help" value="占位符的ID。你可以在创建占位符之后再指定一个没有使用的ID（编辑页面模板标记）。" />
  <string key="PageType.EditPageTypeDefaultPageContentWorkflow.ContentXhtmlEditor.Label" value="内容" />
  <string key="PageType.AddPageTypeMetaDataFieldWorkflow.Layout.Label" value="添加元数据字段" />
  <string key="PageType.AddPageTypeMetaDataFieldWorkflow.FieldGroup.Label" value="-" />
  <string key="PageType.AddPageTypeMetaDataFieldWorkflow.NameTextBox.Label" value="编程名称" />
  <string key="PageType.AddPageTypeMetaDataFieldWorkflow.NameTextBox.Help" value="元数据字段的唯一名称。指定以后不能更改！" />
  <string key="PageType.AddPageTypeMetaDataFieldWorkflow.LabelTextBox.Label" value="显示标签" />
  <string key="PageType.AddPageTypeMetaDataFieldWorkflow.LabelTextBox.Help" value="元数据字段的标签。用于用户界面。" />
  <string key="PageType.AddPageTypeMetaDataFieldWorkflow.MetaDataTypeKeySelector.Label" value="元数据类型" />
  <string key="PageType.AddPageTypeMetaDataFieldWorkflow.MetaDataTypeKeySelector.Help" value="元数据类型" />
  <string key="PageType.AddPageTypeMetaDataFieldWorkflow.MetaDataContainerKeySelector.Label" value="标签上显示" />
  <string key="PageType.AddPageTypeMetaDataFieldWorkflow.MetaDataContainerKeySelector.Help" value="选择标签，以在编辑页面时显示元数据。" />
  <string key="PageType.AddPageTypeMetaDataFieldWorkflow.AddingDefaultMetaData.Title" value="添加元数据的默认值" />
  <string key="PageType.AddPageTypeMetaDataFieldWorkflow.ValidationError.MetaDataFieldNameAlreadyUsed" value="其他类型已使用此字段的名称。" />
  <string key="PageType.DeletePageTypeMetaDataFieldWorkflow.Confirm.Layout.Label" value="删除此元数据字段？" />
  <string key="PageType.DeletePageTypeMetaDataFieldWorkflow.Confirm.Layout.Message" value="删除元数据字段{0}？警告：所有现有的元数据项也将被删除" />
  <string key="PageType.EditPageTypeMetaDataFieldWorkflow.Layout.Label" value="编辑元数据字段" />
  <string key="PageType.EditPageTypeMetaDataFieldWorkflow.FieldGroup.Label" value="元数据字段设置" />
  <string key="PageType.EditPageTypeMetaDataFieldWorkflow.LabelTextBox.Label" value="标签" />
  <string key="PageType.EditPageTypeMetaDataFieldWorkflow.LabelTextBox.Help" value="元数据字段的标签。用于用户界面" />
  <string key="PageType.EditPageTypeMetaDataFieldWorkflow.MetaDataContainerKeySelector.Label" value="标签" />
  <string key="PageType.EditPageTypeMetaDataFieldWorkflow.MetaDataContainerKeySelector.Help" value="当编辑页面时选择标签并放入元数据" />
  <string key="PageType.EditPageTypeMetaDataFieldWorkflow.ValidationError.MetaDataFieldNameAlreadyUsed" value="元数据类型在其他某个地方以相同的名称但不同的标签被使用" />
  <string key="PageType.EditPageTypeMetaDataFieldWorkflow.ValidationError.MetaDataContainerChangeNotAllowed" value="存在一个或多个具有相同名称的定义，不能更改容器" />
  <string key="PageType.EditPageTypeMetaDataFieldWorkflow.ValidationError.MetaDataTypeNotExisting.Title" value="元数据类型已被删除" />
  <string key="PageType.EditPageTypeMetaDataFieldWorkflow.ValidationError.MetaDataTypeNotExisting.Message" value="元数据类型已从系统中被删除，不能再被添加到任何类型的网页" />
</strings>