﻿<?xml version="1.0" encoding="utf-8"?>
<strings>
  <string key="GlobalDataFolderLabel" value="全局数据类型" />
  <string key="PageDataFolderDataFolderLabel" value="佩奇datafolders" />
  <string key="GlobalDataFolderToolTip" value="全局数据类型" />
  <string key="GlobalDataFolderLabel_OnlyGlobalData" value="网站项目" />
  <string key="GlobalDataFolderToolTip_OnlyGlobalData" value="网站项目（数据）" />
  <string key="PageDataFolderDataFolderToolTip" value="数据文件夹页" />
  <string key="PageMetaDataFolderLabel" value="元数据类型页" />
  <string key="PageMetaDataFolderToolTip" value="元数据类型页" />
  <string key="Add" value="新增数据类型" />
  <string key="AddToolTip" value="添加新的全局数据类型" />
  <string key="ViewUnpublishedItems" value="未发布的数据列表" />
  <string key="ViewUnpublishedItemsToolTip" value="获取未发布数据的摘要信息" />
  <string key="ViewUnpublishedItems-document-title" value="未发布的数据" />
  <string key="ViewUnpublishedItems-document-description" value="以下列表显示出正在编辑或正准备审批/发布的的数据" />
  <string key="ViewUnpublishedItems-document-empty-label" value="没有未发布的数据。" />
  <string key="AddDataFolder" value="新增数据类型" />
  <string key="AddDataFolderToolTip" value="添加新数据文件夹" />
  <string key="AddMetaDataLabel" value="新增元数据类型" />
  <string key="AddMetaDataToolTip" value="新增元数据类型" />
  <string key="Edit" value="编辑数据类型" />
  <string key="EditToolTip" value="编辑选定的数据类型" />
  <string key="EditDataFolderTypeLabel" value="编辑" />
  <string key="EditDataFolderTypeToolTip" value="编辑选定的数据文件夹" />
  <string key="EditMetaDataTypeLabel" value="编辑" />
  <string key="EditMetaDataTypeToolTip" value="编辑选定的元数据" />
  <string key="Delete" value="删除数据类型" />
  <string key="DeleteToolTip" value="删除选定的数据类型" />
  <string key="DeleteDataFolderTypeLabel" value="删除" />
  <string key="DeleteDataFolderTypeToolTip" value="删除选定的数据文件夹" />
  <string key="DeleteMetaDataTypeLabel" value="删除" />
  <string key="DeleteMetaDataTypeToolTip" value="删除选定的元数据" />
  <string key="EditFormMarkup" value="编辑表单标记" />
  <string key="EditFormMarkupToolTip" value="使用标记修改数据的布局形式" />
  <string key="EnableLocalization" value="启用本地化" />
  <string key="EnableLocalizationToolTip" value="启用本地化" />
  <string key="DisableLocalization" value="禁用本地化" />
  <string key="DisableLocalizationToolTip" value="禁用本地化" />
  <string key="DisabledData" value="尚未批准或发布" />
  <string key="UndefinedLabelTemplate" value="（未定义[{0}]）" />
  <string key="UndefinedDataLavelTemplate" value="（未定义）" />
  <string key="ShowInContent" value="在&quot;内容&quot;控制台中显示" />
  <string key="ShowInContentToolTip" value="在“内容”控制台中显示" />
  <string key="AddData" value="添加数据" />
  <string key="AddDataToolTip" value="添加新的数据" />
  <string key="EditData" value="编辑数据" />
  <string key="EditDataToolTip" value="编辑选择的数据" />
  <string key="DeleteData" value="删除数据" />
  <string key="DeleteDataToolTip" value="删除选定的数据" />
  <string key="LocalizeData" value="翻译资料" />
  <string key="LocalizeDataToolTip" value="翻译选定的数据" />
  <string key="LabelPublicationState" value="发布状态" />
  <string key="DraftTransition" value="草案" />
  <string key="AwaitingApprovalTransition" value="正在等待审核" />
  <string key="AddNewInterfaceTypeStep1.DocumentTitle" value="新数据类型" />
  <string key="AddNewCompositionTypeWorkflow.DocumentTitle" value="新元数据类型页" />
  <string key="AddNewAggregationTypeWorkflow.DocumentTitle" value="新数据文件夹页" />
  <string key="EditorCommon.SettingsTab" value="设置" />
  <string key="EditorCommon.LabelTitleGroup" value="键入标题" />
  <string key="EditorCommon.LabelProgrammaticNamingAndServices" value="编程名称和服务" />
  <string key="EditorCommon.LabelProgrammaticNaming" value="编程名称" />
  <string key="EditorCommon.LabelTypeName" value="类型名" />
  <string key="EditorCommon.HelpTypeName" value="该数据类型（如产品）的技术名称。这是用来在代码中识别此类型的，一旦在外部使用后就不能更改。" />
  <string key="EditorCommon.LabelTypeNamespace" value="类型命名空间" />
  <string key="EditorCommon.HelpTypeNamespace" value="该数据类型（如产品）的技术名称。这是用来在代码中识别此类型的，一旦在外部使用后就不能更改。" />
  <string key="EditorCommon.LabelTitle" value="标题" />
  <string key="EditorCommon.HelpTitle" value="使用此项指定一个用户友好的名称。此名称用于大多数的用户界面。" />
  <string key="EditorCommon.LabelFields" value="字段" />
  <string key="EditorCommon.ServicesLabel" value="服务" />
  <string key="EditorCommon.HasCaching" value="已缓存" />
  <string key="EditorCommon.HasPublishing" value="已发布" />
  <string key="EditorCommon.HasLocalization" value="是本地化数据" />
  <string key="DeleteGeneratedDataStep1.LabelFieldGroup" value="删除数据？" />
  <string key="DeleteGeneratedDataStep1.Text" value="删除数据？" />
  <string key="DeleteDataConfirmationText" value="有些一相关的引用数据也将被删除，你要继续吗？" />
  <string key="DeleteGeneratedInterfaceStep1.LabelFieldGroup" value="删除数据类型" />
  <string key="DeleteGeneratedInterfaceStep1.Text" value="删除数据类型" />
  <string key="CascadeDeleteErrorTitle" value="级联删除错误" />
  <string key="CascadeDeleteErrorMessage" value="此类型被其它的类型所引用，不允许级联删除。此操作被取消" />
  <string key="DeleteAggregationTypeWorkflow.LabelFieldGroup" value="删除数据类型" />
  <string key="DeleteAggregationTypeWorkflow.Text" value="删除数据类型" />
  <string key="DeleteCompositionTypeWorkflow.LabelFieldGroup" value="删除数据类型" />
  <string key="DeleteCompositionTypeWorkflow.Text" value="删除数据类型" />
  <string key="DeleteCompositionTypeWorkflow.ErrorTitle" value="错误" />
  <string key="ToXmlLabel" value="为xml" />
  <string key="ToXmlToolTip" value="为xml" />
  <string key="EnableTypeLocalizationWorkflow.Dialog.Label" value="启用本地化" />
  <string key="EnableTypeLocalizationWorkflow.Step1.FieldGroup.Label" value="启用本地化" />
  <string key="EnableTypeLocalizationWorkflow.Step1.CultureSelector.Label" value="将现有的数据移动到..." />
  <string key="EnableTypeLocalizationWorkflow.Step1.CultureSelector.Help" value="当您启用数据类型上的'本地化'功能时，所有数据都必须属于一种语言。请选择与现有目标数据相同的语言。" />
  <string key="EnableTypeLocalizationWorkflow.Step2.Title" value="确认" />
  <string key="EnableTypeLocalizationWorkflow.Step2.Description" value="数据类型将被本地化，数据被复制到选定的区域。单击&quot;完成&quot;按钮以继续。" />
  <string key="EnableTypeLocalizationWorkflow.Step3.Title" value="警告" />
  <string key="EnableTypeLocalizationWorkflow.Step3.Description" value="此类型引用了某些其它的数据类型,本地化数据将被复制到所有语言区以防止出现丢失的引用。" />
  <string key="EnableTypeLocalizationWorkflow.Abort.Title" value="缺失有效的语言环境" />
  <string key="EnableTypeLocalizationWorkflow.Abort.Description" value="没有添加当前的语言环境。本地化之前添加至少一个本地化类型。" />
  <string key="DisableTypeLocalizationWorkflow.Dialog.Label" value="禁用本地化" />
  <string key="DisableTypeLocalizationWorkflow.Step1.FieldGroup.Label" value="禁用本地化" />
  <string key="DisableTypeLocalizationWorkflow.Step1.CultureSelector.Label" value="保持数据从..." />
  <string key="DisableTypeLocalizationWorkflow.Step1.CultureSelector.Help" value="当数据类型的“本地化”功能被禁用后，只能保持一个语言版本，除此之外其它的语言将会丢失。" />
  <string key="DisableTypeLocalizationWorkflow.Step2.Title" value="确认" />
  <string key="DisableTypeLocalizationWorkflow.Step2.Description" value="除选定的当前语言，所有其它的语言环境的数据将会丢失，单击“完成”以继续。" />
  <string key="LocalizeDataWorkflow.ShowError.LayoutLabel" value="数据转换失败" />
  <string key="LocalizeDataWorkflow.ShowError.InfoTableCaption" value="翻译错误" />
  <string key="LocalizeDataWorkflow.ShowError.AlreadyTranslated" value="这个数据已经被翻译。翻译版本属于不同的组。" />
  <string key="LocalizeDataWorkflow.ShowError.Description" value="以下字段都有到一个数据类型的引用。您应该翻译这些引用的数据项，然后才可以翻译本数据项" />
  <string key="LocalizeDataWorkflow.ShowError.FieldErrorFormat" value="字段'{0}'使用标签'{2}'来引用数据类型'{1}'" />
  <string key="AddNewInterfaceTypeStep1.ErrorTitle" value="错误" />
  <string key="EditInterfaceTypeStep1.ErrorTitle" value="错误" />
  <string key="AddNewCompositionTypeWorkflow.ErrorTitle" value="错误" />
  <string key="AddNewAggregationTypeWorkflow.ErrorTitle" value="错误" />
  <string key="EditCompositionTypeWorkflow.ErrorTitle" value="错误" />
  <string key="DataTypeDescriptorToXmlLabel" value="XML结果" />
</strings>