<?xml version="1.0" encoding="UTF-8"?>
<strings>

  <!-- menus -->
  <string key="Menu.ViewSource" value="页面源代码" />
  <string key="ContextMenu.Back" value="退回" />
  <string key="ContextMenu.Forward" value="向前" />
  <string key="ContextMenu.Refresh" value="刷新" />
  <string key="ContextMenu.ViewSource" value="查看页面源代码" />


  <!-- buttons -->
	<string key="ToolBarButton.Back.ToolTip" value="返回一页" />
	<string key="ToolBarButton.Forward.ToolTip" value="前进一页" />
	<string key="ToolBarButton.Refresh.ToolTip" value="刷新页面" />
  <string key="ToolBarButton.Go.ToolTip" value="转到地址栏" />
  <string key="ToolBarButton.Home.ToolTip" value="转到开始页" /> <!-- TODO: Show URL instead! -->
	
	<!-- URL errors -->
	<string key="AddressBar.Invalid.DialogTitle.External" value="访问被拒绝" />
	<string key="AddressBar.Invalid.DialogText.External" value="外部网址不能加载。" />
	<string key="AddressBar.Invalid.DialogTitle.BadRequest" value="错误网址" />
	<string key="AddressBar.Invalid.DialogText.BadRequest" value="网址无效，不能加载。" />
	<string key="AddressBar.Invalid.DialogTitle.Unauthorized" value="未授权" />
	<string key="AddressBar.Invalid.DialogText.Unauthorized" value="您没有被授权查看指定的网址。" />
	<string key="AddressBar.Invalid.DialogTitle.NotFound" value="找不到网页" />
	<string key="AddressBar.Invalid.DialogText.NotFound" value="网页上找不到指定的URL。" />
	<string key="AddressBar.Invalid.DialogTitle.InternalError" value="服务器错误" />
	<string key="AddressBar.Invalid.DialogText.InternalError" value="该服务器报告一个指定的网址错误。该网页无法加载。" />
	<string key="AddressBar.Invalid.DialogTitle.Default" value="页面未加载" />
	<string key="AddressBar.Invalid.DialogText.Default" value="一个错误阻止了被加载的URL。" />	
	
</strings>