﻿<?xml version="1.0" encoding="utf-8"?>
<strings>
  <string key="AddNewButtonLabel" value="新增" />
  <string key="DeleteButtonLabel" value="删除" />
  <string key="LabelDataTypeFields" value="数据类型字段" />
  <string key="FieldDetailsGroupLabel" value="字段属性" />
  <string key="Name" value="名称" />
  <string key="NameHelp" value="字段名称已被系统用来识别这个字段。名称必须是唯一的，不能包含空格和其他特殊字符。例如'Title'，'StartDate'，'LargeImage'等等" />
  <string key="Label" value="标签" />
  <string key="LabelHelp" value="当基于本数据类型增加一个新数据项时显示给用户一个标签文本。" />
  <string key="Help" value="帮助" />
  <string key="HelpHelp" value="使用此条目给用户一个简短的帮助。" />
  <string key="FieldTypeGroupLabel" value="字段类型和要求" />
  <string key="FieldType" value="字段类型" />
  <string key="FieldTypeHelp" value="选择一个字段的数据类型。确定哪种类型的数据字段可以保留。" />
  <string key="System.String" value="字符串" />
  <string key="System.Int32" value="整数" />
  <string key="System.Decimal" value="十进制数" />
  <string key="System.DateTime" value="日期" />
  <string key="System.Boolean" value="布尔" />
  <string key="System.Guid" value="唯一标识符（GUID）" />
  <string key="Reference" value="数据引用" />
  <string key="TypeDetailsHelp" value="使用此字段进一步配置您选择的类型。" />
  <string key="Optional" value="可选" />
  <string key="OptionalHelp" value="可选字段可为空。" />
  <string key="OptionalFalseLabel" value="不" />
  <string key="OptionalTrueLabel" value="是的" />
  <string key="ValidationRules" value="验证规则" />
  <string key="ValidationRulesHelp" value="您能在此字段上输入的数据上指定一个严格的规则，例如“必须至少5个字符长”，“必须是一个有效的电子邮件地址”，“必须是一个日期”等等" />
  <string key="ValidationRulesAdd" value="添加验证规则..." />
  <string key="ValidationRulesEdit" value="编辑验证规则" />
  <string key="ValidationRulesDialogLabel" value="字段有效性规则配置" />
  <string key="FieldValidationGroupLabel" value="字段验证" />
  <string key="FieldPresentationGroupLabel" value="表单字段显示" />
  <string key="FieldStructureGroupLabel" value="结构显示" />
  <string key="Widget" value="操作件类型" />
  <string key="WidgetHelp" value="您可以选择当编辑此字段时使用哪种类型的输入控件(例如一个文本框)" />
  <string key="WidgetDialogLabel" value="字段操作件配置" />
  <string key="Position" value="位置" />
  <string key="PositionLast" value="最后" />
  <string key="PositionHelp" value="该字段的位置。控制字段的顺序。" />
  <string key="GroupByPriority" value="字段分组" />
  <string key="GroupByPriorityNone" value="没有分组" />
  <string key="GroupByPriorityFirst" value="依据本字段分组" />
  <string key="GroupByPriorityN" value="分组为{0}。优先" />
  <string key="GroupByPriorityHelp" value="您可以指定一个字段用来对数据进行分组 - 这可以大大提高浏览大量数据列表时的可读性。当用多字段分组时使用优先级。" />
  <string key="IsTitleField" value="是title字段" />
  <string key="IsTitleFieldHelp" value="检查此字段是否希望作为标题字段。当列出数据时要使用标题字段，类似于左边的树结构。" />
  <string key="IsTitleFieldLabel" value="用此列作为标题栏位" />
  <string key="DefaultValueGroupLabel" value="字段的默认值" />
  <string key="DefaultValue" value="默认值" />
  <string key="DefaultValueHelp" value="您可以为此字段定义一个默认值。" />
  <string key="DefaultValueDialogLabel" value="字段的默认值配置" />
  <string key="StringMaximumLength" value="字符串的最大长度" />
  <string key="16CharMax" value="最多16个字符" />
  <string key="32CharMax" value="最多32个字符" />
  <string key="64CharMax" value="最多64个字符" />
  <string key="128CharMax" value="最多128个字符" />
  <string key="256CharMax" value="最多256个字符" />
  <string key="512CharMax" value="最多512字符" />
  <string key="1024CharMax" value="最多1024个字符" />
  <string key="Unlimited" value="长度不限" />
  <string key="DecimalNumberFormat" value="十进制数字格式" />
  <string key="1DecimalPlace" value="1小数位" />
  <string key="2DecimalPlace" value="2小数位" />
  <string key="3DecimalPlace" value="3小数位" />
  <string key="4DecimalPlace" value="4小数位" />
  <string key="ReferenceType" value="引用类型" />
  <string key="FieldNameSyntaxInvalid" value="指定的名称无效。" />
  <string key="CannotSave" value="无法保存...另一字段具有相同的名称。请更改名称。" />
  <string key="SpaceInNameError" value="无效的名称。数据字段名称不能包含空格。" />
  <string key="NameEmptyError" value="数据字段名称不能为空。请指定一个名称。" />
  <string key="NameAlreadyInUseError" value="另一字段使用这个名字。数据字段名称必须是唯一的。" />
  <string key="NotAnOptionalTypeError" value="所选类型不能是可选的。" />
  <string key="NoWidgetSelected" value="记住要指定一个操作件..." />
  <string key="NoWidgetSelectedLabel" value="（没有指定控件）" />
</strings>