﻿<?xml version="1.0" encoding="utf-8"?>
<strings>
  <string key="LayoutLabel" value="此项目当前正在编辑" />
  <string key="LockedByUsername.FieldGroupLabel" value="信息" />
  <string key="LockedByUsername.Label" value="此项的编辑者：" />
  <string key="LockedByUsername.Help" value="另一位用户正在编辑这个项目。按OK继续或取消中止。" />
  <string key="SameUserHeading.Title" value="此项目已打开进行编辑" />
  <string key="SameUserHeading.Description" value="如果您打开相同的项目进行多次编辑，数据可能会丢失。按OK继续打开或取消中止。" />
  <string key="AnotherUserHeading.Title" value="另一位用户正在编辑该项目" />
  <string key="AnotherUserHeading.Description" value="如果该项目被多个用户同时更改则有可能导致数据丢失。按OK继续或取消中止。" />
</strings>