﻿<?xml version="1.0" encoding="utf-8"?>
<strings>
  <!-- preload precaution -->
  <!-- simple toolbar -->
  <!-- format selector -->
  <!-- classname selector -->
  <!-- contextmenu (duplicated in toolbar) -->
  <!-- error dialog -->
  <!-- template selector -->
  <!-- PLUGINS ............................................................... -->
  <!-- general -->
  <!-- link -->
  <!-- table -->
  <!-- image -->
  <!-- charmap -->
  <string key="Preload.Key" value="Retrieved on VisualEditorBinding startup to make sure strings are loaded :)" />
  <string key="ToolBar.ToolTipStrong" value="粗体文本" />
  <string key="ToolBar.ToolTipEmphasize" value="突出文本" />
  <string key="ToolBar.ToolTipUnderline" value="下划线文本" />
  <string key="ToolBar.ToolTipStrike" value="突出文本" />
  <string key="ToolBar.ToolTipJustifyLeft" value="左对齐" />
  <string key="ToolBar.ToolTipJustifyRight" value="右对齐" />
  <string key="ToolBar.ToolTipJustifyCenter" value="对齐中心" />
  <string key="ToolBar.ToolTipJustifyFull" value="全对齐" />
  <string key="ToolBar.ToolTipUnorderedList" value="无序列表" />
  <string key="ToolBar.ToolTipOrderedList" value="有序列表" />
  <string key="ToolBar.ToolTipLink" value="链接" />
  <string key="ToolBar.ToolTipDeleteLink" value="删除链接" />
  <string key="ToolBar.ToolTipCleanup" value="清理乱码" />
  <string key="ToolBar.ToolTipUndo" value="复原" />
  <string key="ToolBar.ToolTipRedo" value="重做" />
  <string key="ToolBar.LabelSource" value="源码视图" />
  <string key="ToolBar.LabelWysiwyg" value="可视化视图" />
  <string key="FormatSelector.LabelParagraph" value="段落" />
  <string key="FormatSelector.LabelAddress" value="地址" />
  <string key="FormatSelector.LabelBlockQuote" value="引用文字" />
  <string key="FormatSelector.LabelDivision" value="分组" />
  <string key="FormatSelector.LabelHeading1" value="标题1" />
  <string key="FormatSelector.LabelHeading2" value="标题2" />
  <string key="FormatSelector.LabelHeading3" value="标题3" />
  <string key="FormatSelector.LabelHeading4" value="标题4" />
  <string key="FormatSelector.LabelHeading5" value="标题5" />
  <string key="FormatSelector.LabelHeading6" value="标题6" />
  <string key="ClassSelector.LabelNone" value="（无）" />
  <string key="ContextMenu.LabelInsert" value="插入" />
  <string key="ContextMenu.LabelPaste" value="粘贴" />
  <string key="ContextMenu.LabelLink" value="链接" />
  <string key="ContextMenu.LabelUnLink" value="取消链接" />
  <string key="ContextMenu.LabelTable" value="表..." />
  <string key="ContextMenu.LabelImage" value="图片..." />
  <string key="ContextMenu.LabelFromWord" value="从Wrod..." />
  <string key="ContextMenu.LabelAsText" value="作为简单文本..." />
  <string key="ContextMenu.LabelField" value="字段" />
  <string key="ContextMenu.LabelRendering" value="函数..." />
  <string key="ContextMenu.LabelCharacter" value="字符..." />
  <string key="ContextMenu.LabelImageProperties" value="图片属性..." />
  <string key="ContextMenu.LabelRenderingProperties" value="函数的属性..." />
  <string key="ContextMenu.LabelCutRow" value="剪切行" />
  <string key="ContextMenu.LabelCopyRow" value="复制行" />
  <string key="ContextMenu.LabelPasteRow" value="粘贴行" />
  <string key="ContextMenu.LabelBefore" value="前" />
  <string key="ContextMenu.LabelAfter" value="后" />
  <string key="ContextMenu.LabelTableProperties" value="表属性" />
  <string key="ContextMenu.LabelCellProperties" value="单元格属性" />
  <string key="ContextMenu.LabelRowProperties" value="行属性" />
  <string key="ContextMenu.LabelInsertRow" value="插入行" />
  <string key="ContextMenu.LabelDeleteRow" value="删除行" />
  <string key="ContextMenu.LabelInsertcolumn" value="插入列" />
  <string key="ContextMenu.LabelDeleteColumn" value="删除列" />
  <string key="ContextMenu.LabelMergeTableCells" value="合并表格单元格" />
  <string key="ContextMenu.LabelSplitMergedCells" value="拆分合并的单元格" />
  <string key="ContextMenu.LabelDeleteTable" value="删除表" />
  <string key="ContentError.DialogTitle" value="源代码中的错误" />
  <string key="ContentError.DialogText" value="源代码中的错误：" />
  <string key="TemplateTree.NoTemplateWarning" value="在模板中没有placeholder（占位符）。" />
  <string key="LabelTabBasic" value="基本" />
  <string key="LabelTabAdvanced" value="高级" />
  <string key="LabelPresentation" value="介绍" />
  <string key="LabelClass" value="类" />
  <string key="HelpClass" value="class属性指定了一个元素的CSS类名。" />
  <string key="LabelId" value="ID" />
  <string key="HelpId" value="id属性可以使用JavaScript或CSS来使一个元素的变化。" />
  <string key="MozSecurityNote.LabelSecurityStuff" value="剪贴板已禁用" />
  <string key="MozSecurityNote.TextSecurityStuff" value="出于安全原因，访问剪贴板被您的浏览器拦截。请使用标准键盘快捷键。如何配置浏览器与Composite C1一起使用，按“更多信息”按钮获取技术说明。" />
  <string key="Link.LinkDestination" value="网址" />
  <string key="Link.LinkRole" value="角色" />
  <string key="Link.TitleText" value="标题" />
  <string key="Link.LinkTarget" value="目标" />
  <string key="Link.LinkTarget.LabelCheckBox" value="在新窗口中打开" />
  <string key="Link.TitleTextToolTip" value="当鼠标悬停在链接上时标题文本呈现为一个提示信息。这可以用来让你的访客知道该链接的信息。" />
  <string key="Link.LabelLink" value="链接属性" />
  <string key="Tables.Cell.CellType" value="单元格类型" />
  <string key="Tables.Cell.LabelWidth" value="单元格宽度" />
  <string key="Tables.Cell.HorizontalAlignment" value="水平对齐" />
  <string key="Tables.Cell.VerticalAlignment" value="垂直对齐" />
  <string key="Tables.Cell.ApplyTo" value="应用更改到" />
  <string key="Tables.Cell.LabelCellProperties" value="单元格属性" />
  <string key="Tables.Cell.LabelLayout" value="布局" />
  <string key="Tables.Cell.LabelDataCell" value="数据单元格" />
  <string key="Tables.Cell.LabelHeaderCell" value="标题单元格" />
  <string key="Tables.Cell.LabelLeft" value="左" />
  <string key="Tables.Cell.LabelRight" value="右" />
  <string key="Tables.Cell.LabelTop" value="顶部" />
  <string key="Tables.Cell.LabelCenter" value="中心" />
  <string key="Tables.Cell.LabelBottom" value="底部" />
  <string key="Tables.Cell.LabelScope" value="范围" />
  <string key="Tables.Cell.LabelCurrentCell" value="当前单元格" />
  <string key="Tables.Cell.LabelAllRowCells" value="行中的所有单元格" />
  <string key="Tables.Cell.LabelAllTableCells" value="在表中的所有单元格" />
  <string key="Tables.Merge.Columns" value="列" />
  <string key="Tables.Merge.Rows" value="行" />
  <string key="Tables.Merge.LabelMergeCells" value="合并表格单元格" />
  <string key="Tables.Row.Rows" value="表中的部分行" />
  <string key="Tables.Row.HorizontalAlignment" value="水平对齐" />
  <string key="Tables.Row.VerticalAlignment" value="垂直对齐" />
  <string key="Tables.Row.ApplyTo" value="应用变更到" />
  <string key="Tables.Row.LabelRowProperties" value="Row属性" />
  <string key="Tables.Row.LabelLayout" value="布局" />
  <string key="Tables.Row.LabelTableHead" value="表头" />
  <string key="Tables.Row.LabelTableBody" value="表体" />
  <string key="Tables.Row.LabelTableFoot" value="表尾" />
  <string key="Tables.Row.LabelLeft" value="左" />
  <string key="Tables.Row.LabelCenter" value="中心" />
  <string key="Tables.Row.LabelRight" value="右" />
  <string key="Tables.Row.LabelTop" value="顶部" />
  <string key="Tables.Row.LabelBottom" value="底部" />
  <string key="Tables.Row.LabelScope" value="范围" />
  <string key="Tables.Row.LabelCurrentRow" value="当前行" />
  <string key="Tables.Row.LabelOddRows" value="奇数行表" />
  <string key="Tables.Row.LabelEvenRows" value="偶数行表" />
  <string key="Tables.Row.LabelAllRows" value="表中所有行" />
  <string key="Tables.Table.TitleInsert" value="插入表格" />
  <string key="Tables.Table.TitleUpdate" value="表属性" />
  <string key="Tables.Table.Columns" value="列" />
  <string key="Tables.Table.Rows" value="行" />
  <string key="Tables.Table.Summary" value="摘要" />
  <string key="Tables.Table.SummaryHelp" value="说明表的内容和结构的摘要信息，使人们使用非可视化浏览器（如盲人）可以更好地理解它。这是特别重要的无标题表。" />
  <string key="Tables.Table.LabelLayout" value="表格布局" />
  <string key="Tables.Table.LabelMeta" value="表说明" />
  <string key="Image.Source" value="源文件" />
  <string key="Image.AlternativeText" value="替代文字" />
  <string key="Image.AlternativeTextToolTip" value="图片无法正常显示时显示的替代文字。这可能是手机浏览器和浏览器的视障人士的特殊情况。 ALT标签应该清楚地描述图像的内容。" />
  <string key="Image.TitleText" value="标题文本" />
  <string key="Image.TitleTextToolTip" value="标题文本呈现为当鼠标悬停在图像上时的一个提示。" />
  <string key="Image.LabelImage" value="图像属性" />
  <string key="CharMap.LabelSelectSpecialChar" value="选择字符" />
  <string key="CharMap.LabelGeneral" value="一般" />
  <string key="CharMap.LabelAlphabetical" value="按字母顺序排列" />
  <string key="CharMap.LabelMathSymbols" value="数学&amp;符号" />
  <string key="CharMap.LabelCommon" value="通用" />
  <string key="CharMap.LabelQuotation" value="引用" />
  <string key="CharMap.LabelCurrency" value="货币" />
  <string key="CharMap.LabelLatin" value="拉丁" />
  <string key="CharMap.LabelGreek" value="希腊" />
  <string key="CharMap.LabelMathAndLogic" value="数学与逻辑" />
  <string key="CharMap.LabelSymbols" value="符号" />
  <string key="CharMap.LabelArrows" value="箭头" />
</strings>