﻿<?xml version="1.0" encoding="utf-8"?>
<strings>
  <!-- WEBSITE -->
  <string key="ManageUserPermissions.ManageUserPermissionsOnBranchLabel" value="编辑权限" />
  <string key="ManageUserPermissions.ManageUserPermissionsOnItemLabel" value="编辑权限" />
  <string key="ManageUserPermissions.ManageGlobalUserPermissionsLabel" value="全局权限" />
  <string key="ManageUserPermissions.ManageUserPermissionsToolTip" value="管理用户权限" />
  <string key="LogElementProvider.RootLabel" value="日志" />
  <string key="LogElementProvider.RootLabelToolTip" value="系统日志" />
  <string key="LogElementProvider.ShowLogLabel" value="显示日志" />
  <string key="LogElementProvider.ShowLogToolTip" value="显示系统日志" />
  <string key="DataCompositionVisabilityFacade.DefaultContainerLabel" value="元数据" />
  <string key="Website.Forms.Administrative.DeleteUserStep1.LabelFieldGroup" value="删除用户？" />
  <string key="Website.Forms.Administrative.DeleteUserStep1.Text" value="删除选定的用户？" />
  <string key="DeleteUserWorkflow.CascadeDeleteErrorTitle" value="级联删除错误" />
  <string key="DeleteUserWorkflow.CascadeDeleteErrorMessage" value="此类型被另一个类型所引用，不允许级联删除。此操作被取消" />
  <string key="DeleteUserWorkflow.DeleteSelfTitle" value="无法删除用户" />
  <string key="DeleteUserWorkflow.DeleteSelfErrorMessage" value="您不能删除一个您正在登录的帐户" />
  <string key="Website.Forms.Administrative.EditUserStep1.LabelFieldGroup" value="编辑用户" />
  <string key="Website.Forms.Administrative.EditUserStep1.UserNameLabel" value="用户名" />
  <string key="Website.Forms.Administrative.EditUserStep1.UserNameHelp" value="用户名不能更改。这是一个'只读'字段。" />
  <string key="Website.Forms.Administrative.EditUserStep1.PasswordLabel" value="密码" />
  <string key="Website.Forms.Administrative.EditUserStep1.PasswordHelp" value="密码要大于6个字符长。" />
  <string key="Website.Forms.Administrative.EditUserStep1.EmailLabel" value="电邮" />
  <string key="Website.Forms.Administrative.EditUserStep1.EmailHelp" value="该用户名的电子邮件地址（可选）。" />
  <string key="Website.Forms.Administrative.EditUserStep1.GroupLabel" value="文件夹" />
  <string key="Website.Forms.Administrative.EditUserStep1.GroupHelp" value="如果你输入一个不存在的文件夹名称，那么一个新文件夹将被创建。" />
  <string key="Website.Forms.Administrative.EditUserStep1.CultureLabel" value="区域设置" />
  <string key="Website.Forms.Administrative.EditUserStep1.CultureHelp" value="要更改数字，时间和日期的显示方式，从列表中选择一个条目。项目中标有星号（*）已被翻译。无标记的项目将使用英语作为默认语言。" />
  <string key="Website.Forms.Administrative.EditUserStep1.ActivePerspectiveFieldLabel" value="操作台" />
  <string key="Website.Forms.Administrative.EditUserStep1.ActivePerspectiveMultiSelectLabel" value="可见操作台" />
  <string key="Website.Forms.Administrative.EditUserStep1.ActivePerspectiveMultiSelectHelp" value="当用户启动C1时选择将显示哪些操作台" />
  <string key="Website.Forms.Administrative.EditUserStep1.GlobalPermissionsFieldLabel" value="全局权限" />
  <string key="Website.Forms.Administrative.EditUserStep1.GlobalPermissionsMultiSelectLabel" value="全局权限" />
  <string key="Website.Forms.Administrative.EditUserStep1.GlobalPermissionsMultiSelectHelp" value="管理权限授予用户访问并管理用户权限以及执行其他管理任务。" />
  <string key="Website.Forms.Administrative.EditUserStep1.GlobalPermissions.IgnoredOwnAdministrativeRemoval" value="你的所有者权限已被取消，但您仍还具有管理特权。" />
  <string key="Website.Forms.Administrative.EditUserStep1.ActiveLocalesFieldLabel" value="数据语言访问" />
  <string key="Website.Forms.Administrative.EditUserStep1.ActiveLocalesMultiSelectLabel" value="数据语言" />
  <string key="Website.Forms.Administrative.EditUserStep1.ActiveLocalesMultiSelectHelp" value="用户可以在选择的语言中访问并管理数据." />
  <string key="Website.Forms.Administrative.EditUserStep1.ActiveLocaleLabel" value="活动语言" />
  <string key="Website.Forms.Administrative.EditUserStep1.ActiveLocaleHelp" value="活动语言" />
  <string key="Website.Forms.Administrative.EditUserStep1.ActiveLocaleNotChecked" value="选择的语言在数据语言区不作核验。" />
  <string key="Website.Forms.Administrative.EditUserStep1.NoActiveLocaleSelected" value="你必须至少选择一个当前的语言。" />
  <string key="Website.Forms.Administrative.EditUserStep1.GenerelTabLabel" value="一般" />
  <string key="Website.Forms.Administrative.EditUserStep1.PermissionsTabLabel" value="权限" />
  <string key="Website.Forms.Administrative.EditUserStep1.PerspectivesTabLabel" value="操作台" />
  <string key="Website.Forms.Administrative.EditUserStep1.UserGroupsFieldLabel" value="用户组" />
  <string key="Website.Forms.Administrative.EditUserStep1.UserGroupsMultiSelectHelp" value="为当前选定的用户选择一个用户组" />
  <string key="UserElementProvider.RootLabel" value="用户" />
  <string key="UserElementProvider.RootToolTip" value="用户" />
  <string key="UserElementProvider.AddUserLabel" value="新增用户..." />
  <string key="UserElementProvider.AddUserToolTip" value="添加新用户" />
  <string key="UserElementProvider.EditUserLabel" value="编辑用户" />
  <string key="UserElementProvider.EditUserToolTip" value="编辑所选用户" />
  <string key="UserElementProvider.DeleteUserLabel" value="删除用户" />
  <string key="UserElementProvider.DeleteUserToolTip" value="删除选定的用户" />
  <string key="UserElementProvider.ChangeOtherActiveLocaleTitle" value="警告" />
  <string key="UserElementProvider.ChangeOtherActiveLocaleMessage" value="您已为当前登录用户更改了活动语言,控制台的将被重新加载，数据可能丢失。" />
  <string key="UserElementProvider.ChangeOtherActiveLocaleDialogTitle" value="清理请求" />
  <string key="UserElementProvider.ChangeOtherActiveLocaleDialogText" value="这需要一个阶段的清理工作。当前登录的作者编辑们将保存他们的内容并关闭。" />
  <string key="AddNewUserWorkflow.UsernameDuplicateError" value="已存在一个具有相同名称的用户" />
  <string key="Website.Forms.Administrative.AddNewUserStep1.LabelFieldGroup" value="添加新用户" />
  <string key="Website.Forms.Administrative.AddNewUserStep1.UserNameLabel" value="用户名" />
  <string key="Website.Forms.Administrative.AddNewUserStep1.UserNameHelp" value="当您创建并保存了一个新用户后，用户名无法更改。" />
  <string key="Website.Forms.Administrative.AddNewUserStep1.PasswordLabel" value="密码" />
  <string key="Website.Forms.Administrative.AddNewUserStep1.PasswordHelp" value="密码要大于6个字符长。" />
  <string key="Website.Forms.Administrative.AddNewUserStep1.EmailLabel" value="邮箱地址" />
  <string key="Website.Forms.Administrative.AddNewUserStep1.EmailHelp" value="该用户的电子邮件地址（可选）。" />
  <string key="Website.Forms.Administrative.AddNewUserStep1.GroupLabel" value="文件夹" />
  <string key="Website.Forms.Administrative.AddNewUserStep1.GroupHelp" value="请输入一个新的的文件夹名称以创建新的文件夹。" />
  <string key="Website.Forms.Administrative.AddNewUserStep1.CultureLabel" value="区域设置" />
  <string key="Website.Forms.Administrative.AddNewUserStep1.CultureHelp" value="要更改数字，时间和日期的显示方式，从列表中选择一个条目。项标有星号（*）已被翻译。无标记项将使用英语作为默认语言。" />
  <string key="UserElementProvider.MissingActiveLanguageTitle" value="需要指定一个语言" />
  <string key="UserElementProvider.MissingActiveLanguageMessage" value="每当创建用户时都需要为其指定一种语言，但是当此时没有任何可用的语言供选择时，你可以通过“系统”操作台添加一门新的语言。" />
  <string key="UserElementProvider.UserLoginIsAlreadyUsed" value="已存在相同登录的用户" />
  <string key="AssociatedDataElementProviderHelper.AddDataFolderTypeLabel" value="新增数据文件夹" />
  <string key="AssociatedDataElementProviderHelper.AddDataFolderTypeToolTip" value="新增数据文件夹" />
  <string key="AssociatedDataElementProviderHelper.AddAssociatedDataLabel" value="添加数据" />
  <string key="AssociatedDataElementProviderHelper.AddAssociatedDataToolTip" value="添加数据" />
  <string key="AssociatedDataElementProviderHelper.EditAssociatedDataLabel" value="编辑数据" />
  <string key="AssociatedDataElementProviderHelper.EditAssociatedDataToolTip" value="编辑数据" />
  <string key="AssociatedDataElementProviderHelper.DeleteAssociatedDataLabel" value="删除数据" />
  <string key="AssociatedDataElementProviderHelper.DeleteAssociatedDataToolTip" value="删除数据" />
  <string key="AssociatedDataElementProviderHelper.LocalizeData" value="本地化" />
  <string key="AssociatedDataElementProviderHelper.LocalizeDataToolTip" value="本地化数据" />
  <string key="AssociatedDataElementProviderHelper.DisabledData" value="尚未批准或发布" />
  <string key="AssociatedDataElementProviderHelper.AddDataFolderExSelectType.FieldLabel" value="新增数据文件夹" />
  <string key="AssociatedDataElementProviderHelper.AddDataFolderExSelectType.SelectorLabel" value="数据文件夹类型" />
  <string key="AssociatedDataElementProviderHelper.AddDataFolderExSelectType.SelectorHelp" value="创建新的数据类型或使用现有的数据类型（如果存在）。" />
  <string key="AssociatedDataElementProviderHelper.AddDataFolderExCreateNewType.LabelNewType" value="设置" />
  <string key="AssociatedDataElementProviderHelper.AddDataFolderExCreateNewType.LabelTypeName" value="类型名" />
  <string key="AssociatedDataElementProviderHelper.AddDataFolderExCreateNewType.HelpTypeName" value="该数据类型（如产品）的技术名称。这是用来识别这种类型的代码。在一旦被外部引用后就不能再被修改了。" />
  <string key="AssociatedDataElementProviderHelper.AddDataFolderExCreateNewType.LabelTypeNamespace" value="类型命名空间" />
  <string key="AssociatedDataElementProviderHelper.AddDataFolderExCreateNewType.HelpTypeNamespace" value="该类型的命名空间（模块/类名）。这是用来识别这种类型的代码，且不能更改。" />
  <string key="AssociatedDataElementProviderHelper.AddDataFolderExCreateNewType.LabelTypeTitle" value="标题" />
  <string key="AssociatedDataElementProviderHelper.AddDataFolderExCreateNewType.HelpTypeTitle" value="为此项指定一个用户友好的名称。如果需要的话,你可以更改此字段。" />
  <string key="AssociatedDataElementProviderHelper.AddDataFolderExCreateNewType.LabelFields" value="字段" />
  <string key="AssociatedDataElementProviderHelper.AddDataFolderExCreateNewType.ServicesLabel" value="服务" />
  <string key="AssociatedDataElementProviderHelper.AddDataFolderExCreateNewType.HasPublishing" value="已发布" />
  <string key="AssociatedDataElementProviderHelper.AddDataFolderExCreateNewType.HasLocalization" value="已本地化" />
  <string key="AssociatedDataElementProviderHelper.AddDataFolderExWorkflow.NoTypesTitle" value="不存在数据文件夹页面" />
  <string key="AssociatedDataElementProviderHelper.AddDataFolderExWorkflow.NoTypesMessage" value="没有建立数据文件夹页。您可以在&quot;数据“操作台创建一个数据文件夹页。" />
  <string key="AssociatedDataElementProviderHelper.AddDataFolderExWorkflow.NoUnusedTypesTitle" value="不存在未使用的数据文件夹页" />
  <string key="AssociatedDataElementProviderHelper.AddDataFolderExWorkflow.NoUnusedTypesMessage" value="所有可用的数据文件夹页已被添加了。请到“数据”控制台创建一个新的数据文件夹页。" />
  <string key="AssociatedDataElementProviderHelper.AddDataFolderExCreateNewType.ErrorTitle" value="错误" />
  <string key="AssociatedDataElementProviderHelper.AddDataFolderSelectType.FieldLabel" value="选择添加现有的数据文件夹类型" />
  <string key="AssociatedDataElementProviderHelper.AddDataFolderSelectType.SelectorLabel" value="现有的数据文件夹类型" />
  <string key="AssociatedDataElementProviderHelper.AddDataFolderSelectType.SelectorHelp" value="选择添加现有的数据文件夹类型" />
  <string key="AssociatedDataElementProviderHelper.RemoveMetaDataTypeLabel" value="删除元数据字段" />
  <string key="AssociatedDataElementProviderHelper.RemoveMetaDataTypeToolTip" value="删除元数据字段" />
  <string key="AssociatedDataElementProviderHelper.DeleteDataFolderWorkflow.LabelFieldGroup" value="从页面中删除数据文件夹" />
  <string key="AssociatedDataElementProviderHelper.DeleteDataFolderWorkflow.FieldGroupLabel" value="数据清理" />
  <string key="AssociatedDataElementProviderHelper.DeleteDataFolderWorkflow.DeleteFolderDataLabel" value="删除数据" />
  <string key="AssociatedDataElementProviderHelper.DeleteDataFolderWorkflow.DeleteFolderDataCheckBoxLabel" value="是的，请删除数据文件夹" />
  <string key="AssociatedDataElementProviderHelper.DeleteDataFolderWorkflow.DeleteFolderDataHelp" value="如果你想在这个文件夹的数据留在数据库中，请不要选择此选项。" />
  <string key="AssociatedDataElementProviderHelper.AddMetaDataSelectType.LayoutLabel" value="添加元数据字段" />
  <string key="AssociatedDataElementProviderHelper.AddMetaDataTypeLabel" value="添加元数据字段" />
  <string key="AssociatedDataElementProviderHelper.AddMetaDataTypeToolTip" value="添加元数据字段" />
  <string key="AssociatedDataElementProviderHelper.AddMetaDataSelectType.FieldLabel" value="选择添加现有的元数据类型" />
  <string key="AssociatedDataElementProviderHelper.AddMetaDataSelectType.SelectorLabel" value="现有的元数据类型" />
  <string key="AssociatedDataElementProviderHelper.AddMetaDataSelectType.SelectorHelp" value="选择添加现有的元数据类型" />
  <string key="AssociatedDataElementProviderHelper.AddMetaDataWorkflow.NoTypesTitle" value="没有存在的元数据类型页面" />
  <string key="AssociatedDataElementProviderHelper.AddMetaDataWorkflow.NoTypesMessage" value="没有建立元数据类型(metatype)页。您可以在&quot;数据&quot;操作台创建一个新的元数据类型(metatype)页。" />
  <string key="AssociatedDataElementProviderHelper.AddMetaDataCreateFieldGroup.NamingFieldLabel" value="元数据字段组命名" />
  <string key="AssociatedDataElementProviderHelper.AddMetaDataCreateFieldGroup.FieldGroupNameLabel" value="名称" />
  <string key="AssociatedDataElementProviderHelper.AddMetaDataCreateFieldGroup.FieldGroupNameHelp" value="输入唯一的名称用来标识该元数据字段组" />
  <string key="AssociatedDataElementProviderHelper.AddMetaDataCreateFieldGroup.FieldGroupLabelLabel" value="标签" />
  <string key="AssociatedDataElementProviderHelper.AddMetaDataCreateFieldGroup.FieldGroupLabelHelp" value="为此元数据字段组输入一个用户友好的标签" />
  <string key="AssociatedDataElementProviderHelper.AddMetaDataCreateFieldGroup.VisabilityFieldLabel" value="元数据字段组能见度" />
  <string key="AssociatedDataElementProviderHelper.AddMetaDataCreateFieldGroup.ContainerSelectorLabel" value="标签" />
  <string key="AssociatedDataElementProviderHelper.AddMetaDataCreateFieldGroup.ContainerSelectorHelp" value="为此存在的元数据选择标签" />
  <string key="AssociatedDataElementProviderHelper.AddMetaDataCreateFieldGroup.StartDisplaySelectorLabel" value="从开始显示" />
  <string key="AssociatedDataElementProviderHelper.AddMetaDataCreateFieldGroup.StartDisplaySelectorHelp" value="从开始显示" />
  <string key="AssociatedDataElementProviderHelper.AddMetaDataCreateFieldGroup.InheritDisplaySelectorLabel" value="显示继承" />
  <string key="AssociatedDataElementProviderHelper.AddMetaDataCreateFieldGroup.InheritDisplaySelectorHelp" value="显示继承" />
  <string key="AssociatedDataElementProviderHelper.NoItems.Title" value="元数据字段组在此范围内没有项" />
  <string key="AssociatedDataElementProviderHelper.NoItems.Description" value="在指定的显示范围内没有当前项,请单击“后退”更改显示范围；或者单击“完成”来创建新的元数据字段组." />
  <string key="AssociatedDataElementProviderHelper.AddMetaDataWorkflow.StartDisplayOption0" value="此项目" />
  <string key="AssociatedDataElementProviderHelper.AddMetaDataWorkflow.StartDisplayOption1" value="子元素" />
  <string key="AssociatedDataElementProviderHelper.AddMetaDataWorkflow.StartDisplayOption2" value="第二代(下属)子孙元素" />
  <string key="AssociatedDataElementProviderHelper.AddMetaDataWorkflow.StartDisplayOption3" value="第三代(下属)子孙元素" />
  <string key="AssociatedDataElementProviderHelper.AddMetaDataWorkflow.StartDisplayOption4" value="第4代(下属)子孙元素" />
  <string key="AssociatedDataElementProviderHelper.AddMetaDataWorkflow.StartDisplayOption5" value="第五代(下属)子孙元素" />
  <string key="AssociatedDataElementProviderHelper.AddMetaDataWorkflow.InheritDisplayOption0" value="不继承" />
  <string key="AssociatedDataElementProviderHelper.AddMetaDataWorkflow.InheritDisplayOption1" value="继承1代" />
  <string key="AssociatedDataElementProviderHelper.AddMetaDataWorkflow.InheritDisplayOption2" value="继承2代" />
  <string key="AssociatedDataElementProviderHelper.AddMetaDataWorkflow.InheritDisplayOption3" value="继承3代" />
  <string key="AssociatedDataElementProviderHelper.AddMetaDataWorkflow.InheritDisplayOption4" value="始终继承" />
  <string key="AssociatedDataElementProviderHelper.AddMetaDataWorkflow.FieldGroupNameNotValid" value="该字段组名称已在使用" />
  <string key="AssociatedDataElementProviderHelper.DeleteMetaDataSelectType.LayoutLabel" value="删除元数据字段组" />
  <string key="AssociatedDataElementProviderHelper.DeleteMetaDataSelectFieldGroupName.FieldLabel" value="移除一个选择的字段组" />
  <string key="AssociatedDataElementProviderHelper.DeleteMetaDataSelectFieldGroupName.SelectorLabel" value="字段组" />
  <string key="AssociatedDataElementProviderHelper.DeleteMetaDataSelectFieldGroupName.SelectorHelp" value="移除一个选择的字段组" />
  <string key="AssociatedDataElementProviderHelper.EditMetaDataTypeLabel" value="编辑元数据字段" />
  <string key="AssociatedDataElementProviderHelper.EditMetaDataTypeToolTip" value="编辑元数据字段" />
  <string key="AssociatedDataElementProviderHelper.EditMetaDataWorkflow.Layout.Label" value="元数据字段编辑页" />
  <string key="AssociatedDataElementProviderHelper.EditMetaDataWorkflow.FieldGroup.Label" value="元数据字段设置页" />
  <string key="AssociatedDataElementProviderHelper.EditMetaDataWorkflow.LabelTextBox.Label" value="标签" />
  <string key="AssociatedDataElementProviderHelper.EditMetaDataWorkflow.LabelTextBox.Help" value="元数据字段标签,当编辑页面时使用." />
  <string key="AssociatedDataElementProviderHelper.EditMetaDataWorkflow.MetaDataContainerSelector.Label" value="标签" />
  <string key="AssociatedDataElementProviderHelper.EditMetaDataWorkflow.MetaDataContainerSelector.Help" value="为此存在的元数据选择对应标签" />
  <string key="AssociatedDataElementProviderHelper.EditMetaDataWorkflow.StartDisplaySelectorLabel" value="从开始显示" />
  <string key="AssociatedDataElementProviderHelper.EditMetaDataWorkflow.StartDisplaySelectorHelp" value="从开始显示" />
  <string key="AssociatedDataElementProviderHelper.EditMetaDataWorkflow.InheritDisplaySelectorLabel" value="显示继承" />
  <string key="AssociatedDataElementProviderHelper.EditMetaDataWorkflow.InheritDisplaySelectorHelp" value="显示继承" />
  <string key="AssociatedDataElementProviderHelper.EditMetaDataWorkflow.MetaDataDefinitionSelector.Label" value="元数据字段" />
  <string key="AssociatedDataElementProviderHelper.EditMetaDataWorkflow.MetaDataDefinitionSelector.Help" value="编辑选择的元数据字段" />
  <string key="AssociatedDataElementProviderHelper.EditMetaDataWorkflow.NoMetaDataDefinitionsExists.Title" value="没有可编辑的元数据字段" />
  <string key="AssociatedDataElementProviderHelper.EditMetaDataWorkflow.NoMetaDataDefinitionsExists.Message" value="在此项目上没有已定义的元数据字段可供编辑" />
  <string key="AssociatedDataElementProviderHelper.EditMetaDataWorkflow.MetaDataFieldNameAlreadyUsed" value="此元数据类型已在其它的地方以相同名称但却不同的标签被使用。" />
  <string key="AssociatedDataElementProviderHelper.EditMetaDataWorkflow.MetaDataContainerChangeNotAllowed" value="已存在数个名称相同的定义,不允许当前更改。" />
  <string key="AssociatedDataElementProviderHelper.EditMetaDataWorkflow.NoDefaultValuesNeeded.Title" value="单击&quot;完成&quot;保存" />
  <string key="AssociatedDataElementProviderHelper.EditMetaDataWorkflow.NoDefaultValuesNeeded.Description" value="所有必需的信息已收集.单击“完成&quot;来更新元数据字段." />
  <string key="AssociatedDataElementProviderHelper.DeleteMetaDataWorkflow.NoDefinedTypesExists.Title" value="没有元数据字段可删除" />
  <string key="AssociatedDataElementProviderHelper.DeleteMetaDataWorkflow.NoDefinedTypesExists.Message" value="在此项上没有已定义的元数据字段可删除" />
  <string key="DeleteAssociatedDataWorkflow.CascadeDeleteErrorTitle" value="级联删除错误" />
  <string key="DeleteAssociatedDataWorkflow.CascadeDeleteErrorMessage" value="此类型已在其它的类型中被引用，且不允许级联删除。本操作被取消。" />
  <string key="Website.Forms.Administrative.CreateNewAssociatedTypeStep1.LabelNewType" value="设置" />
  <string key="Website.Forms.Administrative.CreateNewAssociatedTypeStep1.LabelTypeName" value="类型名" />
  <string key="Website.Forms.Administrative.CreateNewAssociatedTypeStep1.HelpTypeName" value="您正在创建的新类型的名称，例如：产品" />
  <string key="Website.Forms.Administrative.CreateNewAssociatedTypeStep1.LabelTypeNamespace" value="类型命名空间" />
  <string key="Website.Forms.Administrative.CreateNewAssociatedTypeStep1.HelpTypeNamespace" value="您正在创建的模块、分类、或命名空间的名称" />
  <string key="Website.Forms.Administrative.CreateNewAssociatedTypeStep1.LabelTypeTitle" value="标题" />
  <string key="Website.Forms.Administrative.CreateNewAssociatedTypeStep1.HelpTypeTitle" value="使用此项指定一个用户友好的名称" />
  <string key="Website.Forms.Administrative.CreateNewAssociatedTypeStep1.LabelFields" value="字段" />
  <string key="Website.Forms.Administrative.CreateNewAssociatedTypeStep1.ServicesLabel" value="服务" />
  <string key="Website.Forms.Administrative.CreateNewAssociatedTypeStep1.HasVersioning" value="具有版本" />
  <string key="Website.Forms.Administrative.CreateNewAssociatedTypeStep1.HasPublishing" value="已出版" />
  <string key="Website.Forms.Administrative.DeleteAssociatedTypeDataStep1.FieldGroupLabel" value="删除数据？" />
  <string key="Website.Forms.Administrative.DeleteAssociatedTypeDataStep1.Text" value="删除数据？" />
  <string key="Website.Forms.Administrative.AddAssociatedDataWorkflow.FieldGroupLabel" value="新增数据页面" />
  <string key="Website.Forms.Administrative.AddAssociatedDataWorkflow.TypeSelectorLabel" value="选择增加一个数据类型" />
  <string key="Website.Forms.Administrative.AddAssociatedDataWorkflow.TypeSelectorHelp" value="选择一个要添加数据的现有类型" />
  <string key="Website.Forms.Administrative.AddAssociatedTypeWorkflow.FieldGroupLabel" value="新增数据类型页面" />
  <string key="Website.Forms.Administrative.AddAssociatedTypeAddExisting.TypeSelectorLabel" value="选择要添加的类型" />
  <string key="Website.Forms.Administrative.AddAssociatedTypeAddExisting.TypeSelectorHelp" value="选择在本系统中已存在的类型" />
  <string key="Website.Forms.Administrative.AddAssociatedTypeAddExistingSelectForeignKey.KeySelectorLabel" value="选择一个外键" />
  <string key="Website.Forms.Administrative.AddAssociatedTypeAddExistingSelectForeignKey.KeySelectorHelp" value="从类型中选择一个字段作为外键" />
  <string key="Website.Forms.Administrative.AddAssociatedTypeAddingTypeSelection.KeySelectorLabel" value="添加" />
  <string key="Website.Forms.Administrative.AddAssociatedTypeAddingTypeSelection.KeySelectorHelp" value="创建一个新的类型或使用现有类型" />
  <string key="Website.Forms.Administrative.AddAssociatedTypeAssociationTypeSelection.KeySelectorLabel" value="选择类型：" />
  <string key="Website.Forms.Administrative.AddAssociatedTypeAssociationTypeSelection.KeySelectorHelp" value="常规数据是在一个已创建的页面中的新类型，元数据是在一个已创建的页面上的新字段。" />
  <string key="Website.Forms.Administrative.AddAssociatedTypeCompositionScopeSelection.ScopeRuleNameLabel" value="规则名称" />
  <string key="Website.Forms.Administrative.AddAssociatedTypeCompositionScopeSelection.ScopeRuleNameHelp" value="与元数据一起保存的的规则名称是元数据关键字的一部分，该名称必须是唯一的。" />
  <string key="Website.Forms.Administrative.AddAssociatedTypeCompositionScopeSelection.ScopeRuleLabelLabel" value="规则标签" />
  <string key="Website.Forms.Administrative.AddAssociatedTypeCompositionScopeSelection.ScopeRuleHelpHelp" value="规则标签作为该实例的用户友好的名称。可以本地化" />
  <string key="Website.Forms.Administrative.AddAssociatedTypeCompositionScopeSelection.ContainerKeySelectorLabel" value="选择组合容器" />
  <string key="Website.Forms.Administrative.AddAssociatedTypeCompositionScopeSelection.ContainerKeySelectorHelp" value="为新规则选择容器。" />
  <string key="Website.Forms.Administrative.AddAssociatedTypeCompositionScopeSelection.ScopeKeySelectorLabel" value="选择组成的范围" />
  <string key="Website.Forms.Administrative.AddAssociatedTypeCompositionScopeSelection.ScopeKeySelectorHelp" value="为新组成选择范围" />
  <string key="Website.Forms.Administrative.AddAssociatedTypeLevelsScopeSelection.LevelsLabel" value="水平" />
  <string key="Website.Forms.Administrative.AddAssociatedTypeLevelsScopeSelection.LevelsHelp" value="将显示的新组合中的子页面深度" />
  <string key="Website.Forms.Administrative.AddAssociatedTypeFinalInfo.AssociationTypeLabel" value="确认新数据类型：" />
  <string key="Website.Forms.Administrative.AddAssociatedTypeFinalInfo.AssociationTypeHelp" value="元数据是一个已创建的页面上的新字段" />
  <string key="Website.Forms.Administrative.AddAssociatedTypeFinalInfo.CompositionScopeRuleNameLabel" value="组合范围规则名称" />
  <string key="Website.Forms.Administrative.AddAssociatedTypeFinalInfo.CompositionScopeRuleNameHelp" value="与元数据一起保存的规则名称是元数据关键字的一部分,该名称必须是唯一的。" />
  <string key="Website.Forms.Administrative.AddAssociatedTypeFinalInfo.CompositionScopeRuleLabelLabel" value="组成范围规则标签" />
  <string key="Website.Forms.Administrative.AddAssociatedTypeFinalInfo.CompositionScopeRuleHelpHelp" value="规则标签是该实例使用的用户友好名称，可以将其本地化。" />
  <string key="Website.Forms.Administrative.AddAssociatedTypeFinalInfo.CompositionScopeLabel" value="组成范围" />
  <string key="Website.Forms.Administrative.AddAssociatedTypeFinalInfo.CompositionScopeHelp" value="当编辑页面时，这是将会显示的此新组合中的范围" />
  <string key="Website.Forms.Administrative.AddAssociatedTypeFinalInfo.AddingTypeLabel" value="添加类型" />
  <string key="Website.Forms.Administrative.AddAssociatedTypeFinalInfo.AddingTypeHelp" value="创建一个新的类型或使用现有类型" />
  <string key="Website.Forms.Administrative.AddAssociatedTypeFinalInfo.ExistingTypeNameLabel" value="现有的类型名称" />
  <string key="Website.Forms.Administrative.AddAssociatedTypeFinalInfo.ExistingTypeNameHelp" value="为现有类型所选择的名称已在本系统中被使用。" />
  <string key="Website.Forms.Administrative.AddAssociatedTypeFinalInfo.ForeignKeyFieldNameLabel" value="外键字段名" />
  <string key="Website.Forms.Administrative.AddAssociatedTypeFinalInfo.ForeignKeyFieldNameHelp" value="用现有类型的字段名称作为外部关键字" />
  <string key="AssociatedDataElementProviderHelper.RemoveAssociatedTypeLabel" value="删除数据文件夹(datafolder)" />
  <string key="AssociatedDataElementProviderHelper.RemoveAssociatedTypeToolTip" value="删除数据文件夹(datafolder)" />
  <string key="Website.Forms.Administrative.RemoveAssociatedType.FieldGroupLabel" value="删除数据类型页" />
  <string key="Website.Forms.Administrative.RemoveAssociatedTypeFinalInfo.AssociationTypeLabel" value="删除数据类型页" />
  <string key="Website.Forms.Administrative.RemoveAssociatedTypeFinalInfo.CompositionScopeRuleNameLabel" value="规则名称的组成范围" />
  <string key="Website.Forms.Administrative.RemoveAssociatedTypeSelectRuleName.KeySelectorLabel" value="选择规则" />
  <string key="Website.Forms.Administrative.RemoveAssociatedTypeSelectRuleName.KeySelectorHelp" value="将删除的规则名称" />
  <string key="Website.Forms.Administrative.RemoveAssociatedTypeSelectAssociationType.KeySelectorLabel" value="选择数据类型页" />
  <string key="Website.Forms.Administrative.RemoveAssociatedTypeSelectAssociationType.KeySelectorHelp" value="-" />
  <string key="Website.Forms.Administrative.RemoveAssociatedTypeSelectType.TypeSelectorLabel" value="选择数据类型" />
  <string key="Website.Forms.Administrative.RemoveAssociatedTypeSelectType.TypeSelectorHelp" value="选择现有的类型之一" />
  <string key="VirtualElementProviderElementProvider.ID01" value="虚拟根" />
  <string key="VirtualElementProviderElementProvider.UserPerspective" value="用户" />
  <string key="VirtualElementProviderElementProvider.UserGroupPerspective" value="用户组" />
  <string key="VirtualElementProviderElementProvider.SystemPerspective" value="系统" />
  <string key="VirtualElementProviderElementProvider.ContentPerspective" value="内容" />
  <string key="VirtualElementProviderElementProvider.DatasPerspective" value="数据" />
  <string key="VirtualElementProviderElementProvider.DesignPerspective" value="布局" />
  <string key="VirtualElementProviderElementProvider.FunctionsPerspective" value="函数" />
  <string key="VirtualElementProviderElementProvider.MediaFilePerspective" value="所有媒体文件" />
  <string key="VirtualElementProviderElementProvider.MediaPerspective" value="媒体" />
  <string key="VirtualElementProviderElementProvider.ReadOnlyFunctionPerspective" value="所有函数" />
  <string key="VirtualElementProviderElementProvider.ReadOnlyWidgetFunctionPerspective" value="所有工具函数" />
  <string key="VirtualElementProviderElementProvider.SqlFunctionPerspective" value="SQL函数" />
  <string key="VirtualElementProviderElementProvider.XsltBasedFunctionPerspective" value="基于XSLT的函数" />
  <string key="VirtualElementProviderElementProvider.RootActions.ViewSystemLogLabel" value="服务器日志" />
  <string key="VirtualElementProviderElementProvider.RootActions.ViewSystemLogTooltip" value="查看最近的服务器事件" />
  <string key="VirtualElementProviderElementProvider.RootActions.SendMessageLabel" value="广播消息" />
  <string key="VirtualElementProviderElementProvider.RootActions.SendMessageTooltip" value="发送消息到所有正在运行的控制台" />
  <string key="VirtualElementProviderElementProvider.RootActions.RestartApplicationLabel" value="重新启动服务器" />
  <string key="VirtualElementProviderElementProvider.RootActions.RestartApplicationTooltip" value="重新启动服务器" />
  <string key="SendMessageToConsolesWorkflow.Layout.Label" value="广播消息给所有C1控制台" />
  <string key="SendMessageToConsolesWorkflow.FieldGroup.Label" value="广播消息" />
  <string key="SendMessageToConsolesWorkflow.TitleTextBox.Label" value="标题" />
  <string key="SendMessageToConsolesWorkflow.TitleTextBox.Help" value="广播消息对话框标题" />
  <string key="SendMessageToConsolesWorkflow.MessageTextArea.Label" value="消息" />
  <string key="SendMessageToConsolesWorkflow.MessageTextArea.Help" value="广播消息" />
  <string key="LoginWebRequestHandler.Login" value="登录" />
  <string key="LoginWebRequestHandler.Header" value="登录到{0}" />
  <string key="LoginWebRequestHandler.LoginFailed" value="用户名或密码不正确" />
  <string key="LoginWebRequestHandler.Password" value="密码" />
  <string key="LoginWebRequestHandler.Username" value="用户名" />
  <string key="LoginWebRequestHandler.LogInAsOtherUser" value="以另一个用户的身份登录。" />
  <string key="LoginWebRequestHandler.WrongUserNameOrPassword" value="错误的用户名或密码。" />
  <string key="LoginWebRequestHandler.UserNameNotRegistered" value="所提供的Windows登录标识:{0} \ {1}没有登记到用户数据库。您必须使用另一个不同的登录标识重试。" />
  <string key="DataInterfaceValidator.TypeNotAnInterface" value="类型{0}不是一个接口。" />
  <string key="DataInterfaceValidator.TypeDoesNotImplementInterface" value="接口类型{0}不实现接口{1}。" />
  <string key="DataInterfaceValidator.NotAcceptedType" value="接口类型{1}上的属性{0}是不可接受的类型。" />
  <string key="DataInterfaceValidator.NotValidIDataInterface" value="该接口{0}不是一个有效的IData接口。" />
  <string key="DeleteMediaFileWorkflow.CascadeDeleteErrorTitle" value="级联删除错误" />
  <string key="DeleteMediaFileWorkflow.CascadeDeleteErrorMessage" value="此类型已经被另一类型所引用，不允许级联删除。此操作被取消。" />
  <string key="DeleteMediaFolderWorkflow.CascadeDeleteErrorTitle" value="级联删除错误" />
  <string key="DeleteMediaFolderWorkflow.CascadeDeleteErrorMessage" value="此类型已经被另一类型所引用，不允许级联删除。此操作被取消。" />
  <string key="MediaFileProviderElementProvider.RootToolTip" value="向媒体存档中添加文件夹和文件" />
  <string key="MediaFileProviderElementProvider.AddMediaFolder" value="添加文件夹" />
  <string key="MediaFileProviderElementProvider.AddMediaFolderToolTip" value="新增媒体文件" />
  <string key="MediaFileProviderElementProvider.AddMediaFile" value="上传文件" />
  <string key="MediaFileProviderElementProvider.AddMediaFileToolTip" value="添加新媒体文件" />
  <string key="MediaFileProviderElementProvider.DeleteMediaFile" value="删除文件" />
  <string key="MediaFileProviderElementProvider.DeleteMediaFileToolTip" value="删除所选的媒体文件" />
  <string key="MediaFileProviderElementProvider.DeleteMediaFolder" value="删除文件夹" />
  <string key="MediaFileProviderElementProvider.DeleteMediaFolderToolTip" value="删除媒体文件夹和其下的所有项。" />
  <string key="MediaFileProviderElementProvider.Download" value="下载" />
  <string key="MediaFileProviderElementProvider.DownloadToolTip" value="下载文件" />
  <string key="MediaFileProviderElementProvider.EditMediaFile" value="文件属性" />
  <string key="MediaFileProviderElementProvider.EditMediaFileToolTip" value="重命名所选的媒体文件" />
  <string key="MediaFileProviderElementProvider.EditMediaFileTextContent" value="编辑文字" />
  <string key="MediaFileProviderElementProvider.EditMediaFileTextContentToolTip" value="编辑文字内容" />
  <string key="MediaFileProviderElementProvider.EditImage" value="图像编辑器" />
  <string key="MediaFileProviderElementProvider.EditImageToolTip" value="在图像编辑器中打开选定的媒体文件" />
  <string key="MediaFileProviderElementProvider.EditMediaFolder" value="文件夹属性" />
  <string key="MediaFileProviderElementProvider.EditMediaFolderToolTip" value="编辑媒体文件夹属性" />
  <string key="MediaFileProviderElementProvider.ChangeMediaFile" value="替换文件" />
  <string key="MediaFileProviderElementProvider.ChangeMediaFileToolTip" value="将选定文件替换成其他媒体文件" />
  <string key="MediaFileProviderElementProvider.UploadZipFile" value="上传多个文件" />
  <string key="MediaFileProviderElementProvider.UploadZipFileToolTip" value="上传Zip文件" />
  <string key="MediaFileProviderElementProvider.MediaFileItemToolTip" value="媒体项" />
  <string key="MediaFileProviderElementProvider.OrganizedFilesAndFoldersToolTip" value="组织文件夹和文件" />
  <string key="UploadNewMediaFileWorkflow.UploadFailure" value="失败" />
  <string key="UploadNewMediaFileWorkflow.UploadFailureMessage" value="上传的文件必须与原始类型相同,您上传的文件属于不同的类型。" />
  <string key="RelationshipGraphActionExecutor.ShowGraph" value="显示图形" />
  <string key="RelationshipGraphActionExecutor.ShowGraphToolTip" value="显示关系图表" />
  <string key="RelationshipGraphActionExecutor.ShowOrientedGraph" value="面向图形显示" />
  <string key="RelationshipGraphActionExecutor.ShowOrientedGraphToolTip" value="面向关系图显示" />
  <string key="ShowElementInformationActionExecutor.ShowElementInformation.Label" value="显示元素信息" />
  <string key="ShowElementInformationActionExecutor.ShowElementInformation.ToolTip" value="显示元素信息" />
  <string key="RelationshipGraphActionExecutor.Search" value="搜索元素" />
  <string key="RelationshipGraphActionExecutor.SearchToolTip" value="搜索元素" />
  <string key="RelationshipGraphActionExecutor.SearchElements" value="搜索元素" />
  <string key="RelationshipGraphActionExecutor.SearchElementsToolTip" value="搜索元素" />
  <string key="Website.General.LabelVersionNumber" value="版本号" />
  <string key="Website.Application.DialogReload.Title" value="重新启动？" />
  <string key="Website.Application.DialogReload.Text" value="重启Composite C1系统吗？此操作导致所有未保存的更改 将会丢失。" />
  <string key="WebSite.Application.DialogSaveResource.Title" value="保存资源？" />
  <string key="WebSite.Application.DialogSaveResource.Text" value="“$ {资源名称}”已被修改。保存更改？" />
  <string key="Website.Dialogs.LabelAccept" value="确定" />
  <string key="Website.Dialogs.LabelCancel" value="取消" />
  <string key="Website.Dialogs.LabelDisclosure" value="更多信息" />
  <string key="Website.Dialogs.About.Title" value="关于Composite C1" />
  <string key="Website.Dialogs.NoAccessTitle" value="禁止访问" />
  <string key="Website.Dialogs.NoAccessText" value="你没有被授予访问系统的权限。请与管理员联系。" />
  <string key="Website.Dialogs.ImageEditor.ScaleImage.Unit" value="单位" />
  <string key="Website.Dialogs.ImageEditor.ScaleImage.Width" value="宽度" />
  <string key="Website.Dialogs.ImageEditor.ScaleImage.Height" value="高度" />
  <string key="Website.Dialogs.ImageEditor.ScaleImage.LabelScaleImage" value="尺度图像" />
  <string key="Website.Dialogs.ImageEditor.ScaleImage.LabelDimensions" value="尺寸" />
  <string key="Website.Dialogs.ImageEditor.ScaleImage.LabelImageSize" value="图像尺寸" />
  <string key="Website.Dialogs.ImageEditor.ScaleImage.LabelFixedRatio" value="固定比率" />
  <string key="Website.Dialogs.ImageEditor.ScaleImage.LabelFreeResize" value="自由调整" />
  <string key="Website.Dialogs.ImageEditor.ScaleImage.LabelPixels" value="像素" />
  <string key="Website.Dialogs.ImageEditor.ScaleImage.LabelPercent" value="百分之" />
  <string key="Website.Dialogs.Options.LoginScreen" value="登录屏幕" />
  <string key="Website.Dialogs.Options.SoundEffects" value="声音效果" />
  <string key="Website.Dialogs.Options.LabelOptions" value="选项" />
  <string key="Website.Dialogs.Options.LabelGeneral" value="一般" />
  <string key="Website.Dialogs.Options.LabelAdvanced" value="高级" />
  <string key="Website.Dialogs.Options.LabelLoginPreferences" value="登录偏好" />
  <string key="Website.Dialogs.Options.LabelFakeLoginScreen" value="假冒的登录屏幕" />
  <string key="Website.Dialogs.Options.LabelNoLoginScreen" value="没有登录屏幕" />
  <string key="Website.Dialogs.Options.LabelAudioPreferences" value="音频首选项" />
  <string key="Website.Dialogs.Options.LabelSoundOn" value="讨厌的声音效果" />
  <string key="Website.Dialogs.Options.LabelSoundOff" value="没有音效" />
  <string key="Website.Dialogs.WebServices.Error" value="Web服务方法中的错误" />
  <string key="Website.Dialogs.WebServices.LabelWebServiceError" value="网络服务中的错误" />
  <string key="Website.Dialogs.SystemTree.DetailedPaste.Title" value="在哪里插入？" />
  <string key="Website.Dialogs.SystemTree.DetailedPaste.LabelPosition" value="位置" />
  <string key="Website.Dialogs.SystemTree.DetailedPaste.LabelInsertBefore" value="在之前插入" />
  <string key="Website.Dialogs.SystemTree.DetailedPaste.LabelInsertAfter" value="在之后插入" />
  <string key="Website.Content.Views.Editors.ImageEditor.ImageEditor.LabelTitle" value="编辑图像" />
  <string key="Website.Content.Views.Editors.ImageEditor.ImageEditor.LabelFile" value="文件" />
  <string key="Website.Content.Views.Editors.ImageEditor.ImageEditor.LabelSave" value="保存" />
  <string key="Website.Content.Views.Editors.ImageEditor.ImageEditor.LabelSaveAs" value="另存为..." />
  <string key="Website.Content.Views.Editors.ImageEditor.ImageEditor.LabelRevert" value="还原" />
  <string key="Website.Content.Views.Editors.ImageEditor.ImageEditor.LabelView" value="视图" />
  <string key="Website.Content.Views.Editors.ImageEditor.ImageEditor.LabelZoom" value="变焦" />
  <string key="Website.Content.Views.Editors.ImageEditor.ImageEditor.LabelZoomIn" value="放大" />
  <string key="Website.Content.Views.Editors.ImageEditor.ImageEditor.LabelZoomOut" value="缩小" />
  <string key="Website.Content.Views.Editors.ImageEditor.ImageEditor.Label800" value="800％" />
  <string key="Website.Content.Views.Editors.ImageEditor.ImageEditor.Label400" value="400％" />
  <string key="Website.Content.Views.Editors.ImageEditor.ImageEditor.Label200" value="200％" />
  <string key="Website.Content.Views.Editors.ImageEditor.ImageEditor.Label100" value="100％" />
  <string key="Website.Content.Views.Editors.ImageEditor.ImageEditor.Label50" value="50％" />
  <string key="Website.Content.Views.Editors.ImageEditor.ImageEditor.Label25" value="25％" />
  <string key="Website.Content.Views.Editors.ImageEditor.ImageEditor.Label12" value="12％" />
  <string key="Website.Content.Views.Editors.ImageEditor.ImageEditor.LabelImage" value="图片" />
  <string key="Website.Content.Views.Editors.ImageEditor.ImageEditor.LabelTransform" value="变换" />
  <string key="Website.Content.Views.Editors.ImageEditor.ImageEditor.LabelFlipHorizontal" value="水平翻转" />
  <string key="Website.Content.Views.Editors.ImageEditor.ImageEditor.LabelFlipVertical" value="垂直翻转" />
  <string key="Website.Content.Views.Editors.ImageEditor.ImageEditor.LabelRotate90CW" value="顺时针旋转90度" />
  <string key="Website.Content.Views.Editors.ImageEditor.ImageEditor.LabelRotate90CCW" value="逆时针旋转90度" />
  <string key="Website.Content.Views.Editors.ImageEditor.ImageEditor.LabelRotate180" value="旋转180度" />
  <string key="Website.Content.Views.Editors.ImageEditor.ImageEditor.LabelScale" value="拉伸图像..." />
  <string key="Website.Content.Views.Editors.ImageEditor.ImageEditor.LabelCrop" value="裁切影像" />
  <string key="Website.Content.Views.Editors.ImageEditor.ImageEditor.ToolBox.ToolTipSelect" value="选择" />
  <string key="Website.Content.Views.Editors.ImageEditor.ImageEditor.ToolBox.ToolTipZoom" value="变焦" />
  <string key="Website.Content.Views.Help.ToolTipBack" value="返回一页" />
  <string key="Website.Content.Views.Help.ToolTipForward" value="前进一页" />
  <string key="Website.Content.Views.Help.ToolTipRefresh" value="刷新页面" />
  <string key="Website.Content.Views.Search.Search.LabelNewSearch" value="新的搜索..." />
  <string key="Website.FlowUICompleted.ExecutionEndedTitle" value="执行结束" />
  <string key="Website.FlowUICompleted.ExecutionEndedMessage" value="在此窗口中执行的操作已结束。" />
  <string key="Website.ServerError.ServerErrorTitle" value="服务器错误" />
  <string key="Website.ServerError.ServerErrorMessage" value="发生了一个未知的错误。" />
  <string key="Website.LicenseViolation.LicenseViolationTitle" value="违反许可证" />
  <string key="Website.LicenseViolation.LicenseViolationMessage" value="您当前的许可证不允许当前请求的操作。" />
  <string key="Website.Templates.WysiwygEditorPlugins.MediaFlashOptions.LabelFlashOptions" value="Flash选项" />
  <string key="Website.Templates.WysiwygEditorPlugins.MediaFlashOptions.LabelHigh" value="高" />
  <string key="Website.Templates.WysiwygEditorPlugins.MediaFlashOptions.LabelLow" value="低" />
  <string key="Website.Templates.WysiwygEditorPlugins.MediaFlashOptions.LabelAutohigh" value="自高" />
  <string key="Website.Templates.WysiwygEditorPlugins.MediaFlashOptions.LabelAutolow" value="自低" />
  <string key="Website.Templates.WysiwygEditorPlugins.MediaFlashOptions.LabelBest" value="最佳" />
  <string key="Website.Templates.WysiwygEditorPlugins.MediaFlashOptions.LabelWindow" value="窗口" />
  <string key="Website.Templates.WysiwygEditorPlugins.MediaFlashOptions.LabelOpaque" value="不透明" />
  <string key="Website.Templates.WysiwygEditorPlugins.MediaFlashOptions.LabelTransparent" value="透明" />
  <string key="Website.Templates.WysiwygEditorPlugins.MediaFlashOptions.LabelShowall" value="Showall" />
  <string key="Website.Templates.WysiwygEditorPlugins.MediaFlashOptions.LabelNoborder" value="没有边框" />
  <string key="Website.Templates.WysiwygEditorPlugins.MediaFlashOptions.LabelExactfit" value="Exactfit" />
  <string key="Website.Templates.WysiwygEditorPlugins.MediaFlashOptions.LabelAutoPlay" value="自动播放" />
  <string key="Website.Templates.WysiwygEditorPlugins.MediaFlashOptions.LabelLoop" value="循环" />
  <string key="Website.Templates.WysiwygEditorPlugins.MediaFlashOptions.LabelShowMenu" value="显示菜单" />
  <string key="Website.Templates.WysiwygEditorPlugins.MediaFlashOptions.LabelSWLiveConnect" value="SWLiveConnect" />
  <string key="Website.Templates.WysiwygEditorPlugins.MediaQuickTimeOptions.LabelQuickTimeOptions" value="QuickTime的选项" />
  <string key="Website.Templates.WysiwygEditorPlugins.MediaQuickTimeOptions.LabelLoop" value="循环" />
  <string key="Website.Templates.WysiwygEditorPlugins.MediaQuickTimeOptions.LabelCache" value="高速缓存" />
  <string key="Website.Templates.WysiwygEditorPlugins.MediaQuickTimeOptions.LabelNoCorrection" value="不修正" />
  <string key="Website.Templates.WysiwygEditorPlugins.MediaQuickTimeOptions.LabelKioskMode" value="Kiosk模式" />
  <string key="Website.Templates.WysiwygEditorPlugins.MediaQuickTimeOptions.LabelPlayEveryFrame" value="每帧播放" />
  <string key="Website.Templates.WysiwygEditorPlugins.MediaQuickTimeOptions.LabelAutoPlay" value="自动播放" />
  <string key="Website.Templates.WysiwygEditorPlugins.MediaQuickTimeOptions.LabelController" value="控制器" />
  <string key="Website.Templates.WysiwygEditorPlugins.MediaQuickTimeOptions.LabelEnableJavaScript" value="启用Javascript" />
  <string key="Website.Templates.WysiwygEditorPlugins.MediaQuickTimeOptions.LabelAutoHRef" value="AutoHREF" />
  <string key="Website.Templates.WysiwygEditorPlugins.MediaQuickTimeOptions.LabelTargetCache" value="目标缓存" />
  <string key="Website.Templates.WysiwygEditorPlugins.MediaShockWaveOptions.LabelShockWaveOptions" value="Shockwave 选项" />
  <string key="Website.Templates.WysiwygEditorPlugins.MediaShockWaveOptions.LabelHigh" value="高" />
  <string key="Website.Templates.WysiwygEditorPlugins.MediaShockWaveOptions.LabelLow" value="低" />
  <string key="Website.Templates.WysiwygEditorPlugins.MediaShockWaveOptions.LabelAutoHigh" value="自高" />
  <string key="Website.Templates.WysiwygEditorPlugins.MediaShockWaveOptions.LabelAutoLow" value="自低" />
  <string key="Website.Templates.WysiwygEditorPlugins.MediaShockWaveOptions.LabelBest" value="最佳" />
  <string key="Website.Templates.WysiwygEditorPlugins.MediaShockWaveOptions.LabelWindow" value="窗口" />
  <string key="Website.Templates.WysiwygEditorPlugins.MediaShockWaveOptions.LabelOpaque" value="不透明" />
  <string key="Website.Templates.WysiwygEditorPlugins.MediaShockWaveOptions.LabelTransparent" value="透明" />
  <string key="Website.Templates.WysiwygEditorPlugins.MediaShockWaveOptions.LabelShowAll" value="Showall" />
  <string key="Website.Templates.WysiwygEditorPlugins.MediaShockWaveOptions.LabelNoBorder" value="没有边框" />
  <string key="Website.Templates.WysiwygEditorPlugins.MediaShockWaveOptions.LabelExactFit" value="Exactfit" />
  <string key="Website.Templates.WysiwygEditorPlugins.MediaShockWaveOptions.LabelAutoPlay" value="自动播放" />
  <string key="Website.Templates.WysiwygEditorPlugins.MediaShockWaveOptions.LabelLoop" value="循环" />
  <string key="Website.Templates.WysiwygEditorPlugins.MediaShockWaveOptions.LabelShowMenu" value="显示菜单" />
  <string key="Website.Templates.WysiwygEditorPlugins.MediaShockWaveOptions.LabelSWLiveConnect" value="SWLiveConnect" />
  <string key="Website.Templates.WysiwygEditorPlugins.MediaWinMediaOptions.LabelQuickTimeOptions" value="QuickTime 选项" />
  <string key="Website.Templates.WysiwygEditorPlugins.MediaWinMediaOptions.LabelAutoStart" value="自动启动" />
  <string key="Website.Templates.WysiwygEditorPlugins.MediaWinMediaOptions.LabelShowMenu" value="显示菜单" />
  <string key="Website.Templates.WysiwygEditorPlugins.MediaWinMediaOptions.LabelInvokeURLs" value="调用网址" />
  <string key="Website.Templates.WysiwygEditorPlugins.MediaWinMediaOptions.LabelStretchToFit" value="拉伸以适应" />
  <string key="Website.Templates.WysiwygEditorPlugins.MediaWinMediaOptions.LabelEnabled" value="启用" />
  <string key="Website.Templates.WysiwygEditorPlugins.MediaWinMediaOptions.LabelFullScreen" value="全屏" />
  <string key="Website.Templates.WysiwygEditorPlugins.MediaWinMediaOptions.LabelMute" value="哑" />
  <string key="Website.Templates.WysiwygEditorPlugins.MediaWinMediaOptions.LabelWindowLessVideo" value="无窗口视频" />
  <string key="Website.App.LabelSave" value="保存" />
  <string key="Website.App.LabelCloseTab" value="关闭标签" />
  <string key="Website.App.LabelCloseOthers" value="关闭其它" />
  <string key="Website.App.LabelRefreshView" value="刷新视图" />
  <string key="Website.App.LabelMakeDirty" value="编辑后未保存" />
  <string key="Website.App.LabelViewSource" value="查看源代码" />
  <string key="Website.App.LabelViewGenerated" value="生成视图" />
  <string key="Website.App.LabelViewSerialized" value="序列化视图" />
  <string key="Website.App.LabelClose" value="关闭" />
  <string key="Website.App.LabelFileClose" value="关闭" />
	<string key="Website.App.LabelFileCloseAll" value="关闭所有" />
  <string key="Website.App.LabelFileSaveAll" value="保存所有..." />
  <string key="Website.App.LabelFileExit" value="退出" />
  <string key="Website.App.LabelFile" value="文件" />
  <string key="Website.App.LabelView" value="视图" />
  <string key="Website.App.LabelSystemLog" value="系统日志" />
  <string key="Website.App.LabelDeveloperPanel" value="开发面板" />
  <string key="Website.App.LabelTools" value="工具" />
  <string key="Website.App.LabelHelp" value="帮助" />
  <string key="Website.App.LabelHelpContents" value="帮助内容" />
  <string key="Website.App.LabelFeedback" value="提供反馈..." />
  <string key="Website.App.LabelAboutComposite" value="关于 Composite C1" />
  <string key="Website.App.LabelCut" value="剪切" />
  <string key="Website.App.LabelCopy" value="复制" />
  <string key="Website.App.LabelPaste" value="粘贴" />
  <string key="Website.App.LabelRefresh" value="刷新" />
  <string key="Website.App.LabelLoading" value="载入中..." />
  <string key="Website.App.LabelLoaded" value="已加载" />
  <string key="Website.App.LabelSaved" value="已保存" />
  <string key="Website.App.ToolTipMinimize" value="最小化" />
  <string key="Website.App.ToolTipMaximize" value="最大化" />
  <string key="Website.App.ToolTipUnMaximize" value="还原" />
  <string key="Website.App.ToolTipUnMinimize" value="还原" />
  <string key="Website.App.ToolTipClose" value="关闭" />
  <string key="Website.App.StatusBar.Opening" value="正在打开{0} ..." />
  <string key="Website.App.StatusBar.Refreshing" value="正在刷新{0} ..." />
  <string key="Website.App.StatusBar.Loading" value="载入中... {0}" />
  <string key="Website.App.StatusBar.Error" value="错误" />
  <string key="Website.App.StatusBar.Warn" value="警告" />
  <string key="Website.App.StatusBar.Busy" value="工作中..." />
  <string key="Website.App.StatusBar.Ready" value="准备好了！" />
  <string key="Website.App.StatusBar.ErrorInField" value="错误:" />
  <string key="Website.Forms.Administrative.AddNewMediaFile.Layout.Label" value="添加文件的新媒体" />
  <string key="Website.Forms.Administrative.AddNewMediaFile.FieldGroup.Label" value="媒体属性" />
  <string key="Website.Forms.Administrative.AddNewMediaFile.FileUpload.Label" value="文件名" />
  <string key="Website.Forms.Administrative.AddNewMediaFile.FileUpload.Help" value="选择/输入文件名以上传" />
  <string key="Website.Forms.Administrative.AddNewMediaFile.OverwriteCheckBox.Label" value="允许覆盖" />
  <string key="Website.Forms.Administrative.AddNewMediaFile.OverwriteCheckBox.Help" value="替换现有文件" />
  <string key="Website.Forms.Administrative.AddNewMediaFile.FilenameTextBox.Label" value="文件名" />
  <string key="Website.Forms.Administrative.AddNewMediaFile.FilenameTextBox.Help" value="在媒体库中的文件名称" />
  <string key="Website.Forms.Administrative.AddNewMediaFile.TitleTextBox.Label" value="标题" />
  <string key="Website.Forms.Administrative.AddNewMediaFile.TitleTextBox.Help" value="用于此字段作为图像标题" />
  <string key="Website.Forms.Administrative.AddNewMediaFile.DescriptionTextBox.Label" value="说明" />
  <string key="Website.Forms.Administrative.AddNewMediaFile.DescriptionTextBox.Help" value="用此字段作为此图像的简短描述" />
  <string key="Website.Forms.Administrative.AddNewMediaFile.MissingUploadedFile.Message" value="请选择要上传的文件" />
  <string key="Website.Forms.Administrative.AddNewMediaFile.FileExists.Message" value="已存在具有相同名称的文件。请检查是否允许覆盖或更改文件名" />
  <string key="Website.Forms.Administrative.AddNewMediaFile.TotalFilenameToLong.Message" value="在总长度的文件名（文件夹和文件名）是太长" />
  <string key="Website.Forms.Administrative.AddNewMediaFolder.Label.AddNewMediaFolder" value="添加新的媒体文件夹" />
  <string key="Website.Forms.Administrative.AddNewMediaFolder.LabelFolderName" value="文件夹名称" />
  <string key="Website.Forms.Administrative.AddNewMediaFolder.HelpFolderName" value="-" />
  <string key="Website.Forms.Administrative.AddNewMediaFolder.LabelTitle" value="标题" />
  <string key="Website.Forms.Administrative.AddNewMediaFolder.HelpTitle" value="-" />
  <string key="Website.Forms.Administrative.AddNewMediaFolder.LabelDescription" value="说明" />
  <string key="Website.Forms.Administrative.AddNewMediaFolder.HelpDescription" value="-" />
  <string key="Website.Forms.Administrative.AddNewMediaFolder.FolderNameAlreadyUsed" value="该文件夹已经存在" />
  <string key="Website.Forms.Administrative.AddNewMediaFolder.FolderNameTooLong" value="该文件夹的名字总长度过长" />
  <string key="Website.Forms.Administrative.AddZipMediaFile.LabelDialog" value="通过压缩文件(ZIP)上传多个文件" />
  <string key="Website.Forms.Administrative.AddZipMediaFile.LabelFieldGroup" value="选择zip文件来提取文件" />
  <string key="Website.Forms.Administrative.AddZipMediaFile.LabelFile" value="Zip文件" />
  <string key="Website.Forms.Administrative.AddZipMediaFile.HelpFile" value="创建一个ZIP文件（右键单击本地文件夹，选择发送到 - &gt;“压缩文件夹），然后使用&quot;浏览&quot;按钮选择之。" />
  <string key="Website.Forms.Administrative.AddZipMediaFile.LabelRecreateStructure" value="创建文件夹" />
  <string key="Website.Forms.Administrative.AddZipMediaFile.HelpRecreateStructure" value="选择此选项将复制您的Zip文件中存在的文件夹结构" />
  <string key="Website.Forms.Administrative.AddZipMediaFile.LabelRecreateStructureCheckBox" value="从压缩文件中提取文件夹" />
  <string key="Website.Forms.Administrative.AddZipMediaFile.LabelOverwriteExsisting" value="覆盖现有" />
  <string key="Website.Forms.Administrative.AddZipMediaFile.HelpOverwriteExsisting" value="选择此选项将在现有媒体存档库文件中覆盖匹配的文件" />
  <string key="Website.Forms.Administrative.AddZipMediaFile.LabelOverwriteExsistingCheckBox" value="覆盖现有文件" />
  <string key="Website.Forms.Administrative.AddZipMediaFile.MissingUploadedFile.Message" value="请选择要上传的文件" />
  <string key="Website.Forms.Administrative.AllFunctionsElementProviderSearchForm.LabelFunctionSearch" value="搜索功能" />
  <string key="Website.Forms.Administrative.AllFunctionsElementProviderSearchForm.LabelKeyword" value="关键字" />
  <string key="Website.Forms.Administrative.AllFunctionsElementProviderSearchForm.LabelKeywordHelp" value="填写要搜索的关键字。" />
  <string key="Website.Forms.Administrative.AllFunctionsElementProviderSearchForm.LabelReturnType" value="返回类型" />
  <string key="Website.Forms.Administrative.AllFunctionsElementProviderSearchForm.LabelReturnTypeHelp" value="选择一个要搜索的返回类型。" />
  <string key="Website.Forms.Administrative.DeleteMediaFile.LabelFieldGroup" value="删除此文件？" />
  <string key="Website.Forms.Administrative.DeleteMediaFile.Text" value="删除此文件？" />
  <string key="Website.Forms.Administrative.DeleteMediaFile.DeleteDataConfirmationHeader" value="删除一个文件" />
  <string key="Website.Forms.Administrative.DeleteMediaFile.DeleteDataConfirmationText" value="现在有一些被引用的数据也将被删除，你要继续吗？" />
  <string key="Website.Forms.Administrative.DeleteMediaFolder.LabelFieldGroup" value="删除此文件夹？" />
  <string key="Website.Forms.Administrative.DeleteMediaFolder.Text" value="删除此文件夹？" />
  <string key="Website.Forms.Administrative.DeleteMediaFolder.HasChildringText" value="此文件夹包含一个或多个文件或子文件夹。删除此文件夹也会删除所有子文件和文件夹。要继续删除此文件夹吗？" />
  <string key="Website.Forms.Administrative.EditMediaFile.LabelFieldGroup" value="媒体属性" />
  <string key="Website.Forms.Administrative.EditMediaFile.LabelTitle" value="标题" />
  <string key="Website.Forms.Administrative.EditMediaFile.HelpTitle" value="将此字段用于此图像的标题" />
  <string key="Website.Forms.Administrative.EditMediaFile.LabelFileName" value="文件名" />
  <string key="Website.Forms.Administrative.EditMediaFile.HelpFileName" value="在此字段中指定的条目是此图像ID的一部分" />
  <string key="Website.Forms.Administrative.EditMediaFile.LabelDescription" value="说明" />
  <string key="Website.Forms.Administrative.EditMediaFile.HelpDescription" value="使用此字段作为图片的简短描述" />
  <string key="Website.Forms.Administrative.EditMediaFile.TotalFilenameToLong.Message" value="文件名（文件夹和文件名）的总长度太长" />
  <string key="Website.Forms.Administrative.EditMediaFolder.LabelFieldGroup" value="文件夹属性" />
  <string key="Website.Forms.Administrative.EditMediaFolder.LabelFolderName" value="文件夹名称" />
  <string key="Website.Forms.Administrative.EditMediaFolder.HelpFolderName" value="-" />
  <string key="Website.Forms.Administrative.EditMediaFolder.LabelTitle" value="标题" />
  <string key="Website.Forms.Administrative.EditMediaFolder.HelpTitle" value="此字段被用作一个图像的标题" />
  <string key="Website.Forms.Administrative.EditMediaFolder.LabelDescription" value="说明" />
  <string key="Website.Forms.Administrative.EditMediaFolder.HelpDescription" value="-" />
  <string key="Website.Forms.Administrative.EditMediaFolder.TotalFilenameToLong.Message" value="该文件夹包含一个文件，其中文件名的长度太长。" />
  <string key="Website.Forms.Administrative.EditPage.DraftTransition" value="草案" />
  <string key="Website.Forms.Administrative.EditPage.AwaitingApprovalTransition" value="正在等待批准" />
  <string key="Website.Forms.Administrative.EditPage.AwaitingPublicationTransition" value="待出版" />
  <string key="Website.Forms.Administrative.ElementKeywordSearch.LabelFieldGroup" value="搜索" />
  <string key="Website.Forms.Administrative.ElementKeywordSearch.LabelKeyword" value="关键字" />
  <string key="Website.Forms.Administrative.ElementKeywordSearch.LabelSearchKeyword" value="填写要搜索的关键字。" />
  <string key="Website.Forms.Administrative.UploadMediaFile.LabelFieldGroup" value="上传新的媒体文件" />
  <string key="Website.Forms.Administrative.UploadMediaFile.LabelFile" value="档案名称：" />
  <string key="Website.Forms.Administrative.UploadMediaFile.HelpFile" value="-" />
  <string key="Website.Forms.Administrative.UploadMediaFile.EmptyFileErrorTitle" value="文件丢失或为空" />
  <string key="Website.Forms.Administrative.UploadMediaFile.EmptyFileErrorMessage" value="没有收到文件数据，请使用&quot;浏览&quot;按钮，并确保选定的文件不是空的。" />
  <string key="Website.Forms.Administrative.UploadNewMediaFile.LabelFieldGroup" value="上传新的媒体文件到现有文件" />
  <string key="Website.Forms.Administrative.UploadNewMediaFile.LabelFile" value="文件名称：" />
  <string key="Website.Forms.Administrative.UploadNewMediaFile.HelpFile" value="-" />
  <string key="Website.Forms.Administrative.AdministrativeTemplates.Document.LabelSave" value="保存" />
  <string key="Website.Forms.Administrative.AdministrativeTemplates.Document.LabelSaveAs" value="另存为..." />
  <string key="Website.Forms.Administrative.AdministrativeTemplates.Wizard.LabelPrevious" value="后退" />
  <string key="Website.Forms.Administrative.AdministrativeTemplates.Wizard.LabelNext" value="前进" />
  <string key="Website.Forms.Administrative.AdministrativeTemplates.Wizard.LabelFinish" value="完成" />
  <string key="Website.Forms.Administrative.AdministrativeTemplates.Wizard.LabelCancel" value="取消" />
  <string key="Website.Forms.Administrative.AdministrativeTemplates.DataDialog.LabelOk" value="确定" />
  <string key="Website.Forms.Administrative.AdministrativeTemplates.DataDialog.LabelCancel" value="取消" />
  <string key="Website.Forms.Administrative.AdministrativeTemplates.ConfirmDialog.LabelOk" value="确定" />
  <string key="Website.Forms.Administrative.AdministrativeTemplates.ConfirmDialog.LabelCancel" value="取消" />
  <string key="Website.Misc.SourceCodeViewer.LabelInput" value="输入" />
  <string key="Website.Misc.SourceCodeViewer.LabelOutput" value="输出" />
  <string key="Website.Misc.Trees.DialogTitle.PasteNotAllowed" value="不允许。" />
  <string key="Website.Misc.Trees.DialogText.PasteNotAllowed" value="在这种情况下不允许粘贴。" />
  <string key="Website.Misc.Trees.DialogTitle.PasteTypeNotAllowed" value="不允许" />
  <string key="Website.Misc.Trees.DialogText.PasteTypeNotAllowed" value="文件夹不接受文档类型。" />
  <string key="Website.Misc.MultiSelector.LabelEditSelections" value="编辑选择" />
  <string key="GenericVersionProcessController.Version" value="版本信息" />
  <string key="GenericVersionProcessController.VersionToolTip" value="显示版本信息" />
  <string key="AspNetUiControl.Selector.SelectValueLabel" value="选择一个值..." />
  <string key="AspNetUiControl.Selector.BrokenReference" value="&lt;参考“&gt; ..." />
  <string key="AspNetUiControl.Selector.NoSelection" value="（没有选择）" />
</strings>