﻿<?xml version="1.0" encoding="utf-8"?>
<strings>
  <string key="AddOnManager.CompositeVersionMisMatch" value="该软件包版本与当前系统版本不匹配" />
  <string key="AddOnManager.NewerVersionInstlled" value="已经安装了较新版本" />
  <string key="AddOnManager.MissingAddOnDirectory" value="找不到包目录路径'{0}'" />
  <string key="AddOnManager.Uninstallable" value="该安装包被标记为 &quot;non uninstallable&quot;" />
  <string key="AddOnManager.MissingZipFile" value="找不到包压缩文件路径'{0}'" />
  <string key="AddOnManager.MissingUninstallFile" value="找不到包卸载文件路径'{0}'" />
  <string key="AddOnManager.MissingElement" value="缺失'{0}'元素。" />
  <string key="AddOnManager.MissingAttribute" value="缺失'{0}'的属性。" />
  <string key="AddOnManager.InvalidAttributeValue" value="'{0}'的属性值不是有效的值。" />
  <string key="AddOnManager.InvalidElementValue" value="'{0}'元素的值不是一个有效的值" />
  <string key="ConfigurationTransformationAddOnFragmentInstaller.ExpectedExactlyTwoElements" value="预期两个元素，'{0}'和'{1}'" />
  <string key="ConfigurationTransformationAddOnFragmentInstaller.MissingElement" value="缺失'{0}'元素。" />
  <string key="ConfigurationTransformationAddOnFragmentInstaller.MissingAttribute" value="缺失'{0}'的属性。" />
  <string key="ConfigurationTransformationAddOnFragmentInstaller.PathDoesNotExist" value="在ZIP中不存在路径'{0}'。" />
  <string key="ConfigurationTransformationAddOnFragmentInstaller.UnableToParsXslt" value="无法解析压缩为ZIP的XSLT文件'{0}'。 {1}" />
  <string key="ConfigurationTransformationAddOnFragmentInstaller.XsltWillGeneratedInvalid" value="XSLT文件'{0}'将产生一个无效的配置文件。 {1}" />
  <string key="DataAddOnFragmentInstaller.OnlyOneElement" value="只允许有一个'类型'元素" />
  <string key="DataAddOnFragmentInstaller.MissingElement" value="缺少'类型'元素" />
  <string key="DataAddOnFragmentInstaller.MissingAttribute" value="在配置中缺少{0}特性" />
  <string key="DataAddOnFragmentInstaller.WrongDataScopeIdentifier" value="在配置中错误的DataScopeIdentifier（{0}）名称" />
  <string key="DataAddOnFragmentInstaller.WrongLocale" value="在配置中错误的语言文化名称（{0}）" />
  <string key="DataAddOnFragmentInstaller.MissingFile" value="在压缩包中丢失的文件'{0}'" />
  <string key="DataAddOnFragmentInstaller.TypeNotConfigured" value="数据接口类型'{0}'还没有被配置在系统中" />
  <string key="DataAddOnFragmentInstaller.TypeNotInheriting" value="数据接口类型'{0}'不继承接口'{1}'" />
  <string key="DataAddOnFragmentInstaller.MissingProperty" value="数据接口类型'{0}'没有一个名为'{1}'的属性" />
  <string key="DataAddOnFragmentInstaller.MissingWritableProperty" value="数据接口类型'{0}'没有一个可写的名为'{1}'的属性" />
  <string key="DataAddOnFragmentInstaller.ConversionFailed" value="无法转换为'{0}'的类型'{1}'" />
  <string key="DataAddOnFragmentInstaller.MissingPropertyVaule" value="该接口'{1}'上的属性'{0}'缺少一个值。" />
  <string key="DataAddOnFragmentInstaller.DataExists" value="接口类型'{0}'上的一个数据项不存在" />
  <string key="DataAddOnFragmentInstaller.MissingTypeDescriptor" value="类型{0}的数据类型描述符缺失" />
  <string key="DataAddOnFragmentInstaller.TypeNonLocalizedWithLocale" value="数据类型'{0}'不是本地化，但指定了一个区域配置." />
  <string key="DataAddOnFragmentInstaller.TypeLocalizedWithoutLocale" value="数据类型'{0}'是本地化类型，但没有指定区域配置." />
  <string key="DataAddOnFragmentUninstaller.OnlyOneElement" value="只有一个'类型'元素被允许" />
  <string key="DataAddOnFragmentUninstaller.MissingAttribute" value="在配置中缺少{0}特性" />
  <string key="DataAddOnFragmentUninstaller.MissingKeyProperty" value="数据类型'{0}'不包含一个名为'{1}'的关键属性" />
  <string key="DataTypeAddOnFragmentInstaller.OnlyOneElement" value="只有一个'类型'元素被允许" />
  <string key="DataTypeAddOnFragmentInstaller.MissingElement" value="缺少'类型'元素" />
  <string key="DataTypeAddOnFragmentInstaller.MissingAttribute" value="在配置中缺少{0}特性" />
  <string key="DataTypeAddOnFragmentInstaller.TypeNotConfigured" value="数据接口类型'{0}'还没有被配置在系统中" />
  <string key="DataTypeAddOnFragmentInstaller.TypeNotInheriting" value="数据接口类型'{0}'不继承于接口'{1}'" />
  <string key="DataTypeAddOnFragmentInstaller.TypeExists" value="接口类型'{0}'已经存在于系统" />
  <string key="DataTypeAddOnFragmentInstaller.InterfaceCodeError" value="接口类型'{0}'编码不正确" />
  <string key="DataTypeAddOnFragmentUninstaller.OnlyOneElement" value="只有一个'类型'元素被允许" />
  <string key="DataTypeAddOnFragmentUninstaller.MissingAttribute" value="配置中缺少{0}特性" />
  <string key="DataTypeAddOnFragmentUninstaller.WrongAttributeFormat" value="在配置中出现错误的特性格式" />
  <string key="DynamicDataTypeAddOnFragmentInstaller.OnlyOneElement" value="只允许有一个'类型'元素" />
  <string key="DynamicDataTypeAddOnFragmentInstaller.MissingElement" value="缺少'类型'元素" />
  <string key="DynamicDataTypeAddOnFragmentInstaller.DataTypeDescriptorParseError" value="dataTypeDescriptor特性XML解析错误" />
  <string key="DynamicDataTypeAddOnFragmentInstaller.DataTypeDescriptorDeserializeError" value="反序列化的数据类型时发生错误。错误文本：{0}。" />
  <string key="DynamicDataTypeAddOnFragmentInstaller.MissingReferencedType" value="找不到一个引用的类型'{0}'。" />
  <string key="DynamicDataTypeAddOnFragmentInstaller.TypeExists" value="接口类型'{0}'已经存在于系统" />
  <string key="DynamicDataTypeAddOnFragmentUninstaller.OnlyOneElement" value="只允许有一个'类型'元素" />
  <string key="DynamicDataTypeAddOnFragmentUninstaller.MissingAttribute" value="配置中缺少{0}特性" />
  <string key="DynamicDataTypeAddOnFragmentUninstaller.WrongAttributeFormat" value="在配置中错误的特性格式" />
  <string key="FileAddOnFragmentInstaller.OnlyOneFilesElement" value="只允许有一个'文件(Files)'元素" />
  <string key="FileAddOnFragmentInstaller.OnlyOneDirectoriesElement" value="只允许有一个'目录(Directories)'元素" />
  <string key="FileAddOnFragmentInstaller.MissingAttribute" value="配置中缺少{0}特性" />
  <string key="FileAddOnFragmentInstaller.DeleteTargetDirectoryNotAllowed" value="'deleteTargetDirectory'特性只能应用于目录，而不能应用于文件" />
  <string key="FileAddOnFragmentInstaller.WrongAttributeBoolFormat" value="错误的属性值格式,预期为bool值" />
  <string key="FileAddOnFragmentInstaller.MissingFile" value="安装压缩文件不包含文件'{0}'" />
  <string key="FileAddOnFragmentInstaller.FileExists" value="该文件'{0}'已经存在" />
  <string key="FileAddOnFragmentInstaller.FileReadOnly" value="文件'{0}'标记为'只读'，因此不能被覆盖。" />
  <string key="FileAddOnFragmentInstaller.AssemblyLoadNotAllowed" value="'assemblyLoad'特性只能用于文件，不是目录" />
  <string key="FileAddOnFragmentInstaller.OnlyUpdateNotAllowed" value="'onlyUpdate' 特性只能用于文件，不是目录" />
  <string key="FileAddOnFragmentInstaller.OnlyUpdateNotAllowedWithLoadAssemlby" value="不允许'onlyUpdate'特性与'loadAssembly'属性结合使用" />
  <string key="FileAddOnFragmentInstaller.MissingDirectory" value="安装压缩文件不包含目录'{0}'" />
  <string key="FileAddOnFragmentInstaller.WrongBasePath" value="Uninstall.xml包含绑定到原来网站位置的文件路径，因此无法安全卸载。" />
  <string key="FileAddOnFragmentUninstaller.OnlyOneFilesElement" value="只允许有一个'文件(Files)'元素" />
  <string key="VirtualElementProviderNodeAddOnFragmentInstaller.OnlyOneElement" value="只允许有一个'区(Areas)'元素" />
  <string key="VirtualElementProviderNodeAddOnFragmentInstaller.MissingType" value="找不到类型'{0}'" />
  <string key="VirtualElementProviderNodeAddOnFragmentInstaller.MissingIcon" value="找不到图标'{0}'" />
  <string key="VirtualElementProviderNodeAddOnFragmentUninstaller.OnlyOneElement" value="只允许有一个'区(Areas)'元素" />
  <string key="VirtualElementProviderNodeAddOnFragmentUninstaller.MissingAttribute" value="配置中缺失{0}特性" />
  <string key="FileXslTransformationPackageFragmentInstaller.MissingAttribute" value="在配置中缺失{0}特性" />
  <string key="FileXslTransformationPackageFragmentInstaller.FileNotFound" value="文件'{0}'不存在" />
  <string key="PackageVersionBumberFragmentInstaller.OnlyOneElement" value="只允许有一个'PackageVersions'元素" />
  <string key="PackageVersionBumberFragmentInstaller.MissingAttribute" value="配置中缺失{0}特性" />
  <string key="PackageVersionBumberFragmentInstaller.WrongAttributeGuidFormat" value="错误的属性值的格式，预期为Guid值" />
  <string key="PackageVersionBumberFragmentInstaller.PackageIdDuplicate" value="安装包的标识符重复：'{0}'" />
  <string key="PackageVersionBumberFragmentInstaller.WrongAttributeVersionFormat" value="错误的属性值的格式，预期为&quot;Version&quot;值(x.y.z)" />
  <string key="PackageVersionBumberFragmentUninstaller.OnlyOneElement" value="只允许有一个'PackageVersions'元素" />
  <string key="PackageVersionBumberFragmentUninstaller.MissingAttribute" value="配置中缺少{0}特性" />
  <string key="PackageVersionBumberFragmentUninstaller.WrongAttributeGuidFormat" value="错误的属性值的格式，预期为Guid值" />
  <string key="PackageVersionBumberFragmentUninstaller.PackageIdDuplicate" value="安装包的标识符重复：'{0}'" />
  <string key="PackageVersionBumberFragmentUninstaller.WrongAttributeVersionFormat" value="错误的属性值的格式，预期为&quot;Version&quot;类型值(x.y.z)" />
</strings>