﻿<?xml version="1.0" encoding="utf-8"?>
<strings>
  <string key="PackageManager.CompositeVersionMisMatch" value="该软件包版本需求不匹配当前版本" />
  <string key="PackageManager.NewerVersionInstlled" value="已经安装了较新版本" />
  <string key="PackageManager.MissingPackageDirectory" value="找不到包目录路径'{0}'" />
  <string key="PackageManager.Uninstallable" value="该安装包被标记为 &quot;non uninstallable&quot;" />
  <string key="PackageManager.MissingZipFile" value="找不到包压缩文件路径'{0}'" />
  <string key="PackageManager.MissingUninstallFile" value="找不到包卸载文件路径'{0}'" />
  <string key="PackageManager.MissingElement" value="缺失'{0}'元素。" />
  <string key="PackageManager.MissingAttribute" value="缺失'{0}'的属性。" />
  <string key="PackageManager.InvalidAttributeValue" value="'{0}'的属性值不是有效的值。" />
  <string key="PackageManager.InvalidElementValue" value="'{0}'元素的值不是一个有效的值" />
  <string key="ConfigurationTransformationPackageFragmentInstaller.ExpectedExactlyTwoElements" value="预期两个元素，'{0}'和'{1}'" />
  <string key="ConfigurationTransformationPackageFragmentInstaller.MissingElement" value="缺失'{0}'元素。" />
  <string key="ConfigurationTransformationPackageFragmentInstaller.MissingAttribute" value="缺失'{0}'的属性。" />
  <string key="ConfigurationTransformationPackageFragmentInstaller.PathDoesNotExist" value="在ZIP中不存在路径'{0}'。" />
  <string key="ConfigurationTransformationPackageFragmentInstaller.UnableToParsXslt" value="无法解析压缩为ZIP的XSLT文件'{0}'。 {1}" />
  <string key="ConfigurationTransformationPackageFragmentInstaller.XsltWillGeneratedInvalid" value="XSLT文件'{0}'将产生一个无效的配置文件。 {1}" />
  <string key="DataPackageFragmentInstaller.OnlyOneElement" value="只允许有一个'类型'元素" />
  <string key="DataPackageFragmentInstaller.MissingElement" value="缺少'类型'元素" />
  <string key="DataPackageFragmentInstaller.MissingAttribute" value="在配置中缺少{0}特性" />
  <string key="DataPackageFragmentInstaller.WrongDataScopeIdentifier" value="在配置中错误的DataScopeIdentifier（{0}）名称" />
  <string key="DataPackageFragmentInstaller.WrongLocale" value="在配置中错误的语言文化名称（{0}）" />
  <string key="DataPackageFragmentInstaller.MissingFile" value="在压缩包中丢失的文件'{0}'" />
  <string key="DataPackageFragmentInstaller.TypeNotConfigured" value="数据接口类型'{0}'还没有被配置在系统中" />
  <string key="DataPackageFragmentInstaller.TypeNotInheriting" value="数据接口类型'{0}'不继承接口'{1}'" />
  <string key="DataPackageFragmentInstaller.MissingProperty" value="数据接口类型'{0}'没有一个名为'{1}'的属性" />
  <string key="DataPackageFragmentInstaller.MissingWritableProperty" value="数据接口类型'{0}'没有一个可写的名为'{1}'的属性" />
  <string key="DataPackageFragmentInstaller.ConversionFailed" value="无法转换为'{0}'的类型'{1}'" />
  <string key="DataPackageFragmentInstaller.MissingPropertyVaule" value="该接口'{1}'上的属性'{0}'缺少一个值。" />
  <string key="DataPackageFragmentInstaller.DataExists" value="接口类型'{0}'上的一个数据项不存在" />
  <string key="DataPackageFragmentInstaller.MissingTypeDescriptor" value="类型{0}的数据类型描述符缺失" />
  <string key="DataPackageFragmentInstaller.TypeNonLocalizedWithLocale" value="数据类型'{0}'不是本地化，但指定了一个区域配置." />
  <string key="DataPackageFragmentInstaller.TypeLocalizedWithoutLocale" value="数据类型'{0}'是本地化类型，但没有指定区域配置." />
  <string key="DataPackageFragmentUninstaller.OnlyOneElement" value="只有一个'类型'元素被允许" />
  <string key="DataPackageFragmentUninstaller.MissingAttribute" value="在配置中缺少{0}特性" />
  <string key="DataPackageFragmentUninstaller.MissingKeyProperty" value="数据类型'{0}'不包含一个名为'{1}'的关键属性" />
  <string key="DataTypePackageFragmentInstaller.OnlyOneElement" value="只有一个'类型'元素被允许" />
  <string key="DataTypePackageFragmentInstaller.MissingElement" value="缺少'类型'元素" />
  <string key="DataTypePackageFragmentInstaller.MissingAttribute" value="在配置中缺少{0}特性" />
  <string key="DataTypePackageFragmentInstaller.TypeNotConfigured" value="数据接口类型'{0}'还没有被配置在系统中" />
  <string key="DataTypePackageFragmentInstaller.TypeNotInheriting" value="数据接口类型'{0}'不继承于接口'{1}'" />
  <string key="DataTypePackageFragmentInstaller.TypeExists" value="接口类型'{0}'已经存在于系统" />
  <string key="DataTypePackageFragmentInstaller.InterfaceCodeError" value="接口类型'{0}'编码不正确" />
  <string key="DataTypePackageFragmentUninstaller.OnlyOneElement" value="只有一个'类型'元素被允许" />
  <string key="DataTypePackageFragmentUninstaller.MissingAttribute" value="配置中缺少{0}特性" />
  <string key="DataTypePackageFragmentUninstaller.WrongAttributeFormat" value="在配置中出现错误的特性格式" />
  <string key="DynamicDataTypePackageFragmentInstaller.OnlyOneElement" value="只允许有一个'类型'元素" />
  <string key="DynamicDataTypePackageFragmentInstaller.MissingElement" value="缺少'类型'元素" />
  <string key="DynamicDataTypePackageFragmentInstaller.DataTypeDescriptorParseError" value="dataTypeDescriptor特性XML解析错误" />
  <string key="DynamicDataTypePackageFragmentInstaller.DataTypeDescriptorDeserializeError" value="反序列化的数据类型时发生错误。错误文本：{0}。" />
  <string key="DynamicDataTypePackageFragmentInstaller.MissingReferencedType" value="找不到一个引用的类型'{0}'。" />
  <string key="DynamicDataTypePackageFragmentInstaller.TypeExists" value="接口类型'{0}'已经存在于系统" />
  <string key="DynamicDataTypePackageFragmentUninstaller.OnlyOneElement" value="只允许有一个'类型'元素" />
  <string key="DynamicDataTypePackageFragmentUninstaller.MissingAttribute" value="配置中缺少{0}特性" />
  <string key="DynamicDataTypePackageFragmentUninstaller.WrongAttributeFormat" value="在配置中错误的特性格式" />
  <string key="FilePackageFragmentInstaller.OnlyOneFilesElement" value="只允许有一个'文件(Files)'元素" />
  <string key="FilePackageFragmentInstaller.OnlyOneDirectoriesElement" value="只允许有一个'目录(Directories)'元素" />
  <string key="FilePackageFragmentInstaller.MissingAttribute" value="配置中缺少{0}特性" />
  <string key="FilePackageFragmentInstaller.DeleteTargetDirectoryNotAllowed" value="'deleteTargetDirectory'特性只能应用于目录，而不能应用于文件" />
  <string key="FilePackageFragmentInstaller.WrongAttributeBoolFormat" value="错误的属性值格式,预期为bool值" />
  <string key="FilePackageFragmentInstaller.MissingFile" value="安装压缩文件不包含文件'{0}'" />
  <string key="FilePackageFragmentInstaller.FileExists" value="该文件'{0}'已经存在" />
  <string key="FilePackageFragmentInstaller.FileReadOnly" value="文件'{0}'标记为'只读'，因此不能被覆盖。" />
  <string key="FilePackageFragmentInstaller.AssemblyLoadNotAllowed" value="'assemblyLoad'特性只能用于文件，不是目录" />
  <string key="FilePackageFragmentInstaller.OnlyUpdateNotAllowed" value="'onlyUpdate' 特性只能用于文件，不是目录" />
  <string key="FilePackageFragmentInstaller.OnlyUpdateNotAllowedWithLoadAssemlby" value="不允许'onlyUpdate'特性与'loadAssembly'属性结合使用" />
  <string key="FilePackageFragmentInstaller.MissingDirectory" value="安装压缩文件不包含目录'{0}'" />
  <string key="FilePackageFragmentInstaller.WrongBasePath" value="Uninstall.xml包含绑定到原来网站位置的文件路径，因此无法安全卸载。" />
  <string key="FilePackageFragmentUninstaller.OnlyOneFilesElement" value="只允许有一个'文件(Files)'元素" />
  <string key="VirtualElementProviderNodePackageFragmentInstaller.OnlyOneElement" value="只允许有一个'区(Areas)'元素" />
  <string key="VirtualElementProviderNodePackageFragmentInstaller.MissingType" value="找不到类型'{0}'" />
  <string key="VirtualElementProviderNodePackageFragmentInstaller.MissingIcon" value="找不到图标'{0}'" />
  <string key="VirtualElementProviderNodePackageFragmentUninstaller.OnlyOneElement" value="只允许有一个'区(Areas)'元素" />
  <string key="VirtualElementProviderNodePackageFragmentUninstaller.MissingAttribute" value="配置中缺失{0}特性" />
  <string key="FileXslTransformationPackageFragmentInstaller.MissingAttribute" value="在配置中缺失{0}特性" />
  <string key="FileXslTransformationPackageFragmentInstaller.FileNotFound" value="文件'{0}'不存在" />
  <string key="PackageVersionBumberFragmentInstaller.OnlyOneElement" value="只允许有一个'PackageVersions'元素" />
  <string key="PackageVersionBumberFragmentInstaller.MissingAttribute" value="配置中缺失{0}特性" />
  <string key="PackageVersionBumberFragmentInstaller.WrongAttributeGuidFormat" value="错误的属性值的格式，预期为Guid值" />
  <string key="PackageVersionBumberFragmentInstaller.PackageIdDuplicate" value="安装包的标识符重复：'{0}'" />
  <string key="PackageVersionBumberFragmentInstaller.WrongAttributeVersionFormat" value="错误的属性值的格式，预期为&quot;Version&quot;值(x.y.z)" />
  <string key="PackageVersionBumberFragmentUninstaller.OnlyOneElement" value="只允许有一个'PackageVersions'元素" />
  <string key="PackageVersionBumberFragmentUninstaller.MissingAttribute" value="配置中缺少{0}特性" />
  <string key="PackageVersionBumberFragmentUninstaller.WrongAttributeGuidFormat" value="错误的属性值的格式，预期为Guid值" />
  <string key="PackageVersionBumberFragmentUninstaller.PackageIdDuplicate" value="安装包的标识符重复：'{0}'" />
  <string key="PackageVersionBumberFragmentUninstaller.WrongAttributeVersionFormat" value="错误的属性值的格式，预期为&quot;Version&quot;类型值(x.y.z)" />
</strings>