﻿<?xml version="1.0" encoding="utf-8"?>
<strings>
  <string key="SEOAssistant" value="SEO 助手" />
  <string key="IntroText" value="生成一个页面预览来计算SEO指示。" />
  <string key="TabResult" value="结果" />
  <string key="TabKeywords" value="关键词" />
  <string key="NoKeywordsWarning" value="无关键字配置。" />
  <string key="isInTitle" value="标题中的关键字" />
  <string key="isInURL" value="URL中的关键字" />
  <string key="isInMenuTitle" value="菜单标题中的关键字" />
  <string key="isInDescription" value="关键字描述" />
  <string key="isInHeading" value="标题中的关键字" />
  <string key="isInContent" value="关键字内容" />
  <string key="NoKeywords" value="无关键字" />
</strings>