﻿<?xml version="1.0" encoding="utf-8"?>
<strings>
  <!-- Layout Resources -->
  <string key="WebsiteFilesRootElement.Label" value="/" />
  <string key="LayoutResourcesRootElement.Label" value="/" />
  <string key="LayoutResourcesKeyNameLabel" value="布局" />
  <string key="DeleteFile.LabelFieldGroup" value="删除文件？" />
  <string key="DeleteFile.Text" value="删除文件？" />
  <string key="DeleteFolder.LabelFieldGroup" value="删除文件夹？" />
  <string key="DeleteFolder.Text" value="删除文件夹？" />
  <string key="AddNewFolder.LabelFieldGroup" value="添加新文件夹" />
  <string key="AddNewFolder.Text" value="文件夹名" />
  <string key="AddNewFolder.Help" value="输入新文件夹名称" />
  <string key="AddNewFolder.Error.FolderExist" value="具有相同名称的文件夹已经存在" />
  <string key="AddNewFile.LabelFieldGroup" value="添加新文件" />
  <string key="AddNewFile.Text" value="文件名" />
  <string key="AddNewFile.Help" value="输入新文件名" />
  <string key="AddNewFile.Error.FileExist" value="具有相同名称的文件已存在" />
  <string key="UploadNewWebsiteFile.LabelFieldGroup" value="上传文件" />
  <string key="UploadNewWebsiteFile.LabelFile" value="选择文件" />
  <string key="UploadNewWebsiteFile.HelpFile" value="选择要上传的文件" />
  <string key="UploadNewWebsiteFile.ConfirmOverwriteTitle" value="覆盖现有文件" />
  <string key="UploadNewWebsiteFile.ConfirmOverwriteDescription" value="具有相同名称的文件已经存在，覆盖吗？" />
  <string key="UploadFile.Error.WrongTypeTitle" value="错误的文件类型" />
  <string key="UploadFile.Error.WrongTypeMessage" value="错误的文件类型" />
  <string key="AddWebsiteFolderTitle" value="新建文件夹" />
  <string key="AddWebsiteFolderToolTip" value="添加新文件夹" />
  <string key="AddWebsiteFileTitle" value="新文件" />
  <string key="AddWebsiteFileToolTip" value="创建新文件" />
  <string key="DeleteWebsiteFileTitle" value="删除文件" />
  <string key="DeleteWebsiteFileToolTip" value="删除文件" />
  <string key="DownloadFileTitle" value="下载" />
  <string key="DownloadFileToolTip" value="下载文件" />
  <string key="DeleteWebsiteFolderTitle" value="删除文件夹" />
  <string key="DeleteWebsiteFolderToolTip" value="删除文件夹" />
  <string key="EditWebsiteFileTitle" value="编辑文件" />
  <string key="EditWebsiteFileToolTip" value="编辑文件" />
  <string key="UploadWebsiteFileTitle" value="上传文件" />
  <string key="UploadWebsiteFileToolTip" value="上传文件" />
  <string key="AddFolderToWhiteListTitle" value="显示“{0}”" />
  <string key="AddFolderToWhiteListToolTip" value="控制这个文件夹是否可见于“{0}”" />
  <string key="RemoveFolderFromWhiteListTitle" value="显示于“{0}”" />
  <string key="RemoveFolderFromWhiteListToolTip" value="控制这个文件夹是否可见于“{0}”" />
  <string key="DeleteWebsiteFileWorkflow.DeleteErrorTitle" value="错误" />
  <string key="DeleteWebsiteFileWorkflow.DeleteErrorMessage" value="无法删除的文件" />
  <string key="DeleteWebsiteFolderWorkflow.DeleteErrorTitle" value="错误" />
  <string key="DeleteWebsiteFolderWorkflow.DeleteErrorMessage" value="无法删除该文件夹" />
</strings>