﻿<?xml version="1.0" encoding="utf-8"?>
<strings>
  <string key="af-ZA" value="南非语，南非" />
  <string key="sq-AL" value="阿尔巴尼亚，阿尔巴尼亚" />
  <string key="ar-DZ" value="阿拉伯语，阿尔及利亚" />
  <string key="ar-BH" value="阿拉伯，巴林" />
  <string key="ar-EG" value="阿拉伯语，埃及" />
  <string key="ar-IQ" value="阿拉伯语，伊拉克" />
  <string key="ar-JO" value="阿拉伯，约旦" />
  <string key="ar-KW" value="阿拉伯，科威特" />
  <string key="ar-LB" value="阿拉伯语，黎巴嫩" />
  <string key="ar-LY" value="阿拉伯语，利比亚" />
  <string key="ar-MA" value="阿拉伯语，摩洛哥" />
  <string key="ar-OM" value="阿拉伯语，阿曼" />
  <string key="ar-QA" value="阿拉伯，卡塔尔" />
  <string key="ar-SA" value="阿拉伯语，沙特阿拉伯" />
  <string key="ar-SY" value="阿拉伯文，叙利亚" />
  <string key="ar-TN" value="阿拉伯语，突尼斯" />
  <string key="ar-AE" value="阿拉伯语，阿拉伯联合酋长国" />
  <string key="ar-YE" value="阿拉伯，也门" />
  <string key="hy-AM" value="亚美尼亚，亚美尼亚" />
  <string key="az-Cyrl-AZ" value="阿塞拜疆语，斯拉夫语阿塞拜疆" />
  <string key="az-Latn-AZ" value="阿塞拜疆语，拉丁语阿塞拜疆" />
  <string key="eu-ES" value="巴斯克人，巴斯克" />
  <string key="be-BY" value="白俄罗斯，白俄罗斯" />
  <string key="bs-Latn-BA" value="波斯尼亚，波斯尼亚和黑塞哥维那" />
  <string key="bs-Cyrl-BA" value="波斯尼亚语（西里尔文）（波斯尼亚和黑塞哥维那）" />
  <string key="bg-BG" value="保加利亚，保加利亚" />
  <string key="ca-ES" value="加泰罗尼亚语，加泰罗尼亚语" />
  <string key="zh-HK" value="中国，香港特别行政区" />
  <string key="zh-MO" value="中国，澳门特别行政区" />
  <string key="zh-CN" value="中华人民共和国" />
  <string key="zh-SG" value="中国，新加坡" />
  <string key="zh-TW" value="中国，台湾" />
  <string key="hr-BA" value="克罗地亚，波斯尼亚和黑塞哥维那" />
  <string key="hr-HR" value="克罗地亚，克罗地亚" />
  <string key="cs-CZ" value="捷克，捷克共和国" />
  <string key="da-DK" value="丹麦" />
  <string key="dv-MV" value="马尔代夫语，马尔代夫" />
  <string key="nl-BE" value="荷兰，比利时" />
  <string key="nl-NL" value="荷兰" />
  <string key="en-AU" value="英国，澳大利亚" />
  <string key="en-BZ" value="英语，伯利兹" />
  <string key="en-CA" value="英国，加拿大" />
  <string key="en-029" value="英国，加勒比海" />
  <string key="en-IE" value="英国，爱尔兰" />
  <string key="en-JM" value="英国，牙买加" />
  <string key="en-NZ" value="英国，新西兰" />
  <string key="en-PH" value="英国，菲律宾共和国" />
  <string key="en-ZA" value="英国，南非" />
  <string key="en-TT" value="英国，特立尼达和多巴哥" />
  <string key="en-GB" value="英文，英国" />
  <string key="en-US" value="英国，美国" />
  <string key="en-ZW" value="英国，津巴布韦" />
  <string key="et-EE" value="爱沙尼亚语，爱沙尼亚" />
  <string key="fo-FO" value="法罗群岛，法罗群岛" />
  <string key="fil-PH" value="菲律宾，菲律宾" />
  <string key="fi-FI" value="芬兰" />
  <string key="fr-BE" value="法国，比利时" />
  <string key="fr-CA" value="法国，加拿大" />
  <string key="fr-FR" value="法国" />
  <string key="fr-LU" value="法国，卢森堡" />
  <string key="fr-MC" value="法国，摩纳哥公国" />
  <string key="fr-CH" value="法国，瑞士" />
  <string key="fy-NL" value="弗里斯兰，荷兰" />
  <string key="gl-ES" value="加利西亚语，加利西亚语" />
  <string key="ka-GE" value="格鲁吉亚，格鲁吉亚" />
  <string key="de-AT" value="德国，奥地利" />
  <string key="de-DE" value="德国" />
  <string key="de-LI" value="德国，列支敦士登" />
  <string key="de-LU" value="德国，卢森堡" />
  <string key="de-CH" value="德国，瑞士" />
  <string key="el-GR" value="希腊，希腊" />
  <string key="kl-GL" value="格陵兰" />
  <string key="gu-IN" value="古加拉特，印度" />
  <string key="he-IL" value="希伯来语，以色列" />
  <string key="hi-IN" value="印地文，印度" />
  <string key="hu-HU" value="匈牙利，匈牙利" />
  <string key="is-IS" value="冰岛，冰岛" />
  <string key="id-ID" value="印度尼西亚，印尼" />
  <string key="iu-Latn-CA" value="因纽特语（拉丁）（加拿大）" />
  <string key="ga-IE" value="爱尔兰，爱尔兰" />
  <string key="it-IT" value="意大利" />
  <string key="it-CH" value="意大利，瑞士" />
  <string key="ja-JP" value="日本，日本" />
  <string key="kn-IN" value="卡纳达语，印度" />
  <string key="kk-KZ" value="哈，哈" />
  <string key="sw-KE" value="斯瓦希里语，肯尼亚" />
  <string key="kok-IN" value="孔卡尼语，印度" />
  <string key="ko-KR" value="朝鲜，韩国" />
  <string key="ky-KG" value="吉尔吉斯斯坦，吉尔吉斯斯坦" />
  <string key="lv-LV" value="拉脱维亚语，拉脱维亚" />
  <string key="lt-LT" value="立陶宛，立陶宛" />
  <string key="lb-LU" value="卢森堡，卢森堡" />
  <string key="mk-MK" value="马其顿，前南斯拉夫的马其顿共和国" />
  <string key="ms-BN" value="马来文，文莱达鲁萨兰国" />
  <string key="ms-MY" value="马来语，马来西亚" />
  <string key="mt-MT" value="马耳他，马耳他" />
  <string key="mi-NZ" value="毛利人，新西兰" />
  <string key="arn-CL" value="Mapudungun，智利" />
  <string key="mr-IN" value="Marathi，印度" />
  <string key="moh-CA" value="莫霍克，加拿大" />
  <string key="mn-MN" value="蒙古，蒙古西里尔" />
  <string key="nb-NO" value="挪威巴克摩" />
  <string key="nn-NO" value="新挪威语，挪威" />
  <string key="fa-IR" value="波斯，伊朗" />
  <string key="pl-PL" value="波兰，波兰" />
  <string key="pt-BR" value="葡萄牙，巴西" />
  <string key="pt-PT" value="葡萄牙文，葡萄牙" />
  <string key="pa-IN" value="旁遮普语，印度" />
  <string key="quz-BO" value="克丘亚语，玻利维亚" />
  <string key="quz-EC" value="克丘亚语，厄瓜多尔" />
  <string key="quz-PE" value="克丘亚语，秘鲁" />
  <string key="ro-RO" value="罗马尼亚，罗马尼亚" />
  <string key="rm-CH" value="罗曼什语，瑞士" />
  <string key="ru-RU" value="俄罗斯，俄罗斯" />
  <string key="smn-FI" value="萨米（稻荷）（芬兰）" />
  <string key="smj-NO" value="萨米（Lule）（挪威）" />
  <string key="smj-SE" value="萨米（Lule）（瑞典）" />
  <string key="se-FI" value="萨米（北）（芬兰）" />
  <string key="se-NO" value="萨米（北）（挪威）" />
  <string key="se-SE" value="萨米" />
  <string key="sms-FI" value="萨米（斯科尔特萨米）（芬兰）" />
  <string key="sma-NO" value="萨米（南区）（挪威）" />
  <string key="sma-SE" value="萨米（南区）（瑞典）" />
  <string key="sa-IN" value="梵语，印度" />
  <string key="sr-Cyrl-BA" value="塞尔维亚语（西里尔文）（波斯尼亚和黑塞哥维那）" />
  <string key="sr-Cyrl-CS" value="塞尔维亚，塞尔维亚西里尔" />
  <string key="sr-Latn-BA" value="塞尔维亚语（拉丁）（波斯尼亚和黑塞哥维那）" />
  <string key="sr-Latn-CS" value="塞尔维亚，塞尔维亚拉丁语" />
  <string key="ns-ZA" value="塞索托语山Leboa，南非" />
  <string key="tn-ZA" value="塞茨瓦纳，南非" />
  <string key="sk-SK" value="斯洛伐克，斯洛伐克" />
  <string key="sl-SI" value="斯洛文尼亚，斯洛文尼亚" />
  <string key="es-AR" value="西班牙，阿根廷" />
  <string key="es-BO" value="西班牙，玻利维亚" />
  <string key="es-CL" value="西班牙，智利" />
  <string key="es-CO" value="西班牙，哥伦比亚" />
  <string key="es-CR" value="西班牙，哥斯达黎加" />
  <string key="es-DO" value="西班牙，多米尼加共和国" />
  <string key="es-EC" value="西班牙，厄瓜多尔" />
  <string key="es-SV" value="西班牙，萨尔瓦多" />
  <string key="es-GT" value="西班牙，危地马拉" />
  <string key="es-HN" value="西班牙，洪都拉斯" />
  <string key="es-MX" value="西班牙，墨西哥" />
  <string key="es-NI" value="西班牙，尼加拉瓜" />
  <string key="es-PA" value="西班牙，巴拿马" />
  <string key="es-PY" value="西班牙，巴拉圭" />
  <string key="es-PE" value="西班牙，秘鲁" />
  <string key="es-PR" value="西班牙，波多黎各" />
  <string key="es-ES" value="西班牙语" />
  <string key="es-UY" value="西班牙，乌拉圭" />
  <string key="es-VE" value="西班牙，委内瑞拉" />
  <string key="sv-FI" value="瑞典，芬兰" />
  <string key="sv-SE" value="瑞典" />
  <string key="syr-SY" value="叙利亚，叙利亚" />
  <string key="ta-IN" value="泰米尔语，印度" />
  <string key="tt-RU" value="塔塔尔，俄罗斯" />
  <string key="te-IN" value="泰卢固语，印度" />
  <string key="th-TH" value="泰国，泰国" />
  <string key="tr-TR" value="土耳其，土耳其" />
  <string key="uk-UA" value="乌克兰语，乌克兰" />
  <string key="ur-PK" value="乌尔都语，巴基斯坦伊斯兰共和国" />
  <string key="uz-Cyrl-UZ" value="乌兹别克语，西里尔乌兹别克斯坦" />
  <string key="uz-Latn-UZ" value="乌兹别克语，拉丁语乌兹别克斯坦" />
  <string key="vi-VN" value="越南，越南" />
  <string key="cy-GB" value="威尔士，英国" />
  <string key="xh-ZA" value="科萨语，南非" />
  <string key="zu-ZA" value="祖鲁人，南非" />
  <string key="gsw-FR" value="阿尔萨斯，法国" />
  <string key="am-ET" value="阿姆哈拉语，埃塞俄比亚" />
  <string key="as-IN" value="阿萨姆语，印度" />
  <string key="ba-RU" value="巴什基尔，俄罗斯" />
  <string key="bn-BD" value="孟加拉语，孟加拉国" />
  <string key="bn-IN" value="孟加拉，印度" />
  <string key="br-FR" value="布雷顿，法国" />
  <string key="co-FR" value="科西嘉，法国" />
  <string key="prs-AF" value="达日，阿富汗" />
  <string key="en-IN" value="英国，印度" />
  <string key="en-MY" value="英国，马来西亚" />
  <string key="en-SG" value="英国，新加坡" />
  <string key="ha-Latn-NG" value="豪萨（拉丁）（尼日利亚）" />
  <string key="ig-NG" value="伊格博，尼日利亚" />
  <string key="iu-Cans-CA" value="因纽特语，加拿大" />
  <string key="km-KH" value="高棉语，柬埔寨" />
  <string key="qut-GT" value="K'iche，危地马拉" />
  <string key="rw-RW" value="基尼亚卢旺达，卢旺达" />
  <string key="lo-LA" value="老挝，老挝P.D.R." />
  <string key="dsb-DE" value="下索布语，德国" />
  <string key="ml-IN" value="马拉雅拉姆语，印度" />
  <string key="mn-Mong-CN" value="蒙古语（传统蒙古）（中华人民共和国）" />
  <string key="ne-NP" value="尼泊尔，尼泊尔" />
  <string key="oc-FR" value="奥克语，法国" />
  <string key="or-IN" value="Oriya，印度" />
  <string key="ps-AF" value="普什图语，阿富汗" />
  <string key="nso-ZA" value="塞索托语山Leboa，南非" />
  <string key="si-LK" value="僧伽罗语，斯里兰卡" />
  <string key="es-US" value="西班牙，美国" />
  <string key="tg-Cyrl-TJ" value="塔吉克语（西里尔文）（塔吉克斯坦）" />
  <string key="tzm-Latn-DZ" value="塔马塞特文（拉丁）（阿尔及利亚）" />
  <string key="bo-CN" value="西藏，中华人民共和国" />
  <string key="tk-TM" value="土库曼土库曼斯坦" />
  <string key="ug-CN" value="维吾尔族，中华人民共和国" />
  <string key="hsb-DE" value="上索布语，德国" />
  <string key="wo-SN" value="沃洛夫语，塞内加尔" />
  <string key="sah-RU" value="雅库特，俄罗斯" />
  <string key="ii-CN" value="易，中华人民共和国" />
  <string key="yo-NG" value="约鲁巴，尼日利亚" />
</strings>