﻿<?xml version="1.0" encoding="utf-8"?>
<strings>
  <string key="DeleteStep1.FieldGroupLabel" value="删除可视化函数？" />
  <string key="DeleteStep1.Text" value="你确定要删除所选的函数？" />
  <string key="AddNew.DialogLabel" value="添加可视化函数" />
  <string key="AddNew.NoTypesExistsErrorTitle" value="没有可视化的数据类型" />
  <string key="AddNew.NoTypesExistsErrorMessage" value="尚没有数据类型建立。您必须首先创建一个数据类型，然后才能创建一个可视化函数。" />
  <string key="AddNew.NoDataExistsErrorTitle" value="没有数据可视化与预览" />
  <string key="AddNew.NoDataExistsErrorMessage" value="必须存在数据才能创建一个渲染。添加一些这种类型的数据，然后再试一次。" />
  <string key="AddNew.NoPageTemplatesExistsErrorTitle" value="没有模板" />
  <string key="AddNew.NoPageTemplatesExistsErrorMessage" value="必须至少有一个模板存在才能创建函数。请先创建一个模板，然后再试一次。" />
  <string key="AddNew.MissingActiveLanguageTitle" value="需要一个语言" />
  <string key="AddNew.MissingActiveLanguageMessage" value="要创建一个可视化函数，必须要一个语言，但还没有增加一个语言。您可以&quot;系统&quot;控制台增加一个。" />
  <string key="AddNewStep1.FieldGroupLabel" value="选择数据类型来可视化" />
  <string key="AddNewStep1.TypeSelectorLabel" value="数据类型" />
  <string key="AddNewStep1.TypeSelectorHelp" value="-" />
  <string key="AddNewStep2.FieldGroupLabel" value="命名可视化函数" />
  <string key="AddNewStep2.FuncitonNameLabel" value="函数名" />
  <string key="AddNewStep2.FuncitonNameHelp" value="-" />
  <string key="AddNewStep2.FuncitonNamespaceLabel" value="函数命名空间" />
  <string key="AddNewStep2.FuncitonNamespaceHelp" value="-" />
  <string key="Edit.PlaceHolderLabel" value="可视化函数设置" />
  <string key="Edit.HeadingTitel" value="可视化函数" />
  <string key="Edit.FieldGroupLabel" value="可视化函数设置" />
  <string key="Edit.FunctionNameLabel" value="函数名" />
  <string key="Edit.FunctionNameHelp" value="函数的名称。名称必须在一个命名空间内保持唯一。" />
  <string key="Edit.FunctionNamespaceLabel" value="函数命名空间" />
  <string key="Edit.FunctionNamespaceHelp" value="这个函数属于某一个'功能包'。" />
  <string key="Edit.FunctionDescriptionLabel" value="说明" />
  <string key="Edit.FunctionDescriptionHelp" value="一个函数的描述，有助于人们了解它的功能。" />
  <string key="Edit.ItemListLenghtLabel" value="项目列表的长度" />
  <string key="Edit.ItemListLenghtHelp" value="要显示项目的最大数量" />
  <string key="Edit.ItemSortingLabel" value="项目排序" />
  <string key="Edit.ItemSortingHelp" value="选择要使用哪个字段列表进行排序。使用'（随机）'以从列表中随机挑选。" />
  <string key="Edit.ListSortingLabel" value="列表的排序顺序" />
  <string key="Edit.ListSortingTrueLabel" value="升序" />
  <string key="Edit.ListSortingFalseLabel" value="递减" />
  <string key="Edit.ListSortingHelp" value="选择排序顺序。递增顺序是按字母顺序，时间顺序。当前是'（随机）'排序时此字段被忽略。" />
  <string key="Edit.PreviewTemplateLabel" value="预览模板" />
  <string key="Edit.PreviewTemplateHelp" value="此信息只用于预览功能。" />
  <string key="Edit.WYSIWYGLayoutLabel" value="可视化布局" />
  <string key="Edit.LabelPreview" value="预览" />
  <string key="Edit.NoPageTemplatesExistsErrorTitle" value="没有模板" />
  <string key="Edit.NoPageTemplatesExistsErrorMessage" value="必须至少有一个模板存在，才能编辑函数。请先创建一个模板，然后再试一次。" />
  <string key="Edit.MissingActiveLanguageTitle" value="需要一个语言" />
  <string key="Edit.MissingActiveLanguageMessage" value="编辑可视化函数时必需要一种语言，但还没有增加任何语言。您可以添加在&quot;系统&quot;控制台增加一个然后再试。" />
  <string key="Select.FieldGroupLabel" value="选择可视化函数" />
  <string key="Select.FunctionFunctionsLabel" value="选择一个函数" />
  <string key="Select.FunctionFunctionsHelp" value="选择要编辑或删除的可视化函数" />
  <string key="AddVisualFunctionWorkflow.FunctionNameValidatoinErrorMessage" value="另一个与此名称相同的函数已存在。名称必须是唯一的。" />
  <string key="EditVisualFunctionWorkflow.FunctionNameValidatoinErrorMessage" value="另一个与此名称相同的函数已存在。名称必须是唯一的。" />
  <string key="VisualFunctionElementProvider.RootFolderLabel" value="可视化函数" />
  <string key="VisualFunctionElementProvider.RootFolderToolTip" value="可视化函数" />
  <string key="VisualFunctionElementProvider.AddNewLabel" value="添加可视化函数" />
  <string key="VisualFunctionElementProvider.AddNewToolTip" value="添加一个新可视化函数" />
  <string key="VisualFunctionElementProvider.EditLabel" value="编辑可视化函数" />
  <string key="VisualFunctionElementProvider.EditToolTip" value="编辑可视化函数" />
  <string key="VisualFunctionElementProvider.DeleteLabel" value="删除可视化函数" />
  <string key="VisualFunctionElementProvider.DeleteToolTip" value="删除可视化函数" />
  <string key="VisualFunctionElementProvider.FunctionNameNotUniqueError" value="另一个与此名称相同的函数已存在。名称必须是唯一的。" />
  <string key="VisualFunctionElementProviderHelper.AddNewLabel" value="新的可视化函数" />
  <string key="VisualFunctionElementProviderHelper.AddNewToolTip" value="新的可视化函数" />
  <string key="VisualFunctionElementProviderHelper.EditLabel" value="编辑可视化函数" />
  <string key="VisualFunctionElementProviderHelper.EditToolTip" value="编辑可视化函数" />
  <string key="VisualFunctionElementProviderHelper.DeleteLabel" value="删除可视化函数" />
  <string key="VisualFunctionElementProviderHelper.DeleteToolTip" value="删除可视化函数" />
</strings>