<?xml version="1.0" encoding="utf-8" ?>
<strings>
	<string key="SendToDraft" value="发送到草稿" />
	<string key="SendToDraftToolTip" value="-" />
	<string key="Publish" value="发布" />
	<string key="PublishToolTip" value="发布到网站" />
	<string key="Unpublish" value="取消发布" />
	<string key="UnpublishToolTip" value="设为草稿状态和删除已发布的版本" />
	<string key="SendForApproval" value="发送审批" />
	<string key="SendForApprovalToolTip" value="发送审批" />
	<string key="SendForPublication" value="提交发布" />
	<string key="SendForPublicationToolTip" value="提交发布" />
	<string key="UndoPublishedChanges" value="撤消更改" />
	<string key="UndoPublishedChangesToolTip" value="撤消未发布的修改" />
	<string key="ValidationErrorTitle" value="行动不可能" />
	<string key="ValidationErrorMessage" value="数据没有验证以下错误：" />	
</strings>