<?xml version="1.0" encoding="utf-8"?>
<strings>
	<string key="Composite.AspNet.LoadUserControl.description" value="加载一个ASP.NET用户控件" />
	<string key="Composite.AspNet.LoadUserControl.param.Path.help" value="用户控件.ascx文件的路径。如“〜/Controls/ MyControl.ascx”" />
	<string key="Composite.AspNet.LoadUserControl.param.Path.label" value="路径" />
	<string key="Composite.Constant.Boolean.description" value="让您指定布尔常量值" />
	<string key="Composite.Constant.Boolean.param.Constant.help" value="-" />
	<string key="Composite.Constant.Boolean.param.Constant.label" value="值" />
	<string key="Composite.Constant.DateTime.description" value="让您指定日期和时间常量值" />
	<string key="Composite.Constant.DateTime.param.Constant.help" value="-" />
	<string key="Composite.Constant.DateTime.param.Constant.label" value="值" />
	<string key="Composite.Constant.Decimal.description" value="让您指定十进制常量值" />
	<string key="Composite.Constant.Decimal.param.Constant.help" value="-" />
	<string key="Composite.Constant.Decimal.param.Constant.label" value="值" />
	<string key="Composite.Constant.Guid.description" value="让您指定Guid常量值" />
	<string key="Composite.Constant.Guid.param.Constant.help" value="-" />
	<string key="Composite.Constant.Guid.param.Constant.label" value="值" />
	<string key="Composite.Constant.Integer.description" value="让您指定常量整型值" />
	<string key="Composite.Constant.Integer.param.Constant.help" value="-" />
	<string key="Composite.Constant.Integer.param.Constant.label" value="值" />
	<string key="Composite.Constant.String.description" value="让您指定常量字符串值" />
	<string key="Composite.Constant.String.param.Constant.help" value="-" />
	<string key="Composite.Constant.String.param.Constant.label" value="值" />
	<string key="Composite.Constant.XhtmlDocument.description" value="让您可视化指定一个XHTML文档常量" />
	<string key="Composite.Constant.XhtmlDocument.param.Constant.help" value="-" />
	<string key="Composite.Constant.XhtmlDocument.param.Constant.label" value="值" />

	<string key="Composite.IDataGenerated.AddDataInstance.description" value="添加一个给定类型的新实例。" />
	<string key="Composite.IDataGenerated.UpdateDataInstance.description" value="更新实例（s）与给定值。" />
	<string key="Composite.IDataGenerated.UpdateDataInstance.param.Filter.help" value="-" />
	<string key="Composite.IDataGenerated.UpdateDataInstance.param.Filter.label" value="过滤器" />
	<string key="Composite.IDataGenerated.DeleteDataInstance.description" value="删除给定的过滤器实例。" />
	<string key="Composite.IDataGenerated.DeleteDataInstance.param.Filter.help" value="-" />
	<string key="Composite.IDataGenerated.DeleteDataInstance.param.Filter.label" value="过滤器" />
	<string key="Composite.IDataGenerated.GetDataReference.description" value="创建一个基于键值(key value)的DataReference" />
	<string key="Composite.IDataGenerated.GetDataReference.param.KeyValue.help" value="引用数据的键值(key value)" />
	<string key="Composite.IDataGenerated.GetDataReference.param.KeyValue.label" value="Key值" />
	<string key="Composite.IDataGenerated.GetNullableDataReference.description" value="基于一个key value创建一个NullableDataReference。默认值是'空'，无引用。" />
	<string key="Composite.IDataGenerated.GetNullableDataReference.param.KeyValue.help" value="引用数据的key value。" />
	<string key="Composite.IDataGenerated.GetNullableDataReference.param.KeyValue.label" value="Key值" />

	<string key="Composite.IDataGenerated.Filter.DataReferenceFilter.description" value="转换DataReference成一个单一元素过滤器。该过滤器将选择最大的一个项目。" />
	<string key="Composite.IDataGenerated.Filter.DataReferenceFilter.param.DataReference.help" value="选择数据时使用数据引用。" />
	<string key="Composite.IDataGenerated.Filter.DataReferenceFilter.param.DataReference.label" value="数据引用" />
	<string key="Composite.IDataGenerated.Filter.ActivePageReferenceFilter.description" value="让你选择引用到当前呈现页面的数据。" />
	<string key="Composite.IDataGenerated.Filter.ActivePageReferenceFilter.param.SitemapScope.help" value="选择您想要检索数据的当前页面必须具有什么关系。" />
	<string key="Composite.IDataGenerated.Filter.ActivePageReferenceFilter.param.SitemapScope.label" value="页面范围" />
	<string key="Composite.IDataGenerated.Filter.CompoundFilter.description" value="结合其他两个过滤器定义一个“和(and)”或“或(or)”查询。" />
	<string key="Composite.IDataGenerated.Filter.CompoundFilter.param.IsAndQuery.label" value="和(and)/或(or)过滤器" />
	<string key="Composite.IDataGenerated.Filter.CompoundFilter.param.IsAndQuery.help" value="如果您选择&quot;和(and)，则过滤器被应用到两个数据。选择“或(or)”则只会将过滤器应用到其中一个数据。" />
	<string key="Composite.IDataGenerated.Filter.CompoundFilter.param.Left.help" value="这两个过滤器之一（最先评估）" />
	<string key="Composite.IDataGenerated.Filter.CompoundFilter.param.Left.label" value="左过滤器" />
	<string key="Composite.IDataGenerated.Filter.CompoundFilter.param.Right.help" value="这两个过滤器之一（最后评估）" />
	<string key="Composite.IDataGenerated.Filter.CompoundFilter.param.Right.label" value="右过滤器" />
	<string key="Composite.IDataGenerated.Filter.FieldPredicatesFilter.description" value="让您通过指定的个别字段条件对数据的过滤器。如果您设置多个字段的条件，他们也能执行（和查询）。" />
	<string key="Composite.IDataGenerated.GetXml.description" value="检索以XML形式表示的数据。" />
	<string key="Composite.IDataGenerated.GetXml.param.ElementName.label" value="元素名称" />
	<string key="Composite.IDataGenerated.GetXml.param.ElementNamespace.label" value="元素的命名空间" />
	<string key="Composite.IDataGenerated.GetXml.param.Filter.help" value="-" />
	<string key="Composite.IDataGenerated.GetXml.param.Filter.label" value="过滤器" />
	<string key="Composite.IDataGenerated.GetXml.param.IncludePagingInfo.help" value="When selected the data XML will be preceded by a &lt;PagingInfo /&gt; element detailing number of pages, items and more." />
	<string key="Composite.IDataGenerated.GetXml.param.IncludePagingInfo.label" value="包括分页信息" />
	<string key="Composite.IDataGenerated.GetXml.param.OrderByField.help" value="数据排序字段依据" />
	<string key="Composite.IDataGenerated.GetXml.param.OrderByField.label" value="排序" />
	<string key="Composite.IDataGenerated.GetXml.param.OrderAscending.help" value="当设置为true值时结果为升序，否则为降序。默认为升序。" />
	<string key="Composite.IDataGenerated.GetXml.param.OrderAscending.label" value="升序" />
	<string key="Composite.IDataGenerated.GetXml.param.PageNumber.help" value="如果数据元素的数量超过页面大小你可以使用分页移动到其他页面。" />
	<string key="Composite.IDataGenerated.GetXml.param.PageNumber.label" value="页码" />
	<string key="Composite.IDataGenerated.GetXml.param.PageSize.help" value="在一个页面上显示返回的项目数量" />
	<string key="Composite.IDataGenerated.GetXml.param.PageSize.label" value="页面大小" />
	<string key="Composite.IDataGenerated.GetXml.param.PropertyNames.help" value="数据字段输出为XML。使用更少的字段可以产生更快的显示效率。" />
	<string key="Composite.IDataGenerated.GetXml.param.PropertyNames.label" value="选定的字段" />
	<string key="Composite.IDataGenerated.GetXml.param.ShowReferencesInline.help" value="如果在“已选择属性”中包含引用数据，你可以使用此选项来控制怎样包含引用数据。 '内联（inline)'易于使用，但可能会导致数据膨胀而超出XML文档的大小。" />
	<string key="Composite.IDataGenerated.GetXml.param.ShowReferencesInline.label" value="显示内嵌引用数据" />
	<string key="Composite.IDataGenerated.GetXml.param.Randomized.help" value="当为true时数据能随机排列，使用&quot;Page Size&quot;指定您想要的随机结果数量。如果指定了一个过滤器，当随机选择之前会应用它。如果指定了&quot;Order by&quot;值，您将需要指定一个较低的&quot;Page Size&quot;值或者随机值将会失效。" />
	<string key="Composite.IDataGenerated.GetXml.param.Randomized.label" value="随机" />
	<string key="Composite.IDataGenerated.GetXml.param.CachePriority.help" value="如果检测XML结果已被缓存，这些缓存的记录应该有优先级。" />
	<string key="Composite.IDataGenerated.GetXml.param.CachePriority.label" value="缓存优先级" />
	<string key="Composite.Pages.GetPageId.description" value="获取当前页面或相对于当前页的ID。" />
	<string key="Composite.Pages.GetPageId.param.SitemapScope.help" value="从哪些网页获得ID。默认是从当前页面。" />
	<string key="Composite.Pages.GetPageId.param.SitemapScope.label" value="关联页面" />
	<string key="Composite.Pages.QuickSitemap.description" value="快速和原始的XHTML网站地图。" />
	<string key="Composite.Pages.SitemapXml.description" value="part of a page rendering XML elements representing the current and ancestor pages will be appended the attributes isopen=”true” and iscurrent=”true”" />
	<string key="Composite.Pages.SitemapXml.param.SourcePage.label" value="源页" />
	<string key="Composite.Pages.SitemapXml.param.SourcePage.help" value="By default the source page is the page currently being rendered. Specify a value if you want to get sitemap information relative to another page. The source page controls how page elements are annotated with 'isopen' and 'iscurrent' and is the starting point when calculating the page scope." />
	<string key="Composite.Pages.SitemapXml.param.SitemapScope.label" value="页面范围" />
	<string key="Composite.Pages.SitemapXml.param.SitemapScope.help" value="从站点地图中提取页面的范围。默认的是'所有页面'。你可以使用这个参数来完成提取结构的任务。" />
	<string key="Composite.Pages.GetForeignPageInfo.description" value="获取关于当前页面的所有语言的信息。" />

	<string key="Composite.Utils.Caching.PageObjectCache.description" value="定义一个的缓存区'围绕一个函数调用或标记（通常包含函数调用）。此功能可用于提高页面缓存区的显示性能。在'Object Cache ID'的值应该对于缓存的内容是唯一的。" />
	<string key="Composite.Utils.Caching.PageObjectCache.param.ObjectToCache.label" value="对象缓存" />
	<string key="Composite.Utils.Caching.PageObjectCache.param.ObjectToCache.help" value="你希望缓存什么 - 这可以是一个函数调用或包含一个或多个函数调用的标签区。" />
	<string key="Composite.Utils.Caching.PageObjectCache.param.ObjectCacheId.label" value="唯一的缓存号" />
	<string key="Composite.Utils.Caching.PageObjectCache.param.ObjectCacheId.help" value="给缓存的内容指定一个唯一的ID。此值是用于与页范围结合而定义的一个唯一缓存键值。" />
	<string key="Composite.Utils.Caching.PageObjectCache.param.SitemapScope.label" value="页面范围" />
	<string key="Composite.Utils.Caching.PageObjectCache.param.SitemapScope.help" value="页面范围的缓存数据应该共享。默认情况下，页面范围是'本网站'，但你可以更改为指定页面缓存和其它。" />
	<string key="Composite.Utils.Caching.PageObjectCache.param.SecondsToCache.label" value="缓存持续时间（秒）" />
	<string key="Composite.Utils.Caching.PageObjectCache.param.SecondsToCache.help" value="缓存对象将被重用的秒数。默认为1分钟（60秒）。" />
	<string key="Composite.Utils.Caching.PageObjectCache.param.LanguageSpecific.label" value="特定语言" />
	<string key="Composite.Utils.Caching.PageObjectCache.param.LanguageSpecific.help" value="选择缓存对象是否在每种网站语言之间保持唯一或者在语言之间共享。" />

	<string key="Composite.Utils.Compare.AreEqual.description" value="AreEqual" />
	<string key="Composite.Utils.Compare.AreEqual.param.ValueA.help" value="比较两个对象是否相等。如果两个对象是相等的则返回True。" />
	<string key="Composite.Utils.Compare.AreEqual.param.ValueA.label" value="A值进行比较。" />
	<string key="Composite.Utils.Compare.AreEqual.param.ValueB.help" value="-" />
	<string key="Composite.Utils.Compare.AreEqual.param.ValueB.label" value="B值进行比较。" />
	<string key="Composite.Utils.Compare.IsLessThan.description" value="-" />
	<string key="Composite.Utils.Compare.IsLessThan.param.ValueA.help" value="-" />
	<string key="Composite.Utils.Compare.IsLessThan.param.ValueA.label" value="A值进行比较。" />
	<string key="Composite.Utils.Compare.IsLessThan.param.ValueB.help" value="-" />
	<string key="Composite.Utils.Compare.IsLessThan.param.ValueB.label" value="-B值进行比较。" />
	<string key="Composite.Utils.Configuration.AppSettingsValue.description" value="从应用程序中读取一个配置文件（web.config或app.config的）字符串" />
	<string key="Composite.Utils.Configuration.AppSettingsValue.param.KeyName.help" value="-" />
	<string key="Composite.Utils.Configuration.AppSettingsValue.param.KeyName.label" value="键名称" />
	<string key="Composite.Utils.Date.AddDays.description" value="在当前日期上新增一个天数获得一个新的日期。" />
	<string key="Composite.Utils.Date.AddDays.param.DaysToAdd.help" value="在当前日期上加上一个正数或负数的天数。" />
	<string key="Composite.Utils.Date.AddDays.param.DaysToAdd.label" value="增加天数" />
	<string key="Composite.Utils.Date.Now.description" value="当前日期和时间" />
	<string key="Composite.Utils.GetInputParameter.description" value="Returns an input parameter from executing function context. Use this in developing to copy an input value to a new function call." />
	<string key="Composite.Utils.GetInputParameter.param.InputParameterName.help" value="指定一个您想在这里使用的输入参数的名称。" />
	<string key="Composite.Utils.GetInputParameter.param.InputParameterName.label" value="参数名称" />

	<string key="Composite.Utils.ParseStringToObject.description" value="将字符串解析成一个对象。对象的类型取决于接收者。使用此功能提供一个DateTime参数值，将使系统将此字符串解析为DateTime。" />
	<string key="Composite.Utils.ParseStringToObject.param.StringToParse.help" value="指定要解析的字符串。请注意，此字符串必须能以一种途径格式化成能转换为预期的对象类型。" />
	<string key="Composite.Utils.ParseStringToObject.param.StringToParse.label" value="要解析的字符串" />

	<string key="Composite.Utils.Guid.NewGuid.description" value="返回一个新的随机的GUID。" />
	<string key="Composite.Utils.Globalization.AllCultures.description" value="一个所有语言文化的列表" />
	<string key="Composite.Utils.Globalization.CurrentCulture.description" value="当前用户/请求的语言文化。" />
	<string key="Composite.Utils.Integer.Sum.description" value="从一个整数列表返回SUM" />
	<string key="Composite.Utils.Integer.Sum.param.Ints.help" value="-" />
	<string key="Composite.Utils.Integer.Sum.param.Ints.label" value="整数列表" />
	<string key="Composite.Utils.Predicates.BoolEquals.description" value="检查一个布尔值是真还是假。" />
	<string key="Composite.Utils.Predicates.BoolEquals.param.Value.help" value="-" />
	<string key="Composite.Utils.Predicates.BoolEquals.param.Value.label" value="比较的值" />
	<string key="Composite.Utils.Predicates.DateTimeEquals.description" value="检查一个日期是否等于某一个值" />
	<string key="Composite.Utils.Predicates.DateTimeEquals.param.Value.help" value="-" />
	<string key="Composite.Utils.Predicates.DateTimeEquals.param.Value.label" value="比较的值" />
	<string key="Composite.Utils.Predicates.DateTimeGreaterThan.description" value="检查一个日期是 否大于某一个值" />
	<string key="Composite.Utils.Predicates.DateTimeGreaterThan.param.Value.help" value="-" />
	<string key="Composite.Utils.Predicates.DateTimeGreaterThan.param.Value.label" value="比较的值" />
	<string key="Composite.Utils.Predicates.DateTimeLessThan.description" value="检查一个日期是否超过某一个值" />
	<string key="Composite.Utils.Predicates.DateTimeLessThan.param.Value.help" value="-" />
	<string key="Composite.Utils.Predicates.DateTimeLessThan.param.Value.label" value="比较的值" />
	<string key="Composite.Utils.Predicates.DecimalEquals.description" value="检查一个数值是否包含某个值" />
	<string key="Composite.Utils.Predicates.DecimalEquals.param.Value.help" value="-" />
	<string key="Composite.Utils.Predicates.DecimalEquals.param.Value.label" value="比较的值" />
	<string key="Composite.Utils.Predicates.DecimalGreaterThan.description" value="检查一个数值是否大于某一个值" />
	<string key="Composite.Utils.Predicates.DecimalGreaterThan.param.Value.help" value="-" />
	<string key="Composite.Utils.Predicates.DecimalGreaterThan.param.Value.label" value="比较的值" />
	<string key="Composite.Utils.Predicates.DecimalLessThan.description" value="检查一个数值是否小于某一个值" />
	<string key="Composite.Utils.Predicates.DecimalLessThan.param.Value.help" value="-" />
	<string key="Composite.Utils.Predicates.DecimalLessThan.param.Value.label" value="比较的值" />
	<string key="Composite.Utils.Predicates.GuidEquals.description" value="检查一个Guid值是否等于某值" />
	<string key="Composite.Utils.Predicates.GuidEquals.param.Value.help" value="-" />
	<string key="Composite.Utils.Predicates.GuidEquals.param.Value.label" value="比较的值" />

	<string key="Composite.Utils.Predicates.GuidInCommaSeparatedList.description" value="检查一个Guid值是否存在于一个以逗号分隔的列表中" />
	<string key="Composite.Utils.Predicates.GuidInCommaSeparatedList.param.CommaSeparatedGuids.label" value="GUID列表" />
	<string key="Composite.Utils.Predicates.GuidInCommaSeparatedList.param.CommaSeparatedGuids.help" value="一个字符串包含零个或多个以逗号分隔的GUID" />

	<string key="Composite.Utils.Predicates.StringInCommaSeparatedList.description" value="检查一个字符串字段是否匹配一个以逗号分隔的字符串列表" />
	<string key="Composite.Utils.Predicates.StringInCommaSeparatedList.param.CommaSeparatedSearchTerms.label" value="搜寻字词" />
	<string key="Composite.Utils.Predicates.StringInCommaSeparatedList.param.CommaSeparatedSearchTerms.help" value="一个字符串包含以逗号分隔的搜索关键字。如'C1,cms,linq'" />
	<string key="Composite.Utils.Predicates.StringInCommaSeparatedList.param.IgnoreCase.label" value="忽略大小写" />
	<string key="Composite.Utils.Predicates.StringInCommaSeparatedList.param.IgnoreCase.help" value="当为'假(false)'时，词的大小写必须完全匹配。默认是'真(true)'，不区分大小写。" />

	<string key="Composite.Utils.Predicates.StringInList.description" value="检查一个字符串字段是否匹配所提供的列表中的一个字符串" />
	<string key="Composite.Utils.Predicates.StringInList.param.SearchTerms.label" value="搜寻词" />
	<string key="Composite.Utils.Predicates.StringInList.param.SearchTerms.help" value="一个字符串列表不匹配已搜索字符串字段。" />
	<string key="Composite.Utils.Predicates.StringInList.param.IgnoreCase.label" value="忽略大小写" />
	<string key="Composite.Utils.Predicates.StringInList.param.IgnoreCase.help" value="当为'假(false)'时，大小写必须完全匹配。默认是'真(true)'，不区分大小写。" />


	<string key="Composite.Utils.Predicates.IntegerEquals.description" value="检查一个整数是否等于某一个值" />
	<string key="Composite.Utils.Predicates.IntegerEquals.param.Value.help" value="-" />
	<string key="Composite.Utils.Predicates.IntegerEquals.param.Value.label" value="比较的值" />
	<string key="Composite.Utils.Predicates.IntegerGreaterThan.description" value="检查一个整数是否大于某一值" />
	<string key="Composite.Utils.Predicates.IntegerGreaterThan.param.Value.help" value="-" />
	<string key="Composite.Utils.Predicates.IntegerGreaterThan.param.Value.label" value="比较的值" />
	<string key="Composite.Utils.Predicates.IntegerLessThan.description" value="检查一个整数是否小于某值" />
	<string key="Composite.Utils.Predicates.IntegerLessThan.param.Value.help" value="-" />
	<string key="Composite.Utils.Predicates.IntegerLessThan.param.Value.label" value="比较的值" />
	<string key="Composite.Utils.Predicates.StringContains.description" value="检查字符串是否包含某值" />
	<string key="Composite.Utils.Predicates.StringContains.param.Value.help" value="-" />
	<string key="Composite.Utils.Predicates.StringContains.param.Value.label" value="比较的值" />
	<string key="Composite.Utils.Predicates.StringEndsWith.description" value="检查一个字符串是否以某一特定值作为结尾" />
	<string key="Composite.Utils.Predicates.StringEndsWith.param.Value.help" value="-" />
	<string key="Composite.Utils.Predicates.StringEndsWith.param.Value.label" value="比较的值" />
	<string key="Composite.Utils.Predicates.StringEquals.description" value="检查字符串是否等于某值" />
	<string key="Composite.Utils.Predicates.StringEquals.param.Value.help" value="-" />
	<string key="Composite.Utils.Predicates.StringEquals.param.Value.label" value="比较的值" />
	<string key="Composite.Utils.Predicates.StringStartsWith.description" value="检查一个字符串是否以某一特定值作为开始" />
	<string key="Composite.Utils.Predicates.StringStartsWith.param.Value.help" value="-" />
	<string key="Composite.Utils.Predicates.StringStartsWith.param.Value.label" value="比较的值" />
	<string key="Composite.Utils.Predicates.NullableGuidEquals.description" value="检查一个Guid是否等于某特定值" />
	<string key="Composite.Utils.Predicates.NullableGuidEquals.param.Value.help" value="-" />
	<string key="Composite.Utils.Predicates.NullableGuidEquals.param.Value.label" value="比较的值" />
	<string key="Composite.Utils.Predicates.NullableGuidNoValue.description" value="检查一个可为空的Guid是否没有值" />
	<string key="Composite.Utils.Predicates.NullableIntegerEquals.description" value="检查一个整数是否等于某一特定值" />
	<string key="Composite.Utils.Predicates.NullableIntegerEquals.param.Value.help" value="-" />
	<string key="Composite.Utils.Predicates.NullableIntegerEquals.param.Value.label" value="比较的值" />
	<string key="Composite.Utils.Predicates.NullableIntegerNoValue.description" value="检查一个可为空的整数型是否没有值" />
	<string key="Composite.Utils.Predicates.StringNoValue.description" value="检查一个字符串是否有值" />
	<string key="Composite.Utils.Predicates.NullableBoolEquals.description" value="检查一个布尔型是真值还是假值。" />
	<string key="Composite.Utils.Predicates.NullableBoolEquals.param.Value.help" value="-" />
	<string key="Composite.Utils.Predicates.NullableBoolEquals.param.Value.label" value="比较的值" />
	<string key="Composite.Utils.Predicates.NullableBoolNoValue.description" value="检查一个可为空的布尔型是否有值" />
	<string key="Composite.Utils.Predicates.NullableDateTimeEquals.description" value="检查日期是否等于某一特定值" />
	<string key="Composite.Utils.Predicates.NullableDateTimeEquals.param.Value.help" value="-" />
	<string key="Composite.Utils.Predicates.NullableDateTimeEquals.param.Value.label" value="比较的值" />
	<string key="Composite.Utils.Predicates.NullableDateTimeGreaterThan.description" value="检查日期是否大于某一特定值" />
	<string key="Composite.Utils.Predicates.NullableDateTimeGreaterThan.param.Value.help" value="-" />
	<string key="Composite.Utils.Predicates.NullableDateTimeGreaterThan.param.Value.label" value="比较的值" />
	<string key="Composite.Utils.Predicates.NullableDateTimeLessThan.description" value="检查一个日期是否小于某个特定值" />
	<string key="Composite.Utils.Predicates.NullableDateTimeLessThan.param.Value.help" value="-" />
	<string key="Composite.Utils.Predicates.NullableDateTimeLessThan.param.Value.label" value="比较的值" />
	<string key="Composite.Utils.Predicates.NullableDateTimeNoValue.description" value="检查一个可空的日期是否有值" />
	<string key="Composite.Utils.Predicates.NullableDecimalEquals.description" value="检查一个数值是否包含某值" />
	<string key="Composite.Utils.Predicates.NullableDecimalEquals.param.Value.help" value="-" />
	<string key="Composite.Utils.Predicates.NullableDecimalEquals.param.Value.label" value="比较的值" />
	<string key="Composite.Utils.Predicates.NullableDecimalNoValue.description" value="检查一个可空的数值型是否有值" />

	<string key="Composite.Utils.String.Join.description" value="将字符串列表连接成一个字符串" />
	<string key="Composite.Utils.String.Join.param.Separator.help" value="插入到字符串之间的分隔符。" />
	<string key="Composite.Utils.String.Join.param.Separator.label" value="分隔符" />
	<string key="Composite.Utils.String.Join.param.Strings.help" value="该字符串列表加入" />
	<string key="Composite.Utils.String.Join.param.Strings.label" value="连接字符串" />
	<string key="Composite.Utils.String.JoinTwo.description" value="将两个字符串连接成一个" />
	<string key="Composite.Utils.String.JoinTwo.param.StringA.help" value="先放置字符串" />
	<string key="Composite.Utils.String.JoinTwo.param.StringA.label" value="字符串A" />
	<string key="Composite.Utils.String.JoinTwo.param.StringB.help" value="最后放置字符串" />
	<string key="Composite.Utils.String.JoinTwo.param.StringB.label" value="字符串B" />
	<string key="Composite.Utils.String.JoinTwo.param.Separator.help" value="插入到字符串A与字符串B之间的字符串分隔符，默认没有分隔符。" />
	<string key="Composite.Utils.String.JoinTwo.param.Separator.label" value="分隔符" />
	<string key="Composite.Utils.String.Split.description" value="将一个字符串分割成一个字符串列表" />
	<string key="Composite.Utils.String.Split.param.Separator.help" value="将字符串分割成字符串列表时使用的分隔符。默认为逗号(&quot;,&quot;)" />
	<string key="Composite.Utils.String.Split.param.Separator.label" value="分隔符" />
	<string key="Composite.Utils.String.Split.param.String.help" value="想要分割成列表的字符串" />
	<string key="Composite.Utils.String.Split.param.String.label" value="要分割的字符串" />
	<string key="Composite.Utils.Validation.DateTimeNotNullValidation.description" value="-" />
	<string key="Composite.Utils.Validation.DecimalNotNullValidation.description" value="-" />
	<string key="Composite.Utils.Validation.DecimalPrecisionValidation.description" value="验证数字的精度（用户指定的小数位数）" />
	<string key="Composite.Utils.Validation.DecimalPrecisionValidation.param.MaxDigits.help" value="十进制数值允许的最大位数" />
	<string key="Composite.Utils.Validation.DecimalPrecisionValidation.param.MaxDigits.label" value="数值的最大小数位数" />
	<string key="Composite.Utils.Validation.GuidNotNullValidation.description" value="-" />
	<string key="Composite.Utils.Validation.Int32NotNullValidation.description" value="-" />
	<string key="Composite.Utils.Validation.IntegerRangeValidation.description" value="验证是不是在一定范围内的整数" />
	<string key="Composite.Utils.Validation.IntegerRangeValidation.param.max.help" value="在字段允许的最大数字。" />
	<string key="Composite.Utils.Validation.IntegerRangeValidation.param.max.label" value="最大数字" />
	<string key="Composite.Utils.Validation.IntegerRangeValidation.param.min.help" value="此字段允许的最小数字。" />
	<string key="Composite.Utils.Validation.IntegerRangeValidation.param.min.label" value="最小数字" />
	<string key="Composite.Utils.Validation.RegularExpressionValidation.description" value="验证一个字符串符合指定的正则表达式" />
	<string key="Composite.Utils.Validation.RegularExpressionValidation.param.pattern.help" value="使用正则表达式模式" />
	<string key="Composite.Utils.Validation.RegularExpressionValidation.param.pattern.label" value="正则表达式" />
	<string key="Composite.Utils.Validation.StringLengthValidation.description" value="验证了一个字符串的长度是在指定范围内" />
	<string key="Composite.Utils.Validation.StringLengthValidation.param.max.help" value="-" />
	<string key="Composite.Utils.Validation.StringLengthValidation.param.max.label" value="最大长度" />
	<string key="Composite.Utils.Validation.StringLengthValidation.param.min.help" value="-" />
	<string key="Composite.Utils.Validation.StringLengthValidation.param.min.label" value="最小长度" />
	<string key="Composite.Utils.Validation.StringNotNullValidation.description" value="-" />
	<string key="Composite.Web.Client.BrowserPlatform.description" value="-" />
	<string key="Composite.Web.Client.BrowserString.description" value="-" />
	<string key="Composite.Web.Client.BrowserType.description" value="-" />
	<string key="Composite.Web.Client.BrowserVersion.description" value="-" />
	<string key="Composite.Web.Client.EcmaScriptVersion.description" value="-" />
	<string key="Composite.Web.Client.IsCrawler.description" value="确定当前请求是否是一个爬虫（搜索引擎）。" />
	<string key="Composite.Web.Client.IsMobileDevice.description" value="确定当前请求是否来自于一个移动设备。" />
	<string key="Composite.Web.Html.Template.CommonMetaTags.description" value="您可能想在HTML的head中增加&#xD;meta标签" />
	<string key="Composite.Web.Html.Template.CommonMetaTags.param.ContentType.label" value="内容类型" />
	<string key="Composite.Web.Html.Template.CommonMetaTags.param.ContentType.help" value="默认为 'text/html; charset=utf-8' 。如果你要设为其它，请覆盖之。" />
	<string key="Composite.Web.Html.Template.CommonMetaTags.param.Designer.label" value="设计师" />
	<string key="Composite.Web.Html.Template.CommonMetaTags.param.Designer.help" value="“设计师”的meta标签显示是谁设计了这个网站。默认为不放置meta标签。" />
	<string key="Composite.Web.Html.Template.CommonMetaTags.param.ShowGenerator.label" value="显示生成器" />
	<string key="Composite.Web.Html.Template.CommonMetaTags.param.ShowGenerator.help" value="向世界展示您对Composite C1 的支持 - 免费开源！" />
	<string key="Composite.Web.Html.Template.LangAttribute.description" value="在父元素中追加 lang =“（语言代码）'特性，以反映当前页面的语言。" />
	<string key="Composite.Web.Request.CookieValue.description" value="从当前用户的cookie集合获取一个值。" />
	<string key="Composite.Web.Request.CookieValue.param.CookieName.help" value="-" />
	<string key="Composite.Web.Request.CookieValue.param.CookieName.label" value="Cookie名称" />
	<string key="Composite.Web.Request.CookieValue.param.FallbackValue.help" value="如果用户没有这个cookie，使用这个字段来指定默认值。" />
	<string key="Composite.Web.Request.CookieValue.param.FallbackValue.label" value="后备值" />
	<string key="Composite.Web.Request.FormPostBoolValue.description" value="从Http的Post获取一个布尔值" />
	<string key="Composite.Web.Request.FormPostBoolValue.param.FallbackValue.help" value="-" />
	<string key="Composite.Web.Request.FormPostBoolValue.param.FallbackValue.label" value="后备值" />
	<string key="Composite.Web.Request.FormPostBoolValue.param.ParameterName.help" value="-" />
	<string key="Composite.Web.Request.FormPostBoolValue.param.ParameterName.label" value="参数名称" />
	<string key="Composite.Web.Request.FormPostDecimalValue.description" value="从HTTP的Post中获取一个数值" />
	<string key="Composite.Web.Request.FormPostDecimalValue.param.FallbackValue.help" value="-" />
	<string key="Composite.Web.Request.FormPostDecimalValue.param.FallbackValue.label" value="后备值" />
	<string key="Composite.Web.Request.FormPostDecimalValue.param.ParameterName.help" value="-" />
	<string key="Composite.Web.Request.FormPostDecimalValue.param.ParameterName.label" value="参数名称" />
	<string key="Composite.Web.Request.FormPostGuidValue.description" value="从HTTP的Post中获取一个Guid值" />
	<string key="Composite.Web.Request.FormPostGuidValue.param.FallbackValue.help" value="-" />
	<string key="Composite.Web.Request.FormPostGuidValue.param.FallbackValue.label" value="后备值" />
	<string key="Composite.Web.Request.FormPostGuidValue.param.ParameterName.help" value="-" />
	<string key="Composite.Web.Request.FormPostGuidValue.param.ParameterName.label" value="参数名称" />
	<string key="Composite.Web.Request.FormPostIntegerValue.description" value="从HTTP的Post中获取一个整数值" />
	<string key="Composite.Web.Request.FormPostIntegerValue.param.FallbackValue.help" value="-" />
	<string key="Composite.Web.Request.FormPostIntegerValue.param.FallbackValue.label" value="后备值" />
	<string key="Composite.Web.Request.FormPostIntegerValue.param.ParameterName.help" value="-" />
	<string key="Composite.Web.Request.FormPostIntegerValue.param.ParameterName.label" value="参数名称" />
	<string key="Composite.Web.Request.FormPostValue.description" value="从HTTP中的Post中获取一个字符串值" />
	<string key="Composite.Web.Request.FormPostValue.param.FallbackValue.help" value="-" />
	<string key="Composite.Web.Request.FormPostValue.param.FallbackValue.label" value="后备值" />
	<string key="Composite.Web.Request.FormPostValue.param.ParameterName.help" value="-" />
	<string key="Composite.Web.Request.FormPostValue.param.ParameterName.label" value="参数名称" />
	<string key="Composite.Web.Request.FormPostXmlFormattedDateTimeValue.description" value="从HTTP的Post中日期和时间值。传入的日期字符串预期为XML格式（如“2003 - 09 - 26T13：30:00”）" />
	<string key="Composite.Web.Request.FormPostXmlFormattedDateTimeValue.param.FallbackValue.help" value="此值用于确定post时是否没有包含指定的参数名称" />
	<string key="Composite.Web.Request.FormPostXmlFormattedDateTimeValue.param.FallbackValue.label" value="后备值" />
	<string key="Composite.Web.Request.FormPostXmlFormattedDateTimeValue.param.ParameterName.help" value="-" />
	<string key="Composite.Web.Request.FormPostXmlFormattedDateTimeValue.param.ParameterName.label" value="参数名称" />
	<string key="Composite.Web.Request.QueryStringBoolValue.description" value="从URL获取一个布尔值参数（HTTP的GET）" />
	<string key="Composite.Web.Request.QueryStringBoolValue.param.FallbackValue.help" value="-" />
	<string key="Composite.Web.Request.QueryStringBoolValue.param.FallbackValue.label" value="后备值" />
	<string key="Composite.Web.Request.QueryStringBoolValue.param.ParameterName.help" value="-" />
	<string key="Composite.Web.Request.QueryStringBoolValue.param.ParameterName.label" value="参数名称" />
	<string key="Composite.Web.Request.QueryStringDecimalValue.description" value="-从URL获取参数的十进制值（HTTP的GET）" />
	<string key="Composite.Web.Request.QueryStringDecimalValue.param.FallbackValue.help" value="-" />
	<string key="Composite.Web.Request.QueryStringDecimalValue.param.FallbackValue.label" value="后备值" />
	<string key="Composite.Web.Request.QueryStringDecimalValue.param.ParameterName.help" value="-" />
	<string key="Composite.Web.Request.QueryStringDecimalValue.param.ParameterName.label" value="参数名称" />
	<string key="Composite.Web.Request.QueryStringGuidValue.description" value="从URL获取参数的Guid值（HTTP的GET）" />
	<string key="Composite.Web.Request.QueryStringGuidValue.param.FallbackValue.help" value="-" />
	<string key="Composite.Web.Request.QueryStringGuidValue.param.FallbackValue.label" value="后备值" />
	<string key="Composite.Web.Request.QueryStringGuidValue.param.ParameterName.help" value="-" />
	<string key="Composite.Web.Request.QueryStringGuidValue.param.ParameterName.label" value="参数名称" />
	<string key="Composite.Web.Request.QueryStringIntegerValue.description" value="从url获取整数值参数（HTTP的GET）" />
	<string key="Composite.Web.Request.QueryStringIntegerValue.param.FallbackValue.help" value="-" />
	<string key="Composite.Web.Request.QueryStringIntegerValue.param.FallbackValue.label" value="后备值" />
	<string key="Composite.Web.Request.QueryStringIntegerValue.param.ParameterName.help" value="-" />
	<string key="Composite.Web.Request.QueryStringIntegerValue.param.ParameterName.label" value="参数名称" />
	<string key="Composite.Web.Request.QueryStringValue.description" value="从URL获取一个字符串值（HTTP的GET）" />
	<string key="Composite.Web.Request.QueryStringValue.param.FallbackValue.help" value="-" />
	<string key="Composite.Web.Request.QueryStringValue.param.FallbackValue.label" value="后备值" />
	<string key="Composite.Web.Request.QueryStringValue.param.ParameterName.help" value="-" />
	<string key="Composite.Web.Request.QueryStringValue.param.ParameterName.label" value="参数名称" />
	<string key="Composite.Web.Request.QueryStringXmlFormattedDateTimeValue.description" value="从URL获取一个日期和时间参数值（HTTP的GET）。传入的日期字符串预期为XML格式（如“2003 - 09 - 26T13：30:00”）" />
	<string key="Composite.Web.Request.QueryStringXmlFormattedDateTimeValue.param.FallbackValue.help" value="此值用于确定是否URL中没有包含指定的参数名称" />
	<string key="Composite.Web.Request.QueryStringXmlFormattedDateTimeValue.param.FallbackValue.label" value="后备值" />
	<string key="Composite.Web.Request.QueryStringXmlFormattedDateTimeValue.param.ParameterName.help" value="-" />
	<string key="Composite.Web.Request.QueryStringXmlFormattedDateTimeValue.param.ParameterName.label" value="参数名称" />
	<string key="Composite.Web.Request.PathInfo.description" value="通过在URL页面链接中返回其他附加信息。" />
	<string key="Composite.Web.Request.PathInfo.param.Segment.help" value="使用/（0）/（1）/（2）/ ...“格式在路径信息中检索&quot;节段&quot;。指定-1返回整个字符串。" />
	<string key="Composite.Web.Request.PathInfo.param.Segment.label" value="段" />
	<string key="Composite.Web.Request.PathInfo.param.AutoApprove.help" value="当为真时，Composite C1将接受任何路径信息的字符串。默认值是true。" />
	<string key="Composite.Web.Request.PathInfo.param.AutoApprove.label" value="自动审批" />
	<string key="Composite.Web.Request.PathInfo.param.FallbackValue.help" value="" />
	<string key="Composite.Web.Request.PathInfo.param.FallbackValue.label" value="后备值" />
	<string key="Composite.Web.Request.PathInfoInt.description" value="从PATHINFO段提取整数值。" />
	<string key="Composite.Web.Request.PathInfoInt.param.Segment.help" value="使用格式/（0）/（1）/（2）/ ...“提取路径信息的段。" />
	<string key="Composite.Web.Request.PathInfoInt.param.Segment.label" value="段" />
	<string key="Composite.Web.Request.PathInfoInt.param.AutoApprove.help" value="当为真时，Composite C1将接受任何路径信息的字符串。默认值是true。" />
	<string key="Composite.Web.Request.PathInfoInt.param.AutoApprove.label" value="自动审批" />
	<string key="Composite.Web.Request.PathInfoInt.param.FallbackValue.help" value="" />
	<string key="Composite.Web.Request.PathInfoInt.param.FallbackValue.label" value="后备值" />
	<string key="Composite.Web.Request.PathInfoGuid.description" value="从PATHINFO节段中提取一个GUID。" />
	<string key="Composite.Web.Request.PathInfoGuid.param.Segment.help" value="使用格式/（0）/（1）/（2）/ ...“提取路径信息中的节段。" />
	<string key="Composite.Web.Request.PathInfoGuid.param.Segment.label" value="段" />
	<string key="Composite.Web.Request.PathInfoGuid.param.AutoApprove.help" value="当为真时，Composite C1将接受任何路径信息的字符串。默认值是true。" />
	<string key="Composite.Web.Request.PathInfoGuid.param.AutoApprove.label" value="自动审批" />
	<string key="Composite.Web.Request.PathInfoGuid.param.FallbackValue.help" value="" />
	<string key="Composite.Web.Request.PathInfoGuid.param.FallbackValue.label" value="后备值" />
	<string key="Composite.Web.Request.RegisterPathInfoUsage.description" value="请注意PATHINFO的系统正在使用，因此，请求将不会被重定向到“页面未找到”页面。" />
	<string key="Composite.Web.Request.SessionVariable.description" value="从当前的用户会话中提取一个变量作为字符串" />
	<string key="Composite.Web.Request.SessionVariable.param.FallbackValue.help" value="此值用于确定会话变量是否没有找到。" />
	<string key="Composite.Web.Request.SessionVariable.param.FallbackValue.label" value="后备值" />
	<string key="Composite.Web.Request.SessionVariable.param.VariableName.help" value="-" />
	<string key="Composite.Web.Request.SessionVariable.param.VariableName.label" value="变量名" />
	<string key="Composite.Web.Response.Redirect.description" value="将访客重定向到另一个URL。当此函数在C1控制台里面执行时网址重定向被取消。" />
	<string key="Composite.Web.Response.Redirect.param.Url.help" value="该网址的用户将被重定向，无论是绝对地址（http://contoso.com/default.aspx）或相对地址（/ Login.aspx的））。" />
	<string key="Composite.Web.Response.Redirect.param.Url.label" value="网址" />
	<string key="Composite.Web.Response.SetCookieValue.description" value="为当前用户设置一个cookie值" />
	<string key="Composite.Web.Response.SetCookieValue.param.CookieName.help" value="要设置/覆盖的cookie名称" />
	<string key="Composite.Web.Response.SetCookieValue.param.CookieName.label" value="Cookie名称" />
	<string key="Composite.Web.Response.SetCookieValue.param.Value.help" value="要存储在cookie中的值" />
	<string key="Composite.Web.Response.SetCookieValue.param.Value.label" value="cookie的值" />
	<string key="Composite.Web.Response.SetCookieValue.param.Expires.help" value="什么时候cookie会过期。默认值是'会话'，即当用户关闭浏览器时。" />
	<string key="Composite.Web.Response.SetCookieValue.param.Expires.label" value="过期" />

	<string key="Composite.Web.Response.SetServerPageCacheDuration.description" value="设置当前页将共同缓存在服务器上的最大秒数。为了确保页面的响应设置最大秒数为“0”以不缓存。If multiple sources set the server cache duration, the smallest number is used. Note that the file &quot;~/Renderers/Page.aspx&quot; contains a default value for cache duration – you can edit this file to change the default." />
	<string key="Composite.Web.Response.SetServerPageCacheDuration.param.MaxSeconds.help" value="将被公共缓存的当前显示页面的最大秒数，较大值会获得最佳的性能，较低值将获得最快的更新。一个'0'值确保所有访客获得一个唯一的回应。" />
	<string key="Composite.Web.Response.SetServerPageCacheDuration.param.MaxSeconds.label" value="最大秒" />

	<string key="Composite.Web.Response.SetSessionVariable.description" value="设置为当前用户会话变量" />
	<string key="Composite.Web.Response.SetSessionVariable.param.Value.help" value="-" />
	<string key="Composite.Web.Response.SetSessionVariable.param.Value.label" value="价值" />
	<string key="Composite.Web.Response.SetSessionVariable.param.VariableName.help" value="要设置的会话变量的名称。" />
	<string key="Composite.Web.Response.SetSessionVariable.param.VariableName.label" value="变量名" />
	<string key="Composite.Web.Server.ApplicationPath.description" value="Gets the web application virtual path. Typically this is '' - the empty string, when running in the website root, but if Composite C1 is running in a sub folder this can be '/MySubfolder'. You can use this value to prefix URL's so they will work no matter is Composite C1 is running is a subfolder or not. Sample XSLT usage: &lt;img src=&quot;{/in:inputs/in:result[@name='ApplicationPath']}/images/myImage.png&quot; /&gt;" />
	<string key="Composite.Web.Server.ApplicationVariable.description" value="获取一个IIS应用程序变量" />
	<string key="Composite.Web.Server.ApplicationVariable.param.FallbackValue.help" value="该值用于应用程序变量是否位于" />
	<string key="Composite.Web.Server.ApplicationVariable.param.FallbackValue.label" value="后备值" />
	<string key="Composite.Web.Server.ApplicationVariable.param.VariableName.help" value="-" />
	<string key="Composite.Web.Server.ApplicationVariable.param.VariableName.label" value="变量名" />
	<string key="Composite.Web.Server.ServerVariable.description" value="获取一个IIS服务器变量的值" />
	<string key="Composite.Web.Server.ServerVariable.param.VariableName.help" value="获得IIS服务器变量。" />
	<string key="Composite.Web.Server.ServerVariable.param.VariableName.label" value="变量名" />
	<string key="Composite.Xml.LoadFile.description" value="加载本地XML文件给出一个相对路径" />
	<string key="Composite.Xml.LoadFile.param.RelativePath.help" value="要加载的xml文件的相对路径" />
	<string key="Composite.Xml.LoadFile.param.RelativePath.label" value="相对路径" />
	<string key="Composite.Xml.LoadXhtmlFile.description" value="加载一个本地XHTML文件获取相对路径" />
	<string key="Composite.Xml.LoadXhtmlFile.param.RelativePath.help" value="要加载的xhtml文件的相对路径" />
	<string key="Composite.Xml.LoadXhtmlFile.param.RelativePath.label" value="相对路径" />
	<string key="Composite.Xml.LoadUrl.description" value="给定一个URL加载远程XML文件" />
	<string key="Composite.Xml.LoadUrl.param.Url.help" value="-" />
	<string key="Composite.Xml.LoadUrl.param.Url.label" value="网址" />
	<string key="Composite.Xml.LoadUrl.param.CacheTime.help" value="结果将被缓存的以秒为单位。默认为0（没有缓存）。" />
	<string key="Composite.Xml.LoadUrl.param.CacheTime.label" value="缓存的秒数" />
	<string key="Composite.Xslt.Extensions.DateFormatting.description" value="提供为XSLT用于本地化的日期格式函数功能。" />
	<string key="Composite.Xslt.Extensions.Globalization.description" value="提供为XSLT用于全球化的功能。" />
	<string key="Composite.Xslt.Extensions.MarkupParser.description" value="Provides functions that parse encoded XML documents or XHTML fragments into nodes. Use this extension when you have XML or XHTML as a string and need to copy it to the output or do transformations on it." />

	<string key="Composite.Mail.SendMail.description" value="发送一封电子邮件。记住要在web.config文件中配置SMTP服务器连接。" />
	<string key="Composite.Mail.SendMail.param.From.label" value="从" />
	<string key="Composite.Mail.SendMail.param.From.help" value="发件人的地址。" />
	<string key="Composite.Mail.SendMail.param.To.label" value="到" />
	<string key="Composite.Mail.SendMail.param.To.help" value="收件人。一个逗号分隔的电子邮件地址清单。" />
	<string key="Composite.Mail.SendMail.param.Subject.label" value="主题" />
	<string key="Composite.Mail.SendMail.param.Subject.help" value="电子邮件的主题。" />
	<string key="Composite.Mail.SendMail.param.Body.label" value="正文" />
	<string key="Composite.Mail.SendMail.param.Body.help" value="电子邮件正文。" />
	<string key="Composite.Mail.SendMail.param.IsHtml.label" value="IsHtml" />
	<string key="Composite.Mail.SendMail.param.IsHtml.help" value="要发送的电子邮件是一个HTML格式还是纯文本格式。" />
	<string key="Composite.Mail.SendMail.param.CC.label" value="CC" />
	<string key="Composite.Mail.SendMail.param.CC.help" value="抄送。一个逗号分隔的其它的收件人的邮件地址列表。" />
	<string key="Composite.Mail.SendMail.param.ReplyTo.label" value="回复至" />
	<string key="Composite.Mail.SendMail.param.ReplyTo.help" value="地址应该用来回复邮件。" />
	<string key="Composite.Mail.SendMail.param.BCC.label" value="BCC" />
	<string key="Composite.Mail.SendMail.param.BCC.help" value="密件抄送。其中的收件人将收到邮件，但他们的邮件地址将从收件人的地址列表中隐藏。" />
	<string key="Composite.Mail.SendMail.param.Attachment.label" value="附件" />
	<string key="Composite.Mail.SendMail.param.Attachment.help" value="List of attached files. \n     Format it the following [{name}=]{filepath}[,{mime-type] [ | .... ].  \n     File path can be either relative or absolute path f.e. &quot;C:\someimage.jpg&quot; or &quot;/coolpicture.jpg&quot;  \n     If file path starts with &quot;Composite/&quot;, it will be recognized as a path to Composite media, f.e. 'Composite/MediaArchive:someImage.gif' \n      \n     Examples:  \n        /attachment.jpg \n       image.jpg=/attachment.jpg \n       image.jpg=/attachment.jpg,image/jpg \n       image1.jpg=/attachment1.jpg,image/jpg|image2.jpg=/attachment2.jpg,image/jpg" />

	<string key="Composite.Mail.SendMail.param.AttachmentFromMedia.label" value="从媒体库中附加" />
	<string key="Composite.Mail.SendMail.param.AttachmentFromMedia.help" value="文件从媒体库被附加。" />

	<string key="Composite.Data.Types.IImageFile.MediaFolderFilter.description" value="通过它的文件夹路径过滤图像" />
	<string key="Composite.Data.Types.IImageFile.MediaFolderFilter.param.MediaFolder.label" value="媒体文件夹" />
	<string key="Composite.Data.Types.IImageFile.MediaFolderFilter.param.MediaFolder.help" value="一个到媒体文件夹的引用" />
	<string key="Composite.Data.Types.IImageFile.MediaFolderFilter.param.IncludeSubfolders.label" value="包括子文件夹" />
	<string key="Composite.Data.Types.IImageFile.MediaFolderFilter.param.IncludeSubfolders.help" value="确定是否包括子文件夹内的媒体文件" />

	<string key="Composite.Data.Types.IMediaFile.MediaFolderFilter.description" value="通过它的文件夹路径过滤图像" />
	<string key="Composite.Data.Types.IMediaFile.MediaFolderFilter.param.MediaFolder.label" value="媒体文件夹" />
	<string key="Composite.Data.Types.IMediaFile.MediaFolderFilter.param.MediaFolder.help" value="一个到媒体文件夹的引用" />
	<string key="Composite.Data.Types.IMediaFile.MediaFolderFilter.param.IncludeSubfolders.label" value="包括子文件夹" />
	<string key="Composite.Data.Types.IMediaFile.MediaFolderFilter.param.IncludeSubfolders.help" value="确定是否包括子文件夹内的媒体文件" />

  <string key="Composite.Utils.Dictionary.XElementsToDictionary.description" value="使用为键值命名的特性将enumerable类型的XElements转换为Dictionary类型。" />
  <string key="Composite.Utils.Dictionary.XElementsToDictionary.param.XElements.label" value="XElements" />
  <string key="Composite.Utils.Dictionary.XElementsToDictionary.param.XElements.help" value="一个将被用来创建一个Dictionary型的XElements枚举型。" />
  <string key="Composite.Utils.Dictionary.XElementsToDictionary.param.KeyAttributeName.label" value="Key属性名称" />
  <string key="Composite.Utils.Dictionary.XElementsToDictionary.param.KeyAttributeName.help" value="The name of the attribute on each XElement which value will be used for keys in the dictionary." />
  <string key="Composite.Utils.Dictionary.XElementsToDictionary.param.ValueAttributeName.label" value="值属性名称" />
  <string key="Composite.Utils.Dictionary.XElementsToDictionary.param.ValueAttributeName.help" value="The name of the attribute on each XElement which value will be used for values in the dictionary." />

  <string key="Composite.Utils.Dictionary.EnumerableToDictionary.description" value="Converts an enumerable of objects to a Dictionary using named property names for keys and values." />
  <string key="Composite.Utils.Dictionary.EnumerableToDictionary.param.Elements.label" value="对象" />
  <string key="Composite.Utils.Dictionary.EnumerableToDictionary.param.Elements.help" value="An enumerable of objects that will be used to create a dictionary from." />
  <string key="Composite.Utils.Dictionary.EnumerableToDictionary.param.KeyPropertyName.label" value="关键属性名称" />
  <string key="Composite.Utils.Dictionary.EnumerableToDictionary.param.KeyPropertyName.help" value="An enumerable of objects that will be used to create a dictionary from." />
  <string key="Composite.Utils.Dictionary.EnumerableToDictionary.param.ValuePropertyName.label" value="值的属性名称" />
  <string key="Composite.Utils.Dictionary.EnumerableToDictionary.param.ValuePropertyName.help" value="The name of the property on each object which value will be used for values in the dictionary." />
</strings>
