<?xml version="1.0" standalone="yes"?>
<mi:PackageInstaller xmlns:mi="http://www.composite.net/ns/management/packageinstaller/1.0">
	<mi:PackageRequirements minimumCompositeVersion="3.0.4301.29449" maximumCompositeVersion="9.9999.9999.9999" />
	<mi:PackageInformation name="Composite.Tools.SqlServerDataProvider" groupName="Composite.Tools" readMoreUrl="http://docs.composite.net/Composite.Tools.SqlServerDataProvider" version="1.0.12" author="Composite A/S" website="http://composite.net/" id="c2ab3d31-d7c4-4ce2-9710-954ff6da903e" canBeUninstalled="false" systemLocking="hard" flushOnCompletion="false" reloadConsoleOnCompletion="true">
		<Description>Migrates a website’s data store from XML files to an SQL Server database.</Description>
		<TechnicalDetails>Migrates a website’s data store from XML files to an SQL Server database. Because of data logic captured in .NET LINQ, the migration is seamless and requires no code changes.</TechnicalDetails>
	</mi:PackageInformation>
	<mi:PackageFragmentInstallerBinaries />
	<mi:PackageFragmentInstallers>
		<mi:Add installerType="Composite.Core.PackageSystem.PackageFragmentInstallers.FilePackageFragmentInstaller, Composite" uninstallerType="Composite.Core.PackageSystem.PackageFragmentInstallers.FilePackageFragmentUninstaller, Composite">
			<Files>
				<File sourceFilename="~\App_Data\Composite\TreeDefinitions\Composite.Tools.SqlServerDataProvider.xml" targetFilename="~\App_Data\Composite\TreeDefinitions\Composite.Tools.SqlServerDataProvider.xml" allowOverwrite="true" />
			</Files>
			<Directories>
				<Directory sourceDirectory="~\Composite\InstalledPackages\content\views\Composite.Tools.SqlServerDataProvider\" targetDirectory="~\Composite\InstalledPackages\content\views\Composite.Tools.SqlServerDataProvider\" allowOverwrite="true" deleteTargetDirectory="false" />
			</Directories>
		</mi:Add>
		<mi:Add installerType="Composite.Core.PackageSystem.PackageFragmentInstallers.DataPackageFragmentInstaller, Composite" uninstallerType="Composite.Core.PackageSystem.PackageFragmentInstallers.DataPackageFragmentUninstaller, Composite">
			<Types />
		</mi:Add>
	</mi:PackageFragmentInstallers>
</mi:PackageInstaller>