<?xml version="1.0" standalone="yes"?>
<mi:PackageInstaller xmlns:mi="http://www.composite.net/ns/management/packageinstaller/1.0">
  <mi:PackageRequirements minimumCompositeVersion="4.2.5249.21154" maximumCompositeVersion="9.9999.9999.9999" />
  <mi:PackageInformation name="Composite.Community.EventCalendar.DefaultContent" groupName="Composite.Community.EventCalendar" version="1.0.0" author="Composite A/S" website="http://composite.net" readMoreUrl="http://composite.net" id="427177f0-07db-4fda-9f03-5f79b4a640bf" canBeUninstalled="true" systemLocking="hard" flushOnCompletion="true">
    <TechnicalDetails>Page with events data items</TechnicalDetails>
    <Description>Page with events data items</Description>
  </mi:PackageInformation>
  <mi:PackageFragmentInstallerBinaries />
  <mi:PackageFragmentInstallers>
    <mi:Add installerType="Composite.Core.PackageSystem.PackageFragmentInstallers.DataPackageFragmentInstaller, Composite" uninstallerType="Composite.Core.PackageSystem.PackageFragmentInstallers.DataPackageFragmentUninstaller, Composite">
      <Types>
        <Type type="Composite.Data.Types.IPageStructure,Composite">
          <Data dataScopeIdentifier="public" dataFilename="~\Datas\Composite.Data.Types.IPageStructures_public.xml" />
        </Type>
        <Type type="Composite.Data.Types.IPage,Composite">
          <Data dataScopeIdentifier="administrated" locale="?" dataFilename="~\Datas\Composite.Data.Types.IPages_administrated.xml" />
        </Type>
        <Type type="Composite.Data.Types.IPage,Composite">
          <Data dataScopeIdentifier="public" locale="?" dataFilename="~\Datas\Composite.Data.Types.IPages_public.xml" />
        </Type>
        <Type type="Composite.Data.Types.IPagePlaceholderContent,Composite">
          <Data dataScopeIdentifier="administrated" locale="?" dataFilename="~\Datas\Composite.Data.Types.IPagePlaceholderContents_administrated.xml" />
        </Type>
        <Type type="Composite.Data.Types.IPagePlaceholderContent,Composite">
          <Data dataScopeIdentifier="public" locale="?" dataFilename="~\Datas\Composite.Data.Types.IPagePlaceholderContents_public.xml" />
        </Type>
        <Type type="Composite.Data.Types.IDataItemTreeAttachmentPoint,Composite">
          <Data dataScopeIdentifier="public" dataFilename="~\Datas\Composite.Data.Types.IDataItemTreeAttachmentPoints_public.xml" />
        </Type>
        <Type type="Composite.Community.EventCalendar.Event">
          <Data dataScopeIdentifier="public" locale="?" dataFilename="~\Datas\Composite.Community.EventCalendar.Events_public.xml" />
        </Type>
        <Type type="Composite.Community.EventCalendar.Event">
          <Data dataScopeIdentifier="administrated" locale="?" dataFilename="~\Datas\Composite.Community.EventCalendar.Events_administrated.xml" />
        </Type>
      </Types>
    </mi:Add>
  </mi:PackageFragmentInstallers>
</mi:PackageInstaller>