<?xml version="1.0" standalone="yes"?>
<mi:PackageInstaller xmlns:mi="http://www.composite.net/ns/management/packageinstaller/1.0">
	<mi:PackageRequirements minimumCompositeVersion="4.0.0.0" maximumCompositeVersion="9.9999.9999.9999" />
	<mi:PackageInformation name="Composite.Community.Facebook.LikeBox" groupName="Composite.Community" version="1.0.4" author="Composite A/S" website="http://composite.net" readMoreUrl="http://docs.composite.net/Composite.Community.Facebook.LikeBox" id="68806560-fd02-4d2d-895f-9cea1df5c190" canBeUninstalled="true" systemLocking="hard" flushOnCompletion="false">
		<Description>Adds the Facebook Like Box to a web page to present recent posts from the Facebook Page, display  how many people and which friends liked the Page and allow likes in place without visiting the Page.</Description>
		<TechnicalDetails>Adds the Facebook Like Box to a web page to present recent posts from the Facebook Page, display how many people and which friends liked the Page and allow likes in place without visiting the Page.</TechnicalDetails>
	</mi:PackageInformation>
	<mi:PackageFragmentInstallerBinaries />
  <mi:PackageFragmentInstallers>
    <mi:Add installerType="Composite.Core.PackageSystem.PackageFragmentInstallers.FilePackageFragmentInstaller, Composite" uninstallerType="Composite.Core.PackageSystem.PackageFragmentInstallers.FilePackageFragmentUninstaller, Composite">
      <Files>
        <File sourceFilename="~\App_Data/Razor/Composite/Community/Facebook/LikeBox.cshtml" targetFilename="~\App_Data/Razor/Composite/Community/Facebook/LikeBox.cshtml" allowOverwrite="false" />
      </Files>
    </mi:Add>
  </mi:PackageFragmentInstallers>
</mi:PackageInstaller>