<?xml version="1.0" standalone="yes"?>
<mi:PackageInstaller xmlns:mi="http://www.composite.net/ns/management/packageinstaller/1.0">
	<mi:PackageRequirements minimumCompositeVersion="2.0.3894.16919" maximumCompositeVersion="9.9999.9999.9999" />
	<mi:PackageInformation name="Composite.Media.ImageRotator" groupName="Composite.Media" version="1.1.4" author="Composite A/S" readMoreUrl="http://docs.composite.net/Composite.Media.ImageRotator" website="www.composite.net" id="252252E6-BC1C-477d-BCD1-6F817B8172AE" canBeUninstalled="true" systemLocking="hard" flushOnCompletion="false">
		<Description>Displays one or more random images from a media folder on a page.</Description>
		<TechnicalDetails>Implemented as XSLT function that randomly displays (rotates) images from a media folder. At least one media folder with images is required.</TechnicalDetails>
	</mi:PackageInformation>
	<mi:PackageFragmentInstallerBinaries />
	<mi:PackageFragmentInstallers>
		<mi:Add installerType="Composite.Core.PackageSystem.PackageFragmentInstallers.FilePackageFragmentInstaller, Composite" uninstallerType="Composite.Core.PackageSystem.PackageFragmentInstallers.FilePackageFragmentUninstaller, Composite">
			<Files>
				<File sourceFilename="~\App_Data\Xslt\Composite\Media\ImageRotator.xsl" targetFilename="~\App_Data\Xslt\Composite\Media\ImageRotator.xsl" allowOverwrite="false" />
			</Files>
			<Directories />
		</mi:Add>
		<mi:Add installerType="Composite.Core.PackageSystem.PackageFragmentInstallers.DataPackageFragmentInstaller, Composite" uninstallerType="Composite.Core.PackageSystem.PackageFragmentInstallers.DataPackageFragmentUninstaller, Composite">
			<Types>
				<Type type="Composite.Data.Types.INamedFunctionCall,Composite">
					<Data dataScopeIdentifier="public" dataFilename="~\Datas\Composite.Data.Types.INamedFunctionCalls_public.xml" />
				</Type>
				<Type type="Composite.Data.Types.IParameter,Composite">
					<Data dataScopeIdentifier="public" dataFilename="~\Datas\Composite.Data.Types.IParameters_public.xml" />
				</Type>
				<Type type="Composite.Data.Types.IXsltFunction,Composite">
					<Data dataScopeIdentifier="public" dataFilename="~\Datas\Composite.Data.Types.IXsltFunctions_public.xml" />
				</Type>
			</Types>
		</mi:Add>
	</mi:PackageFragmentInstallers>
</mi:PackageInstaller>