<?xml version="1.0" standalone="yes"?>
<mi:PackageInstaller xmlns:mi="http://www.composite.net/ns/management/packageinstaller/1.0">
	<mi:PackageRequirements minimumCompositeVersion="4.0.0.0" maximumCompositeVersion="9.9999.9999.9999" />
	<mi:PackageInformation name="Composite.Media.YouTube" groupName="Composite.Media" version="2.0.3" author="Composite A/S" website="www.composite.net" readMoreUrl="http://docs.composite.net/Composite.Media.YouTube" id="f19a2878-d14d-431c-8f3e-14367b553c82" canBeUninstalled="true" systemLocking="none" flushOnCompletion="false">
		<Description>Plays a YouTube video on your page using the specified video URL.</Description>
		<TechnicalDetails>Plays a YouTube video on your page using the specified video URL/</TechnicalDetails>
	</mi:PackageInformation>
	<mi:PackageFragmentInstallerBinaries />
	<mi:PackageFragmentInstallers>
		<mi:Add installerType="Composite.Core.PackageSystem.PackageFragmentInstallers.FilePackageFragmentInstaller, Composite" uninstallerType="Composite.Core.PackageSystem.PackageFragmentInstallers.FilePackageFragmentUninstaller, Composite">
      <Files>
        <File sourceFilename="~\App_Data/Razor/Composite/Media/YouTube.cshtml" targetFilename="~\App_Data/Razor/Composite/Media/YouTube.cshtml" allowOverwrite="false" />
      </Files>
		</mi:Add>
	</mi:PackageFragmentInstallers>
</mi:PackageInstaller>