<?xml version="1.0" standalone="yes"?>
<mi:PackageInstaller xmlns:mi="http://www.composite.net/ns/management/packageinstaller/1.0">
	<mi:PackageRequirements minimumCompositeVersion="5.0.0.0" maximumCompositeVersion="9.9999.9999.9999" />
	<mi:PackageInformation name="Composite.Tools.XmlBasedSiteBackup" groupName="Composite.Tools" version="1.2.9" author="Composite A/S" website="http://www.composite.net" readMoreUrl="http://docs.composite.net/Composite.Tools.XmlBasedSiteBackup" id="058add2e-35fa-466b-9b33-a3f72d4aa7a5" canBeUninstalled="true" systemLocking="hard" flushOnCompletion="false" reloadConsoleOnCompletion="true">
    <TechnicalDetails>This package allows you to back up your XML-based website.</TechnicalDetails>
    <Description>This package allows you to back up your XML-based website.</Description>
	</mi:PackageInformation>
	<mi:PackageFragmentInstallerBinaries />
	<mi:PackageFragmentInstallers>
		<mi:Add installerType="Composite.Core.PackageSystem.PackageFragmentInstallers.FilePackageFragmentInstaller, Composite" uninstallerType="Composite.Core.PackageSystem.PackageFragmentInstallers.FilePackageFragmentUninstaller, Composite">
			<Files>
				<File sourceFilename="~\App_Data\Composite\TreeDefinitions\Composite.Tools.XmlBasedSiteBackup.xml" targetFilename="~\App_Data\Composite\TreeDefinitions\Composite.Tools.XmlBasedSiteBackup.xml" allowOverwrite="false" />
			</Files>
			<Directories>
				<Directory sourceDirectory="~\Composite\InstalledPackages\content\views\Composite.Tools.XmlBasedSiteBackup\" targetDirectory="~\Composite\InstalledPackages\content\views\Composite.Tools.XmlBasedSiteBackup\" allowOverwrite="true" deleteTargetDirectory="false" />
			</Directories>
		</mi:Add>
		<mi:Add installerType="Composite.Core.PackageSystem.PackageFragmentInstallers.DataPackageFragmentInstaller, Composite" uninstallerType="Composite.Core.PackageSystem.PackageFragmentInstallers.DataPackageFragmentUninstaller, Composite">
			<Types />
		</mi:Add>
	</mi:PackageFragmentInstallers>
</mi:PackageInstaller>