<?xml version="1.0" standalone="yes"?>
<mi:PackageInstaller xmlns:mi="http://www.composite.net/ns/management/packageinstaller/1.0">
	<mi:PackageRequirements minimumCompositeVersion="5.0" maximumCompositeVersion="9.9999.9999.9999" />
	<mi:PackageInformation name="Composite.Localization.C1Console.French" groupName="Composite.Localization" version="1.1.2" author="Erik Paquet, Melanie Bergeron" website="None" readMoreUrl="http://docs.composite.net/Composite.Localization.C1Console" id="9b16ade6-3f18-4170-9bc4-365473f0828c" canBeUninstalled="true" systemLocking="hard" flushOnCompletion="true">
		<TechnicalDetails>French language pack for the console GUI</TechnicalDetails>
		<Description>French language pack for the console GUI</Description>
	</mi:PackageInformation>
	<mi:PackageFragmentInstallerBinaries />
	<mi:PackageFragmentInstallers>
		<mi:Add installerType="Composite.Core.PackageSystem.PackageFragmentInstallers.FilePackageFragmentInstaller, Composite" uninstallerType="Composite.Core.PackageSystem.PackageFragmentInstallers.FilePackageFragmentUninstaller, Composite">
			<Directories>
				<Directory sourceDirectory="~\App_Data\Composite\LanguagePacks\fr-FR\" targetDirectory="~\App_Data\Composite\LanguagePacks\fr-FR\" allowOverwrite="true" deleteTargetDirectory="false" />
			</Directories>
		</mi:Add>
	</mi:PackageFragmentInstallers>
</mi:PackageInstaller>