<?xml version="1.0" standalone="yes"?>
<mi:PackageInstaller xmlns:mi="http://www.composite.net/ns/management/packageinstaller/1.0">
	<mi:PackageRequirements minimumCompositeVersion="4.0" maximumCompositeVersion="9.9999.9999.9999" />
	<mi:PackageInformation name="Composite.Localization.C1Console.French" groupName="Composite.Localization" version="1.0.0" author="Erik Paquet" website="None" readMoreUrl="http://docs.composite.net/Composite.Localization.C1Console" id="9b16ade6-3f18-4170-9bc4-365473f0828c" canBeUninstalled="true" systemLocking="hard" flushOnCompletion="true" reloadConsoleOnCompletion="true">
		<TechnicalDetails>None</TechnicalDetails>
		<Description>French translation for :
C1 Console GUI
Extranet Package (C1 Console)
Newslettre Package (C1 Console)
FormBuilder Package (C1 Console)
Crop Image Package (C1 Console)
Package Creator Package (C1 Console)</Description>
	</mi:PackageInformation>
	<mi:PackageFragmentInstallerBinaries />
	<mi:PackageFragmentInstallers>
		<mi:Add installerType="Composite.Core.PackageSystem.PackageFragmentInstallers.FilePackageFragmentInstaller, Composite" uninstallerType="Composite.Core.PackageSystem.PackageFragmentInstallers.FilePackageFragmentUninstaller, Composite">
			<Directories>
				<Directory sourceDirectory="~\App_Data\Composite\LanguagePacks\fr-CA\" targetDirectory="~\App_Data\Composite\LanguagePacks\fr-CA\" allowOverwrite="true" deleteTargetDirectory="false" />
			</Directories>
		</mi:Add>
	</mi:PackageFragmentInstallers>
</mi:PackageInstaller>