﻿<?xml version="1.0" encoding="utf-8"?>
<Data>
  <Add XsltFunctionId="7ff3973c-d44e-4692-95f5-b1f33d433b5c" Name="MarkupParser" SerializedFunction="&lt;f:function xmlns:f=&quot;http://www.composite.net/ns/function/1.0&quot; name=&quot;Composite.Xslt.Extensions.MarkupParser&quot; /&gt;" />
  <Add XsltFunctionId="7ff3973c-d44e-4692-95f5-b1f33d433b5c" Name="GetFAQXml" SerializedFunction="&lt;f:function xmlns:f=&quot;http://www.composite.net/ns/function/1.0&quot; name=&quot;Composite.Lists.FAQ.GetFAQXml&quot;&gt;&lt;f:param name=&quot;PropertyNames&quot;&gt;&lt;f:paramelement value=&quot;Id&quot; /&gt;&lt;f:paramelement value=&quot;QuestionHeading&quot; /&gt;&lt;f:paramelement value=&quot;QuestionDetails&quot; /&gt;&lt;f:paramelement value=&quot;Answer&quot; /&gt;&lt;f:paramelement value=&quot;DateAdded&quot; /&gt;&lt;f:paramelement value=&quot;QuestionType&quot; /&gt;&lt;f:paramelement value=&quot;QuestionTarget&quot; /&gt;&lt;f:paramelement value=&quot;PublicationStatus&quot; /&gt;&lt;/f:param&gt;&lt;/f:function&gt;" />
  <Add XsltFunctionId="7ff3973c-d44e-4692-95f5-b1f33d433b5c" Name="GetPageId" SerializedFunction="&lt;f:function xmlns:f=&quot;http://www.composite.net/ns/function/1.0&quot; name=&quot;Composite.Pages.GetPageId&quot; /&gt;" />
  <Add XsltFunctionId="7ff3973c-d44e-4692-95f5-b1f33d433b5c" Name="GetFAQTargetXml" SerializedFunction="&lt;f:function xmlns:f=&quot;http://www.composite.net/ns/function/1.0&quot; name=&quot;Composite.Lists.FAQTarget.GetFAQTargetXml&quot;&gt;&lt;f:param name=&quot;PropertyNames&quot;&gt;&lt;f:paramelement value=&quot;Id&quot; /&gt;&lt;f:paramelement value=&quot;Name&quot; /&gt;&lt;f:paramelement value=&quot;PresentationPage&quot; /&gt;&lt;/f:param&gt;&lt;/f:function&gt;" />
  <Add XsltFunctionId="7ff3973c-d44e-4692-95f5-b1f33d433b5c" Name="QueryStringValue" SerializedFunction="&lt;f:function xmlns:f=&quot;http://www.composite.net/ns/function/1.0&quot; name=&quot;Composite.Web.Request.QueryStringValue&quot;&gt;&lt;f:param name=&quot;ParameterName&quot; value=&quot;q&quot; /&gt;&lt;/f:function&gt;" />
  <Add XsltFunctionId="7ff3973c-d44e-4692-95f5-b1f33d433b5c" Name="DateFormatting" SerializedFunction="&lt;f:function xmlns:f=&quot;http://www.composite.net/ns/function/1.0&quot; name=&quot;Composite.Xslt.Extensions.DateFormatting&quot; /&gt;" />
  <Add XsltFunctionId="7ff3973c-d44e-4692-95f5-b1f33d433b5c" Name="GetFAQTypeXml" SerializedFunction="&lt;f:function xmlns:f=&quot;http://www.composite.net/ns/function/1.0&quot; name=&quot;Composite.Lists.FAQType.GetFAQTypeXml&quot;&gt;&lt;f:param name=&quot;PropertyNames&quot;&gt;&lt;f:paramelement value=&quot;Id&quot; /&gt;&lt;f:paramelement value=&quot;Name&quot; /&gt;&lt;/f:param&gt;&lt;/f:function&gt;" />
  <Add XsltFunctionId="eea1d073-f54b-4ce2-a4b6-28b67a434755" Name="GetFAQTargetXml" SerializedFunction="&lt;f:function xmlns:f=&quot;http://www.composite.net/ns/function/1.0&quot; name=&quot;Composite.Lists.FAQTarget.GetFAQTargetXml&quot;&gt;&lt;f:param name=&quot;PropertyNames&quot;&gt;&lt;f:paramelement value=&quot;Id&quot; /&gt;&lt;f:paramelement value=&quot;Name&quot; /&gt;&lt;f:paramelement value=&quot;PresentationPage&quot; /&gt;&lt;/f:param&gt;&lt;/f:function&gt;" />
  <Add XsltFunctionId="eea1d073-f54b-4ce2-a4b6-28b67a434755" Name="MarkupParser" SerializedFunction="&lt;f:function xmlns:f=&quot;http://www.composite.net/ns/function/1.0&quot; name=&quot;Composite.Xslt.Extensions.MarkupParser&quot; /&gt;" />
  <Add XsltFunctionId="eea1d073-f54b-4ce2-a4b6-28b67a434755" Name="GetFAQTypeXml" SerializedFunction="&lt;f:function xmlns:f=&quot;http://www.composite.net/ns/function/1.0&quot; name=&quot;Composite.Lists.FAQType.GetFAQTypeXml&quot;&gt;&lt;f:param name=&quot;PropertyNames&quot;&gt;&lt;f:paramelement value=&quot;Id&quot; /&gt;&lt;f:paramelement value=&quot;Name&quot; /&gt;&lt;/f:param&gt;&lt;/f:function&gt;" />
  <Add XsltFunctionId="eea1d073-f54b-4ce2-a4b6-28b67a434755" Name="GetFAQXml" SerializedFunction="&lt;f:function xmlns:f=&quot;http://www.composite.net/ns/function/1.0&quot; name=&quot;Composite.Lists.FAQ.GetFAQXml&quot;&gt;&lt;f:param name=&quot;PropertyNames&quot;&gt;&lt;f:paramelement value=&quot;Id&quot; /&gt;&lt;f:paramelement value=&quot;QuestionHeading&quot; /&gt;&lt;f:paramelement value=&quot;QuestionDetails&quot; /&gt;&lt;f:paramelement value=&quot;Answer&quot; /&gt;&lt;f:paramelement value=&quot;DateAdded&quot; /&gt;&lt;f:paramelement value=&quot;QuestionType&quot; /&gt;&lt;f:paramelement value=&quot;QuestionTarget&quot; /&gt;&lt;f:paramelement value=&quot;PublicationStatus&quot; /&gt;&lt;/f:param&gt;&lt;f:param name=&quot;OrderByField&quot; value=&quot;DateAdded&quot; /&gt;&lt;/f:function&gt;" />
</Data>