﻿<?xml version="1.0" encoding="utf-8"?>
<Data>
  <Add Id="906eedc1-3f2b-47c3-b665-c961fc481270" FolderPath="/Sample images" FileName="LegoColors.jpg" Title="Lego Color Bricks by Alan Chia" Description="This photo is shared under the Creative Commons Attribution license. Please give credit to Alan Chia if you choose to use this image in public. Photo available at http://www.flickr.com/photos/seven13avenue/2080281038/in/faves-70231247@N07/" CultureInfo="en-US" MimeType="image/jpeg" Length="115718" CreationTime="2011-11-22 15:50:52Z" LastWriteTime="2011-11-22 15:50:52Z" />
  <Add Id="5db69082-5f91-4de1-af64-d274dacb7c8a" FolderPath="/Sample images" FileName="ColoursByInferis.jpg" Title="Colours by Tom &amp; Katrien" Description="This photo is shared under the Creative Commons Attribution license. Please give credit to Tom &amp; Katrien if you choose to use this image in public. Photo available at http://www.flickr.com/photos/inferis/204230216/" CultureInfo="en-US" MimeType="image/jpeg" Length="54015" CreationTime="2011-11-22 10:04:55Z" LastWriteTime="2011-11-22 15:41:42Z" />
  <Add Id="ce4a5c82-e727-44c5-9769-e890946a81fc" FolderPath="/Sample images" FileName="ColoursByellen reitman.jpg" Title="Colours by Ellen Reitman" Description="This photo is shared under the Creative Commons Attribution license. Please give credit to Ellen Reitman if you choose to use this image in public. Photo available at http://www.flickr.com/photos/spacedoutspace/4312827667/" CultureInfo="en-US" MimeType="image/jpeg" Length="355806" CreationTime="2011-11-22 10:14:34Z" LastWriteTime="2011-11-22 15:42:31Z" />
  <Add Id="98a24351-74b8-4dc3-bf97-4d4ac33ae3b5" FolderPath="/Sample images" FileName="ColouredPencil.jpg" Title="Coloured pencil by Johann Dréo" Description="This photo is shared under the Creative Commons Attribution license. Please give credit to Johann Dréo if you choose to use this image in public. Photo available at http://www.flickr.com/photos/nojhan/3391216263/" CultureInfo="en-US" MimeType="image/jpeg" Length="84874" CreationTime="2011-11-22 09:55:34Z" LastWriteTime="2011-11-22 15:43:07Z" />
  <Add Id="da01dd11-cf5a-4c68-8cb3-803918b93aeb" FolderPath="/Sample images" FileName="ColorsByFunky Tee.jpg" Title="Colors by Funky Tee" Description="This photo is shared under the Creative Commons Attribution license. Please give credit to Funky Tee if you choose to use this image in public. Photo available at http://www.flickr.com/photos/memnativ/5375548713/" CultureInfo="en-US" MimeType="image/jpeg" Length="286541" CreationTime="2011-11-22 10:10:48Z" LastWriteTime="2011-11-22 10:10:48Z" />
  <Add Id="e43b0a0b-8194-407d-83ea-68deed8f9647" FolderPath="/Sample images" FileName="Chinese 5 Color.jpg" Title="Chinese 5 Color by WxMom" Description="This photo is shared under the Creative Commons Attribution license. Please give credit to WxMom if you choose to use this image in public. Photo available at http://www.flickr.com/photos/wxmom/1342234533/" CultureInfo="en-US" MimeType="image/jpeg" Length="135337" CreationTime="2011-11-22 10:18:00Z" LastWriteTime="2011-11-22 10:18:25Z" />
  <Add Id="d4841393-2d8e-4998-bd73-6f1d4e3898d4" FolderPath="/Sample images" FileName="ColoursBypfig.jpg" Title="Colours by Pedro Figueiredo" Description="This photo is shared under the Creative Commons Attribution license. Please give credit to Pedro Figueiredo if you choose to use this image in public. Photo available at http://www.flickr.com/photos/pfig/932022/" CultureInfo="en-US" MimeType="image/jpeg" Length="162152" CreationTime="2011-11-22 10:01:22Z" LastWriteTime="2011-11-22 15:41:00Z" />
  <Add Id="8b665d4e-fe22-46e1-b7d1-189c092b5cab" FolderPath="/Sample images" FileName="ColoursOfHolding.jpg" Title="Colours of holding by HISHAM BINSUWAIF" Description="This photo is shared under the Creative Commons Attribution license. Please give credit to HISHAM BINSUWAIF if you choose to use this image in public. Photo available at http://www.flickr.com/photos/4444/352673801/" CultureInfo="en-US" MimeType="image/jpeg" Length="114225" CreationTime="2011-11-22 10:06:08Z" LastWriteTime="2011-11-22 15:40:03Z" />
  <Add Id="3be14910-88d7-4303-af42-0a7758013bf7" FolderPath="/Sample images" FileName="ColorsBypigliapost.jpg" Title="Colors by Carmelo Speltino" Description="This photo is shared under the Creative Commons Attribution license. Please give credit to Carmelo Speltino if you choose to use this image in public. Photo available at http://www.flickr.com/photos/pigliapost/238737785/" CultureInfo="en-US" MimeType="image/jpeg" Length="146483" CreationTime="2011-11-22 09:58:52Z" LastWriteTime="2011-11-22 15:43:40Z" />
  <Add Id="6fb4c70b-12a6-4522-add6-1f40828c5452" FolderPath="/Sample images" FileName="Colors of Inspiration.jpg" Title="Colors of Inspiration by CJ Sorg" Description="This photo is shared under the Creative Commons Attribution license. Please give credit to CJ Sorg if you choose to use this image in public. Photo available at http://www.flickr.com/photos/cjsorg/471972038/" CultureInfo="en-US" MimeType="image/jpeg" Length="162571" CreationTime="2011-11-22 10:08:58Z" LastWriteTime="2011-11-22 10:08:58Z" />
</Data>