<?xml version="1.0" encoding="utf-8" ?>
<strings>
	<string key="Plugins.AllFunctionsElementProvider.FunctionRootFolderLabel" value="Alla Funktioner" />
	<string key="Plugins.AllFunctionsElementProvider.FunctionRootFolderToolTip" value="Alla funktioner" />
	<string key="Plugins.AllFunctionsElementProvider.WidgetFunctionRootFolderLabel" value="Alla Widgetfunktioner" />
	<string key="Plugins.AllFunctionsElementProvider.WidgetFunctionRootFolderToolTip" value="Alla widgetfunktioner" />
	<string key="AllFunctionsElementProvider.GenerateDocumentation" value="Generera Dokumentation" />
	<string key="AllFunctionsElementProvider.GenerateDocumentationTooltip" value="Generera dokumentation för alla funktioner i denna mapp" />
  <string key="AllFunctionsElementProvider.ViewFunctionInformation" value="Information" />
  <string key="AllFunctionsElementProvider.ViewFunctionInformationTooltip" value="Visa funktionsinformation" />

  <string key="FunctionTesterWorkflow.Layout.Label" value="Test: {0}" />
  <string key="FunctionTesterWorkflow.FunctionCalls.Label" value="Funktioner" />  
  <string key="FunctionTesterWorkflow.Preview.Label" value="Resultat" />
  <string key="FunctionTesterWorkflow.Runtime.FieldGroup.Label" value="Runtime" />
  <string key="FunctionTesterWorkflow.DebugFieldGroup.Label" value="Inställningar" />
  <string key="FunctionTesterWorkflow.DebugPage.Label" value="Sida" />
  <string key="FunctionTesterWorkflow.DebugPage.Help" value="När funktionen körs kommer denna sida användas som gällande sida" />
  <string key="FunctionTesterWorkflow.DebugPageDataScope.Label" value="Dataomfattning" />
  <string key="FunctionTesterWorkflow.DebugPageDataScope.Help" value="När funktionen körs, kommer detta användas som gällande dataomfattning" />
  <string key="FunctionTesterWorkflow.DebugActiveLocale.Label" value="Språk" />
  <string key="FunctionTesterWorkflow.DebugActiveLocale.Help" value="När funktionen körs, kommer detta användas som gällande språk" />
  <string key="FunctionTesterWorkflow.AdminitrativeScope.Label" value="Administrativ" />
  <string key="FunctionTesterWorkflow.PublicScope.Label" value="Publik" />
  

  <string key="AllFunctionsElementProvider.FunctionTester.Label" value="Testa Funktion" />
  <string key="AllFunctionsElementProvider.FunctionTester.ToolTip" value="Testa funktion" />
</strings>