<?xml version="1.0" encoding="utf-8" ?>
<strings>
	<string key="LayoutLabel" value="Denna post håller för närvarande på att redigeras" />
  <string key="LockedByUsername.FieldGroupLabel" value="Information" />
  <string key="LockedByUsername.Label" value="Objektet redigeras av:" />
	<string key="LockedByUsername.Help" value="En annan användare redigerar denna post. Tryck på OK för att fortsätta eller Avbryt för att avbryta." />
	<string key="SameUserHeading.Title" value="Denna post är redan öppen för redigering" />
	<string key="SameUserHeading.Description" value="Om du öppnar samma objekt för redigering mer än en gång kan data försvinna. Tryck på OK för att fortsätta öppna posten eller Avbryt för att avbryta." />
	<string key="AnotherUserHeading.Title" value="En annan användare redigerar för närvarande denna post" />
	<string key="AnotherUserHeading.Description" value="Om posten ändras samtidigt av flera användare kan ändringar försvinna. Tryck på OK för att fortsätta eller Avbryt för att avbryta." />
</strings>