<?xml version="1.0" encoding="utf-8"?>
<strings>
  <string key="SEOAssistant" value="SEO-assistenten" />
  <string key="IntroText" value="Skapa en sid-förhandsgranskning för att beräkna SEO-indikationen." />
  <string key="TabResult" value="Resultat" />
  <string key="TabKeywords" value="Sökord" />
  <string key="NoKeywordsWarning" value="Inga nyckelord konfigurerade." />
  <string key="isInTitle" value="Nyckelord i titel" />
  <string key="isInURL" value="Nyckelord i URL" />
  <string key="isInMenuTitle" value="Nyckelord i menytitel" />
  <string key="isInDescription" value="Nyckelord i beskrivning" />
  <string key="isInHeading" value="Nyckelord i rubrik" />
  <string key="isInContent" value="Nyckelord i innehåll" />
  <string key="NoKeywords" value="Inga nyckelord" />
	<string key="IncorrectHtml" value="Det gick inte att analysera sökord eftersom uppmärkningen är inte giltigt" />
</strings>