<?xml version="1.0" encoding="utf-8"?>
<strings>
  <string key="af-ZA" value="Afrikaans, Sydafrika" />
  <string key="sq-AL" value="Albanska, Albanien" />
  <string key="ar-DZ" value="Arabiska, Algeriet" />
  <string key="ar-BH" value="Arabiska, Bahrain" />
  <string key="ar-EG" value="Arabiska, Egypten" />
  <string key="ar-IQ" value="Arabiska, Irak" />
  <string key="ar-JO" value="Arabiska, Jordanien" />
  <string key="ar-KW" value="Arabiska, Kuwait" />
  <string key="ar-LB" value="Arabiska, Libanon" />

  <string key="ar-LY" value="Arabiska, Libyen" />
  <string key="ar-MA" value="Arabiska, Marocko" />
  <string key="ar-OM" value="Arabiska, Oman" />
  <string key="ar-QA" value="Arabiska, Qatar" />
  <string key="ar-SA" value="Arabiska, Saudiarabien" />
  <string key="ar-SY" value="Arabiska, Syrien" />
  <string key="ar-TN" value="Arabiska, Tunisien" />
  <string key="ar-AE" value="Arabiska, U.A.E." />
  <string key="ar-YE" value="Arabiska, Jemen" />

  <string key="hy-AM" value="Armeniska, Armenien" />
  <string key="az-Cyrl-AZ" value="Azeriska, Kyrilliska Azerbajdzjan" />
  <string key="az-Latn-AZ" value="Azeriska, Latinska Azerbajdzjan" />
  <string key="eu-ES" value="Baskiska, Baskien" />
  <string key="be-BY" value="Vitryska, Vitryssland" />
  <string key="bs-Latn-BA" value="Bosniska, Bosnien och Hercegovina" />
  <string key="bs-Cyrl-BA" value="Bosniska (Kyrillisk) (Bosnien och Hercegovina)" />
  <string key="bg-BG" value="Bulgariska, Bulgarien" />
  <string key="ca-ES" value="Katalanska, Katalonien" />

  <string key="zh-HK" value="Kinesiska, Hong Kong S.A.R." />
  <string key="zh-MO" value="Kinesiska, Macao S.A.R." />
  <string key="zh-CN" value="Kinesiska, Folkrepubliken Kina" />
  <string key="zh-SG" value="Kinesiska, Singapore" />
  <string key="zh-TW" value="Kinesiska, Taiwan" />
  <string key="hr-BA" value="Kroatiska, Bosnien och Hercegovina" />
  <string key="hr-HR" value="Kroatiska, Kroatien" />
  <string key="cs-CZ" value="Tjeckiska, Tjeckien" />
  <string key="da-DK" value="Danska" />

  <string key="dv-MV" value="Divehi, Maldiverna" />
  <string key="nl-BE" value="Holländska, Belgien" />
  <string key="nl-NL" value="Holländska" />
  <string key="en-AU" value="Engelska, Australien" />
  <string key="en-BZ" value="Engelska, Belize" />
  <string key="en-CA" value="Engelska, Kanada" />
  <string key="en-029" value="Engelska, Karibien" />
  <string key="en-IE" value="Engelska, Irland" />
  <string key="en-JM" value="Engelska, Jamaica" />

  <string key="en-NZ" value="Engelska, Nya Zeeland" />
  <string key="en-PH" value="Engelska, Republiken Filippinerna" />
  <string key="en-ZA" value="Engelska, Sydafrika" />
  <string key="en-TT" value="Engelska, Trinidad och Tobago" />
  <string key="en-GB" value="Engelska, UK" />
  <string key="en-US" value="Engelska, US" />
  <string key="en-ZW" value="Engelska, Zimbabwe" />
  <string key="et-EE" value="Estniska, Estland" />
  <string key="fo-FO" value="Färöiska, Färöarna" />

  <string key="fil-PH" value="Filipino, Filippinerna" />
  <string key="fi-FI" value="Finska" />
  <string key="fr-BE" value="Franska, Belgien" />
  <string key="fr-CA" value="Franska, Kanada" />
  <string key="fr-FR" value="Franska" />
  <string key="fr-LU" value="Franska, Luxemburg" />
  <string key="fr-MC" value="Franska, Monaco" />
  <string key="fr-CH" value="Franska, Schweiz" />
  <string key="fy-NL" value="Frisiska, Nederländerna" />

  <string key="gd-GB" value="Gaeliska, United Kingdom" />
  <string key="gl-ES" value="Galiciska, Galicien" />
  <string key="ka-GE" value="Georgiska, Georgien" />
  <string key="de-AT" value="Tyska, Österrike" />
  <string key="de-DE" value="Tyska" />
  <string key="de-LI" value="Tyska, Liechtenstein" />
  <string key="de-LU" value="Tyska, Luxemburg" />
  <string key="de-CH" value="Tyska, Schweiz" />
  <string key="el-GR" value="Grekiska, Grekland" />
  <string key="kl-GL" value="Grönländska" />

  <string key="gu-IN" value="Gujarati, Indien" />
  <string key="he-IL" value="Hebreiska, Israel" />
  <string key="hi-IN" value="Hindi, Indien" />
  <string key="hu-HU" value="Ungerska, Ungern" />
  <string key="is-IS" value="Isländska, Island" />
  <string key="id-ID" value="Indonesiska, Indonesien" />
  <string key="iu-Latn-CA" value="Inuktitut (latin) (Kanada)" />
  <string key="ga-IE" value="Irländska, Irland" />
  <string key="it-IT" value="Italienska" />

  <string key="it-CH" value="Italienska, Schweiz" />
  <string key="ja-JP" value="Japanska, Japan" />
  <string key="kn-IN" value="Kannada, Indien" />
  <string key="kk-KZ" value="Kazakh, Kazakstan" />
  <string key="sw-KE" value="Kiswahili, Kenya" />
  <string key="kok-IN" value="Konkani, Indien" />
  <string key="ko-KR" value="Koreanska, Korea" />
  <string key="ky-KG" value="Kirgiziska, Kirgizistan" />
  <string key="lv-LV" value="Lettiska, Lettland" />

  <string key="lt-LT" value="Litauiska, Litauen" />
  <string key="lb-LU" value="Luxemburgska, Luxemburg" />
  <string key="mk-MK" value="Makedonska, fd jugoslaviska republiken Makedonien" />
  <string key="ms-BN" value="Malay, Brunei Darussalam" />
  <string key="ms-MY" value="Malay, Malaysia" />
  <string key="mt-MT" value="Maltesiska, Malta" />
  <string key="mi-NZ" value="Maori, Nya Zeeland" />
  <string key="arn-CL" value="Mapudungun, Chile" />
  <string key="mr-IN" value="Marathi, Indien" />

  <string key="moh-CA" value="Mohawk, Kanada" />
  <string key="mn-MN" value="Mongoliska, Kyrilliska Mongoliet" />
  <string key="nb-NO" value="Bokmål" />
  <string key="nn-NO" value="Norska Nynorska, Norge" />
  <string key="fa-IR" value="Persiska, Iran" />
  <string key="pl-PL" value="Polska, Polen" />
  <string key="pt-BR" value="Portugisiska, Brasilien" />
  <string key="pt-PT" value="Portugisiska, Portugal" />
  <string key="pa-IN" value="Punjabi, Indien" />

  <string key="quz-BO" value="Quechua, Bolivia" />
  <string key="quz-EC" value="Quechua, Ecuador" />
  <string key="quz-PE" value="Quechua, Peru" />
  <string key="ro-RO" value="Rumänska, Rumänien" />
  <string key="rm-CH" value="Rätoromanska, Schweiz" />
  <string key="ru-RU" value="Ryska, Ryssland" />
  <string key="smn-FI" value="Sami (Inari) (Finland)" />
  <string key="smj-NO" value="Sami (Lule) (Norge)" />
  <string key="smj-SE" value="Sami (Lule) (Sverige)" />

  <string key="se-FI" value="Sami (Norra) (Finland)" />
  <string key="se-NO" value="Sami (Norra) (Norge)" />
  <string key="se-SE" value="Sami" />
  <string key="sms-FI" value="Sami (skoltsamiska) (Finland)" />
  <string key="sma-NO" value="Sami (Södra) (Norge)" />
  <string key="sma-SE" value="Sami (Södra) (Sverige)" />
  <string key="sa-IN" value="Sanskrit, Indien" />

  <string key="sr-Cyrl-BA" value="Serbiska, Kyrilliska (Bosnien och Hercegovina)" />
  <string key="sr-Cyrl-ME" value="Serbiska, Kyrilliska (Montenegro)" />
  <string key="sr-Cyrl-CS" value="Serbiska, Kyrilliska (f.d. Serbien och Montenegro)" />
  <string key="sr-Cyrl-RS" value="Serbiska, kyrilliska (Serbien)" />
  <string key="sr-Latn-BA" value="Serbiska, Latin (Bosnien och Hercegovina)" />
  <string key="sr-Latn-ME" value="Serbiska, Latin (Montenegro)" />
  <string key="sr-Latn-CS" value="Serbiska, Latin (f.d. Serbien och Montenegro)" />
  <string key="sr-Latn-RS" value="Serbiska, Latin (Serbien)" />

  <string key="ns-ZA" value="Sesotho SA Leboa, Sydafrika" />
  <string key="tn-ZA" value="Setswana, Sydafrika" />
  <string key="sk-SK" value="Slovakiska, Slovakien" />
  <string key="sl-SI" value="Slovenska, Slovenien" />
  <string key="es-AR" value="Spanska, Argentina" />
  <string key="es-BO" value="Spanska, Bolivia" />
  <string key="es-CL" value="Spanska, Chile" />

  <string key="es-CO" value="Spanska, Colombia" />
  <string key="es-CR" value="Spanska, Costa Rica" />
  <string key="es-DO" value="Spanska, Dominikanska Republiken" />
  <string key="es-EC" value="Spanska, Ecuador" />
  <string key="es-SV" value="Spanska, El Salvador" />
  <string key="es-GT" value="Spanska, Guatemala" />
  <string key="es-HN" value="Spanska, Honduras" />
  <string key="es-MX" value="Spanska, Mexiko" />
  <string key="es-NI" value="Spanska, Nicaragua" />

  <string key="es-PA" value="Spanska, Panama" />
  <string key="es-PY" value="Spanska, Paraguay" />
  <string key="es-PE" value="Spanska, Peru" />
  <string key="es-PR" value="Spanska, Puerto Rico" />
  <string key="es-ES" value="Spanska" />
  <string key="es-UY" value="Spanska, Uruguay" />
  <string key="es-VE" value="Spanska, Venezuela" />
  <string key="sv-FI" value="Svenska, Finland" />
  <string key="sv-SE" value="Svenska" />

  <string key="syr-SY" value="Syriska, Syrien" />
  <string key="ta-IN" value="Tamil, Indien" />
  <string key="tt-RU" value="Tatar, Ryssland" />
  <string key="te-IN" value="Telugu, Indien" />
  <string key="th-TH" value="Thai, Thailand" />
  <string key="tr-TR" value="Turkiska, Turkiet" />
  <string key="uk-UA" value="Ukrainska, Ukraina" />
  <string key="ur-PK" value="Urdu, Islamiska republiken Pakistan" />
  <string key="uz-Cyrl-UZ" value="Uzbekiska, Kyrilliska Uzbekistan" />

  <string key="uz-Latn-UZ" value="Uzbekiska, Latin Uzbekistan" />
  <string key="vi-VN" value="Vietnamesiska, Vietnam" />
  <string key="cy-GB" value="Walesiska, United Kingdom" />
  <string key="xh-ZA" value="Xhosa, Sydafrika" />
  <string key="zu-ZA" value="Zulu, Sydafrika" />

  <string key="gsw-FR" value="Elsassiska, Frankrike" />
  <string key="am-ET" value="Amhariska, Etiopien" />
  <string key="as-IN" value="Assamesiska, Indien" />
  <string key="ba-RU" value="Bashkir, Ryssland" />
  <string key="bn-BD" value="Bengali, Bangladesh" />
  <string key="bn-IN" value="Bengali, Indien" />
  <string key="br-FR" value="Bretonska, Frankrike" />
  <string key="co-FR" value="Korsikanska, Frankrike" />
  <string key="prs-AF" value="Dari, Afghanistan" />
  <string key="en-IN" value="Engelska, Indien" />
  <string key="en-MY" value="Engelska, Malaysia" />
  <string key="en-SG" value="Engelska, Singapore" />
  <string key="ha-Latn-NG" value="Hausa (Latin) (Nigeria)" />
  <string key="ig-NG" value="Igbo, Nigeria" />
  <string key="iu-Cans-CA" value="Inuktitut, Kanada" />
  <string key="km-KH" value="Khmer, Kambodja" />
  <string key="qut-GT" value="K'iche, Guatemala" />
  <string key="rw-RW" value="Kinyarwanda, Rwanda" />
  <string key="lo-LA" value="Lao, Lao P.D.R." />
  <string key="dsb-DE" value="Lägre sorbiska, Tyskland" />
  <string key="ml-IN" value="Malayalam, Indien" />
  <string key="mn-Mong-CN" value="Mongoliska (traditionell mongoliska) (Folkrepubliken Kina)" />
  <string key="ne-NP" value="Nepali, Nepal" />
  <string key="oc-FR" value="Occitanska, Frankrike" />
  <string key="or-IN" value="Oriya, Indien" />
  <string key="ps-AF" value="Pashto, Afghanistan" />
  <string key="nso-ZA" value="Sesotho SA Leboa, Sydafrika" />
  <string key="si-LK" value="Singalesiska, Sri Lanka" />
  <string key="es-US" value="Spanska, United States" />
  <string key="tg-Cyrl-TJ" value="Tadzjikiska (Kyrillisk) (Tadzjikistan)" />
  <string key="tzm-Latn-DZ" value="Tamazight (Latin) (Algeriet)" />
  <string key="bo-CN" value="Tibetanska, Folkrepubliken Kina" />
  <string key="tk-TM" value="Turkmeniska, Turkmenistan" />
  <string key="ug-CN" value="Uighur, Folkrepubliken Kina" />
  <string key="hsb-DE" value="Övre sorbiska, Tyskland" />
  <string key="wo-SN" value="Wolof, Senegal" />
  <string key="sah-RU" value="Yakut, Ryssland" />
  <string key="ii-CN" value="Yi, Folkrepubliken Kina" />
  <string key="yo-NG" value="Yoruba, Nigeria" />
  
</strings>