<?xml version="1.0" encoding="utf-8" ?>
<strings>
	<string key="SendToDraft" value="Skicka till Utkast" />
	<string key="SendToDraftToolTip" value="" />
	<string key="Publish" value="Publicera" />
	<string key="PublishToolTip" value="Publicera på webbplats" />
	<string key="Unpublish" value="Avpublicera" />
	<string key="UnpublishToolTip" value="Sätt status till utkast och ta bort den publicerade versionen" />
	<string key="SendForApproval" value="Skicka för Godkännande" />
	<string key="SendForApprovalToolTip" value="Skicka för godkännande" />
	<string key="SendForPublication" value="Skicka för Publicering" />
	<string key="SendForPublicationToolTip" value="Skicka för publicering" />
	<string key="UndoPublishedChanges" value="Ångra Ändringar" />
	<string key="UndoPublishedChangesToolTip" value="Ångra opublicerade ändringar" />
	<string key="ValidationErrorTitle" value="Åtgärd Ej Utförbar" />
	<string key="ValidationErrorMessage" value="Datan kunde inte valideras enligt följande fel:" />	
</strings>