<?xml version="1.0" standalone="yes"?>
<mi:PackageInstaller xmlns:mi="http://www.composite.net/ns/management/packageinstaller/1.0">
	<mi:PackageRequirements minimumCompositeVersion="3.2.4497.24532" maximumCompositeVersion="9.9999.9999.9999" />
	<mi:PackageInformation name="Composite.Navigation.LanguageSwitcher.Razor" groupName="Composite.Navigation" version="1.0.7" author="Composite" website="http://composite.net" readMoreUrl="http://docs.composite.net/Composite.Navigation.LanguageSwitcher" id="e899e5e7-bbeb-40bd-b236-b77102718772" canBeUninstalled="true" systemLocking="none" flushOnCompletion="false">
		<Description>Razor based language switcher</Description>
		<TechnicalDetails>Razor based language switcher</TechnicalDetails>
	</mi:PackageInformation>
	<mi:PackageFragmentInstallerBinaries />
	<mi:PackageFragmentInstallers>
		<mi:Add installerType="Composite.Core.PackageSystem.PackageFragmentInstallers.FilePackageFragmentInstaller, Composite" uninstallerType="Composite.Core.PackageSystem.PackageFragmentInstallers.FilePackageFragmentUninstaller, Composite">
			<Files>
				<File sourceFilename="~\App_Data\Razor\Composite\Navigation\LanguageSwitcher.cshtml" targetFilename="~\App_Data\Razor\Composite\Navigation\LanguageSwitcher.cshtml" allowOverwrite="false" />
				<File sourceFilename="~\Frontend\Composite\Navigation\LanguageSwitcher\Styles.css" targetFilename="~\Frontend\Composite\Navigation\LanguageSwitcher\Styles.css" allowOverwrite="false" />
			</Files>
			<Directories />
		</mi:Add>
		<mi:Add installerType="Composite.Core.PackageSystem.PackageFragmentInstallers.DataPackageFragmentInstaller, Composite" uninstallerType="Composite.Core.PackageSystem.PackageFragmentInstallers.DataPackageFragmentUninstaller, Composite">
			<Types />
		</mi:Add>
	</mi:PackageFragmentInstallers>
</mi:PackageInstaller>