<?xml version="1.0" standalone="yes"?>
<mi:PackageInstaller xmlns:mi="http://www.composite.net/ns/management/packageinstaller/1.0">
	<mi:PackageRequirements minimumCompositeVersion="2.0.3947.24461" maximumCompositeVersion="2.9999.9999.9999">
	</mi:PackageRequirements>
	<mi:PackageInformation name="Composite.Feeds.RssReader" groupName="Composite.Feeds" version="1.1.3" author="Composite A/S" website="www.composite.net" id="2BF51B1C-C532-4cdf-9FF6-8A42F71D5E98" canBeUninstalled="true" systemLocking="none" flushOnCompletion="true">
		<Description>Shows on a page the latest items of a specific RSS feed.</Description>
	</mi:PackageInformation>
	<mi:PackageFragmentInstallerBinaries>
	</mi:PackageFragmentInstallerBinaries>
	<mi:PackageFragmentInstallers>
		<mi:Add installerType="Composite.Core.PackageSystem.PackageFragmentInstallers.FilePackageFragmentInstaller, Composite" uninstallerType="Composite.Core.PackageSystem.PackageFragmentInstallers.FilePackageFragmentUninstaller, Composite">
			<Files>
				<File sourceFilename="~\App_Data\Xslt\Composite\Feeds\RssReader.xsl" targetFilename="~\App_Data\Xslt\Composite\Feeds\RssReader.xsl" allowOverwrite="false" />
				<File sourceFilename="~\Frontend\Composite\Feeds\RssReader\Styles.css" targetFilename="~\Frontend\Composite\Feeds\RssReader\Styles.css" allowOverwrite="false" />
			</Files>
			<Directories />
		</mi:Add>
		<mi:Add installerType="Composite.Core.PackageSystem.PackageFragmentInstallers.DataPackageFragmentInstaller, Composite" uninstallerType="Composite.Core.PackageSystem.PackageFragmentInstallers.DataPackageFragmentUninstaller, Composite">
			<Types>
				<Type type="Composite.Data.Types.IXsltFunction, Composite">
					<Data dataScopeIdentifier="public" dataFilename="~\Datas\Composite.Data.Types.IXsltFunctions_public.xml" />
				</Type>
				<Type type="Composite.Data.Types.IParameter, Composite">
					<Data dataScopeIdentifier="public" dataFilename="~\Datas\Composite.Data.Types.IParameters_public.xml" />
				</Type>
				<Type type="Composite.Data.Types.INamedFunctionCall, Composite">
					<Data dataScopeIdentifier="public" dataFilename="~\Datas\Composite.Data.Types.INamedFunctionCalls_public.xml" />
				</Type>
			</Types>
		</mi:Add>
	</mi:PackageFragmentInstallers>
</mi:PackageInstaller>