<?xml version="1.0" encoding="utf-8"?>
<strings>
  <string key="DialogTitle" value="Functie Eigenschappen" />
  <string key="FunctionLocalNameGroupLabel" value="Function resultaat lokale naam" />
  <string key="FunctionLocalNameLabel" value="Lokale naam" />
  <string key="FunctionLocalNameHelp" value="Als u een functie meerdere malen wilt gebruiken kan dit veld u helpen bij het onderscheiden van de individuele resultaten ten opzichte van hun lokale naam." />
  <string key="ParameterValueLabel" value="Parameter Waarde" />
  <string key="AddNewFunctionDialogLabel" value="Functie selecteren" />
  <string key="SetNewFunctionDialogLabel" value="Functie selecteren" />
  <string key="ComplexFunctionCallDialogLabel" value="Waarde voor parameter {0}" />
  <string key="ParameterTypeLabel" value="Parameter Type" />
  <string key="ParameterNameLabel" value="Parameter Naam" />
  <string key="ReturnTypeLabel" value="Return type" />
  <string key="ValidationFailedAlertTitle" value="Validatie is mislukt" />
  <string key="FunctionNotFound" value="Functie &#39;{0}&#39; bestaat niet." />
  <string key="RequiredParameterNotDefined" value="Vereiste parameter &#39;{0}&#39; is niet gedefinieerd." />
  <string key="IncorrectTypeCast" value="Onjuist type cast. Parameter naam: &#39;{0}&#39;, functienaam: &#39;{1}&#39;." />
  <string key="ParameterTypeDefaultLabel" value="Standaard" />
  <string key="ParameterTypeConstantLabel" value="Constante" />
  <string key="ParameterTypeInputParameterLabel" value="Invoer Parameter" />
  <string key="ParameterTypeFunctionLabel" value="Functie" />
  <string key="AddNewButtonLabel" value="Toevoegen nieuwe" />
  <string key="DeleteButtonLabel" value="Verwijderen" />
  <string key="SetNewButtonLabel" value="Maak Nieuw" />
  <string key="ToolBar.LabelSource" value="Bron" />
  <string key="ToolBar.LabelDesign" value="Ontwerp" />
</strings>