<?xml version="1.0" encoding="utf-8"?>
<strings>
  <string key="DeleteStep1.FieldGroupLabel" value="Verwijder visual functie?" />
  <string key="DeleteStep1.Text" value="Weet u zeker dat u de geselecteerde functie wilt verwijderen?" />
  <string key="AddNew.DialogLabel" value="Voeg nieuwe visuele functie toe" />
  <string key="AddNew.NoTypesExistsErrorTitle" value="Geen datatype om te visualiseren" />
  <string key="AddNew.NoTypesExistsErrorMessage" value="Er zijn geen datatypes aangemaakt. U moet eerst een datatype aanmaken voordat u  een visualisatie kan maken." />
  <string key="AddNew.NoDataExistsErrorTitle" value="Geen data preview en visualisatie" />
  <string key="AddNew.NoDataExistsErrorMessage" value="Data moet bestaan voor het maken van een rendering. Voeg data toe aan dit type en probeer opnieuw" />
  <string key="AddNew.NoPageTemplatesExistsErrorTitle" value="Geen templates" />
  <string key="AddNew.NoPageTemplatesExistsErrorMessage" value="Op zijn minst moet 1 template bestaan voordat je een rendering kan maken. Maak een template aan en probeer opnieuw" />
  <string key="AddNew.MissingActiveLanguageTitle" value="Een taal is vereist" />
  <string key="AddNew.MissingActiveLanguageMessage" value="Om een visual functie te maken is een taal vereist, maar er zijn nog geen talen toegevoegd. Je kunt een taal toevoegen in de systeem onderdeel" />
  <string key="AddNewStep1.FieldGroupLabel" value="Selecteer datatype voor visualisatie" />
  <string key="AddNewStep1.TypeSelectorLabel" value="Datatype" />
  <string key="AddNewStep1.TypeSelectorHelp" value="" />
  <string key="AddNewStep2.FieldGroupLabel" value="Visuele functie naam" />
  <string key="AddNewStep2.FuncitonNameLabel" value="Functienaam" />
  <string key="AddNewStep2.FuncitonNameHelp" value="" />
  <string key="AddNewStep2.FuncitonNamespaceLabel" value="Functie namespace" />
  <string key="AddNewStep2.FuncitonNamespaceHelp" value="" />
  <string key="Edit.PlaceHolderLabel" value="Visuele functies instellingen" />
  <string key="Edit.HeadingTitel" value="Visuele functie" />
  <string key="Edit.FieldGroupLabel" value="Visuele functie instellingen" />
  <string key="Edit.FunctionNameLabel" value="Functie naam" />
  <string key="Edit.FunctionNameHelp" value="De naam van de functie. Namen moet uniek zijn en een namespace bevatten" />
  <string key="Edit.FunctionNamespaceLabel" value="Functie namespace" />
  <string key="Edit.FunctionNamespaceHelp" value="Het &#39;pakket&#39; waartoe deze functie behoort" />
  <string key="Edit.FunctionDescriptionLabel" value="Omschrijving" />
  <string key="Edit.FunctionDescriptionHelp" value="Een functieomschrijving help gebruikers te begrijpen wat de functie doet" />
  <string key="Edit.ItemListLenghtLabel" value="Itemlijst lengte" />
  <string key="Edit.ItemListLenghtHelp" value="Het maximum aantal items te tonen" />
  <string key="Edit.ItemSortingLabel" value="Item sortering" />
  <string key="Edit.ItemSortingHelp" value="Selecteer welk veld je gebruikt voor het sorteren van de lijst. Gebruik (willekeurig) om een willekeurig keuze te maken uit de lijst" />
  <string key="Edit.ListSortingLabel" value="Lijst sorteervolgorde" />
  <string key="Edit.ListSortingTrueLabel" value="Oplopend" />
  <string key="Edit.ListSortingFalseLabel" value="Aflopend" />
  <string key="Edit.ListSortingHelp" value="Oplopende volgorde is alfabetisch, chronologisch. Dit veld wordt genegeerd als &#39;(willekeurig)&#39; sorteren actief is." />
  <string key="Edit.PreviewTemplateLabel" value="Preview template" />
  <string key="Edit.PreviewTemplateHelp" value="Informatie wordt alleen gebruikt bij de preview van de functie" />
  <string key="Edit.WYSIWYGLayoutLabel" value="Visuele layout" />
  <string key="Edit.LabelPreview" value="Preview" />
  <string key="Edit.NoPageTemplatesExistsErrorTitle" value="Geen template" />
  <string key="Edit.NoPageTemplatesExistsErrorMessage" value="Op zijn minst 1 template moet bestaan voordat je een rendering kan wijzigen. Maak een template aan en probeer het opnieuw" />
  <string key="Edit.MissingActiveLanguageTitle" value="Een taal is vereist" />
  <string key="Edit.MissingActiveLanguageMessage" value="Om een visual functie te wijzigen een taal is vereist, maar er zijn nog geen talen toegevoegd. U kunt een taal toevoegen in het systewm onderdeel." />
  <string key="Select.FieldGroupLabel" value="Selecteer een visual functie" />
  <string key="Select.FunctionFunctionsLabel" value="Selecteer een functie" />
  <string key="Select.FunctionFunctionsHelp" value="Selecteer een visuele functie om te bewerken of te verwijderen" />
  <string key="AddVisualFunctionWorkflow.FunctionNameValidatoinErrorMessage" value="Een functie met dezelfde naam bestaat reeds. Namen moeten uniek zijn." />
  <string key="EditVisualFunctionWorkflow.FunctionNameValidatoinErrorMessage" value="Een functie met dezelfde naam bestaat reeds. Namen moeten uniek zijn." />
  <string key="VisualFunctionElementProvider.RootFolderLabel" value="Visuele functies" />
  <string key="VisualFunctionElementProvider.RootFolderToolTip" value="Visuele functies" />
  <string key="VisualFunctionElementProvider.AddNewLabel" value="Voeg een nieuwe visuele functie toe" />
  <string key="VisualFunctionElementProvider.AddNewToolTip" value="Voeg nieuwe visuele functie toe" />
  <string key="VisualFunctionElementProvider.EditLabel" value="Bewerk visuele functie" />
  <string key="VisualFunctionElementProvider.EditToolTip" value="Bewerk visuele functie" />
  <string key="VisualFunctionElementProvider.DeleteLabel" value="Verwijder visuele functie" />
  <string key="VisualFunctionElementProvider.DeleteToolTip" value="Verwijder visuele functie" />
  <string key="VisualFunctionElementProvider.FunctionNameNotUniqueError" value="Een functie met dezelfde naam bestaat reeds. Namen moeten uniek zijn." />
  <string key="VisualFunctionElementProviderHelper.AddNewLabel" value="Nieuwe visuele functie" />
  <string key="VisualFunctionElementProviderHelper.AddNewToolTip" value="Nieuwe visuele functie" />
  <string key="VisualFunctionElementProviderHelper.EditLabel" value="Bewerk visuele functie" />
  <string key="VisualFunctionElementProviderHelper.EditToolTip" value="Bewerk visuele functie" />
  <string key="VisualFunctionElementProviderHelper.DeleteLabel" value="Verwijder visuele functie" />
  <string key="VisualFunctionElementProviderHelper.DeleteToolTip" value="Verwijder visuele functie" />
</strings>