﻿<?xml version="1.0" encoding="utf-8"?>
<strings>
  <string key="DeleteStep1.FieldGroupLabel" value="Verwijder visual functie?" />
  <string key="DeleteStep1.Text" value="Ben je zeker de geselecteerde functie te verwijderen?" />
  <string key="AddNew.DialogLabel" value="Voeg nieuwe visuele functie toe" />
  <string key="AddNew.NoTypesExistsErrorTitle" value="Geen datatype om te visualiseren" />
  <string key="AddNew.NoTypesExistsErrorMessage" value="Geen datatypes zijn gemaakt. U moet eerst een datatype visualiseren voordat u  een visualisatie kan maken." />
  <string key="AddNew.NoDataExistsErrorTitle" value="Geen data preview en visualisatie" />
  <string key="AddNew.NoDataExistsErrorMessage" value="Data moet bestaan voor het maken van een rendering. Voeg data toe aan type en probeer opnieuw" />
  <string key="AddNew.NoPageTemplatesExistsErrorTitle" value="Geen templates" />
  <string key="AddNew.NoPageTemplatesExistsErrorMessage" value="Op zijn minst moet 1 template bestaan voordat je een rendering kan maken. Maak een template en probeer opnieuw" />
  <string key="AddNewStep1.FieldGroupLabel" value="Selecteer datatype voor visualisatie" />
  <string key="AddNewStep1.TypeSelectorLabel" value="Datatype" />
  <string key="AddNewStep1.TypeSelectorHelp" value="-" />
  <string key="AddNewStep2.FieldGroupLabel" value="Visuele functie naam" />
  <string key="AddNewStep2.FuncitonNameLabel" value="Functienaam" />
  <string key="AddNewStep2.FuncitonNameHelp" value="-" />
  <string key="AddNewStep2.FuncitonNamespaceLabel" value="Functie naamruimte" />
  <string key="AddNewStep2.FuncitonNamespaceHelp" value="-" />
  <string key="Edit.PlaceHolderLabel" value="Visuele functies instellingen" />
  <string key="Edit.HeadingTitel" value="Visuele functie" />
  <string key="Edit.FieldGroupLabel" value="Visuele functie instellingen" />
  <string key="Edit.FunctionNameLabel" value="Functie naam" />
  <string key="Edit.FunctionNameHelp" value="De naam van de functie. Namen moet uniek zijn en naamruimte bevatten" />
  <string key="Edit.FunctionNamespaceLabel" value="Functie naamruimte" />
  <string key="Edit.FunctionNamespaceHelp" value="De pakket functie hoort bij" />
  <string key="Edit.FunctionDescriptionLabel" value="Omschrijving" />
  <string key="Edit.FunctionDescriptionHelp" value="Functieomschrijving dat mensen helpt begrijpen wat de functie doet" />
  <string key="Edit.ItemListLenghtLabel" value="Itemlijst lengte" />
  <string key="Edit.ItemListLenghtHelp" value="Het maximum aantal item te tonen" />
  <string key="Edit.ItemSortingLabel" value="Item sortering" />
  <string key="Edit.ItemSortingHelp" value="Selecteer welk veld je gebruikt voor het sorteren van de lijst Gebruik (willekeurig) om iets willekeurig te kiezen van de lijst" />
  <string key="Edit.ListSortingLabel" value="Lijst sorteervolgorde" />
  <string key="Edit.ListSortingTrueLabel" value="Oplopend" />
  <string key="Edit.ListSortingFalseLabel" value="Aflopend" />
  <string key="Edit.ListSortingHelp" value="Oplopende volgorde is alfabetisch, chronologisch. Dit veld wordt genegeerd als' (random) 'sorteren actief is." />
  <string key="Edit.PreviewTemplateLabel" value="Preview template" />
  <string key="Edit.PreviewTemplateHelp" value="Informatie wordt alleen gebruikt bij de preview van de functie" />
  <string key="Edit.WYSIWYGLayoutLabel" value="Visuele lay out" />
  <string key="Edit.LabelPreview" value="Preview" />
  <string key="Select.FieldGroupLabel" value="Selecteer een visual functie" />
  <string key="Select.FunctionFunctionsLabel" value="Selecteer een functie" />
  <string key="Select.FunctionFunctionsHelp" value="Selecteer visuele functie om te bewerken of te verwijderen" />
  <string key="AddVisualFunctionWorkflow.FunctionNameValidatoinErrorMessage" value="Een functie met dezelfde naam bestaat reeds. Naam moet uniek zijn" />
  <string key="EditVisualFunctionWorkflow.FunctionNameValidatoinErrorMessage" value="Een functie met dezelfde naam bestaat reeds. Naam moet uniek zijn" />
  <string key="VisualFunctionElementProvider.RootFolderLabel" value="Visuele functies" />
  <string key="VisualFunctionElementProvider.RootFolderToolTip" value="Visuele functies" />
  <string key="VisualFunctionElementProvider.AddNewLabel" value="Voeg een nieuwe visuele functie toe" />
  <string key="VisualFunctionElementProvider.AddNewToolTip" value="Voeg nieuwe visuele functie toe" />
  <string key="VisualFunctionElementProvider.EditLabel" value="Bewerk visuele functie" />
  <string key="VisualFunctionElementProvider.EditToolTip" value="Bewerl visuele functie" />
  <string key="VisualFunctionElementProvider.DeleteLabel" value="Verwijder visuele functie" />
  <string key="VisualFunctionElementProvider.DeleteToolTip" value="Verwijder visuele functie" />
  <string key="VisualFunctionElementProvider.FunctionNameNotUniqueError" value="Een functie met dezelfde naam bestaat reeds. Naam moet uniek zijn" />
  <string key="VisualFunctionElementProviderHelper.AddNewLabel" value="Nieuwe visuele functie" />
  <string key="VisualFunctionElementProviderHelper.AddNewToolTip" value="Nieuwe visuele functie" />
  <string key="VisualFunctionElementProviderHelper.EditLabel" value="Bewerk visuele functie" />
  <string key="VisualFunctionElementProviderHelper.EditToolTip" value="Bewerk visuele functie" />
  <string key="VisualFunctionElementProviderHelper.DeleteLabel" value="Verwijder visuele functie" />
  <string key="VisualFunctionElementProviderHelper.DeleteToolTip" value="Verwijder visuele functie" />
  <string key="AddNew.MissingActiveLanguageTitle" value="Een taal is vereist" />
  <string key="AddNew.MissingActiveLanguageMessage" value="Om een visual functie te maken is een taal vereist, maar er zijn nog geen talen toegevoegd. Je kan een taal toevoegen in de system area" />
  <string key="Edit.NoPageTemplatesExistsErrorTitle" value="Geen template" />
  <string key="Edit.NoPageTemplatesExistsErrorMessage" value="Op zijn minst 1 template moet bestaan voordat je een rendering kan wijzigen. Maak een template en probeer het opnieuw" />
  <string key="Edit.MissingActiveLanguageTitle" value="Een taal is vereist" />
  <string key="Edit.MissingActiveLanguageMessage" value="Om een visual functie te wijzigen een taal is vereist, maar er zijn nog geen talen toegevoegd. Je kan een taal toevoegen in de system area" />
</strings>