﻿<?xml version="1.0" encoding="utf-8"?>
<strings>
  <string key="RootFolderLabel" value="C1-pakketten" />
  <string key="RootFolderToolTip" value="C1-pakketten" />
  <string key="AvailableAddOnsFolderLabel" value="Beschikbare pakketten" />
  <string key="AvailableAddOnsFolderToolTip" value="Beschikbare pakketten" />
  <string key="InstalledAddOnFolderLabel" value="Geinstalleerde pakketten" />
  <string key="InstalledAddOnFolderToolTip" value="Geinstalleerde pakketten" />
  <string key="LocalAddOnsFolderLabel" value="Lokale pakketten" />
  <string key="LocalAddOnsFolderToolTip" value="Lokale pakketten" />
  <string key="AddOnSourcesFolderLabel" value="Pakket bronnen" />
  <string key="AddOnSourcesFolderToolTip" value="Pakket bronnen" />
  <string key="ViewAvailableInformationLabel" value="Pakket info" />
  <string key="ViewAvailableInformationToolTip" value="Bekijk pakket informatie" />
  <string key="ViewInstalledInformationLabel" value="Pakket info" />
  <string key="ViewInstalledInformationToolTip" value="Bekijk pakket informatie" />
  <string key="InstallLocalAddOnLabel" value="Installeer lokaal pakket" />
  <string key="InstallLocalAddOnToolTip" value="Installeer pakket van locale bestand systeem" />
  <string key="AddAddOnSourceLabel" value="Voeg pakket bron toe" />
  <string key="AddAddOnSourceToolTip" value="Voeg pakket bron toe" />
  <string key="DeleteAddOnSourceLabel" value="Verwijder pakket bron" />
  <string key="DeleteAddOnSourceToolTip" value="Verwijder pakket bron" />
  <string key="ClearServerCacheLabel" value="Wis cache" />
  <string key="ClearServerCacheToolTip" value="Cache wissen om de nieuwste pakketten te verkrijgen" />
  <string key="ViewAvailableInformation.FieldGroupLabel" value="Pakket info" />
  <string key="ViewAvailableInformation.NameTextLabel" value="Naam" />
  <string key="ViewAvailableInformation.NameTextHelp" value="De pakketnaam" />
  <string key="ViewAvailableInformation.VersionTextLabel" value="Versie" />
  <string key="ViewAvailableInformation.VersionTextHelp" value="De pakket versie" />
  <string key="ViewAvailableInformation.DescriptionTextLabel" value="Omschrijving" />
  <string key="ViewAvailableInformation.DescriptionTextHelp" value="Pakketomschrijving" />
  <string key="ViewAvailableInformation.TechicalDescriptionTextLabel" value="Technische omschrijving" />
  <string key="ViewAvailableInformation.TechicalDescriptionTextHelp" value="De technische omschrijving van het pakket" />
  <string key="ViewAvailableInformation.AuthorTextLabel" value="Auteur" />
  <string key="ViewAvailableInformation.AuthorTextHelp" value="Auteursnaam van het pakket" />
  <string key="ViewAvailableInformation.PriceTextLabel" value="Prijs (EUR)" />
  <string key="ViewAvailableInformation.PriceTextHelp" value="Pakketprijs" />
  <string key="ViewAvailableInformation.AddOnSourceTextLabel" value="Voeg bron toe" />
  <string key="ViewAvailableInformation.AddOnSourceTextHelp" value="Pakket bron" />
  <string key="ViewAvailableInformation.Toolbar.InstallLabel" value="Installeer" />
  <string key="ViewAvailableInformation.Toolbar.ReadMoreLabel" value="Lees meer" />
  <string key="ViewAvailableInformation.ShowError.MessageTitle" value="Reeds geïnstalleerd" />
  <string key="ViewAvailableInformation.ShowError.MessageMessage" value="Pakket is reeds geïnstalleerd, kan niet het geselecteerde bestand installeren" />
  <string key="ViewAvailableInformation.ShowServerError.MessageTitle" value="Pakket server reageert niet" />
  <string key="ViewAvailableInformation.ShowServerError.MessageMessage" value="Pakket server reageert niet, neem contact op met de systeembeheerder" />
  <string key="ViewInstalledInformation.FieldGroupLabel" value="Pakket info" />
  <string key="ViewInstalledInformation.NameTextLabel" value="Pakket naam" />
  <string key="ViewInstalledInformation.NameTextHelp" value="Pakket naam" />
  <string key="ViewInstalledInformation.DateTextLabel" value="Installatie datum" />
  <string key="ViewInstalledInformation.DateTextHelp" value="De installatie datum van het pakket" />
  <string key="ViewInstalledInformation.UserTextLabel" value="Geinstalleerd door" />
  <string key="ViewInstalledInformation.UserTextHelp" value="De gebruiker die het pakket installeerde" />
  <string key="ViewInstalledInformation.Toolbar.UninstallLabel" value="Verwijder" />
  <string key="ViewInstalledInformation.ShowError.MessageTitle" value="Reeds verwijderd" />
  <string key="ViewInstalledInformation.ShowError.MessageMessage" value="Pakket is reeds verwijderd, kan niet het geselecteerde pakket verwijderen" />
  <string key="InstallRemoteAddOn.Step1.LayoutLabel" value="Installeer pakket" />
  <string key="InstallRemoteAddOn.Step1.HeadingTitle" value="Dit pakket is niet gratis" />
  <string key="InstallRemoteAddOn.Step1.HeadingDescription" value="Wij sturen u een factuur wanneer de installatie succesvol is afgerond" />
  <string key="InstallRemoteAddOn.Step2.LayoutLabel" value="Installeer pakket" />
  <string key="InstallRemoteAddOn.Step2.HeadingTitle" value="Eula" />
  <string key="InstallRemoteAddOn.Step3.LayoutLabel" value="Installeer pakket" />
  <string key="InstallRemoteAddOn.Step3.HeadingTitle" value="Download en valideer het pakket" />
  <string key="InstallRemoteAddOn.Step3.HeadingDescription" value="Pakket wordt geinstalleerd en gevalideerd. Dit duurt een paar minuten. Klik op volgende om verder te gaan." />
  <string key="InstallRemoteAddOn.Step4.LayoutLabel" value="Installeer lokaal pakket" />
  <string key="InstallRemoteAddOn.Step4.HeadingTitle" value="Klaar om te installeren" />
  <string key="InstallRemoteAddOn.Step4.HeadingDescription" value="Pakket is gereed om te installeren. Dit duurt een paar minuten. Klik op volgende om verder te gaan." />
  <string key="InstallRemoteAddOn.Step4.NonUninstallableHeadingTitle" value="Gereed om te installeren" />
  <string key="InstallRemoteAddOn.Step4.NonUninstallableHeadingDescription" value="Gereed om het pakket te installeren. Dit duurt een paar minuten. Let op dit pakket kan niet worden verwijderd.  Klik op volgende om verder te gaan" />
  <string key="InstallRemoteAddOn.Step5.LayoutLabel" value="Pakket geinstalleerd" />
  <string key="InstallRemoteAddOn.Step5.HeadingTitle" value="Pakket succesvol geinstalleerd" />
  <string key="InstallRemoteAddOn.Step5.HeadingDescription" value="Pakket succesvol geinstalleerd" />
  <string key="InstallRemoteAddOn.ShowError.LayoutLabel" value="Installatie pakket mislukt" />
  <string key="InstallRemoteAddOn.ShowError.InfoTableCaption" value="Fouten" />
  <string key="InstallRemoteAddOn.ShowError.MessageTitle" value="Boodschap" />
  <string key="InstallLocalAddOn.Step1.LayoutLabel" value="Installeer lokaal pakket" />
  <string key="InstallLocalAddOn.Step1.FieldGroupLabel" value="Installeer lokaal pakket" />
  <string key="InstallLocalAddOn.Step1.FileUploadLabel" value="Pakket bestand" />
  <string key="InstallLocalAddOn.Step1.FileUploadHelp" value="Browse naar pakketbestand" />
  <string key="InstallLocalAddOn.Step1.RestartErrorTitle" value="Server herstartte tijdens de installatie" />
  <string key="InstallLocalAddOn.Step1.RestartErrorMessage" value="Server herstartte tijdens de installatie. Installatie gestopt" />
  <string key="InstallLocalAddOn.Step2.LayoutLabel" value="Installeer lokaal pakket" />
  <string key="InstallLocalAddOn.Step2.HeadingTitle" value="Gereed om te installeren" />
  <string key="InstallLocalAddOn.Step2.HeadingDescription" value="Gereed om het pakket te installeren. Dit duurt een paar minuten.  Klik op volgende om verder te gaan." />
  <string key="InstallLocalAddOn.Step3.LayoutLabel" value="Pakket geinstalleerd" />
  <string key="InstallLocalAddOn.Step3.HeadingTitle" value="Pakket succesvol geinstalleerd" />
  <string key="InstallLocalAddOn.Step3.HeadingDescription" value="Pakket succesvol geinstalleerd" />
  <string key="InstallLocalAddOn.ShowError.LayoutLabel" value="Pakket installatie is mislukt" />
  <string key="InstallLocalAddOn.ShowError.InfoTableCaption" value="Fouten" />
  <string key="InstallLocalAddOn.ShowError.MessageTitle" value="Boodschap" />
  <string key="UninstallRemoteAddOn.Step1.LayoutLabel" value="Verwijder pakket" />
  <string key="UninstallRemoteAddOn.Step1.HeadingTitle" value="Gereed om verwijderingsprocedure te controleren" />
  <string key="UninstallRemoteAddOn.Step1.HeadingDescription" value="Gereed voor controle op het verwijderde pakket. Klik op volgende om verder te gaan." />
  <string key="UninstallRemoteAddOn.Step2.LayoutLabel" value="Verwijder pakket" />
  <string key="UninstallRemoteAddOn.Step2.HeadingTitle" value="Gereed voor verwijderen" />
  <string key="UninstallRemoteAddOn.Step2.HeadingDescription" value="Gereed om pakket te verwijderen. Dit duurt een paar minuten.  Klik op volgende om verder te gaan." />
  <string key="UninstallRemoteAddOn.Step3.LayoutLabel" value="Pakket verwijdert" />
  <string key="UninstallRemoteAddOn.Step3.HeadingTitle" value="Pakket succesvol verwijderd" />
  <string key="UninstallRemoteAddOn.Step3.HeadingDescription" value="Pakket succesvol verwijderd" />
  <string key="UninstallRemoteAddOn.ShowError.LayoutLabel" value="Pakket verwijdering is mislukt" />
  <string key="UninstallRemoteAddOn.ShowError.InfoTableCaption" value="Fouten" />
  <string key="UninstallRemoteAddOn.ShowError.MessageTitle" value="Boodschap" />
  <string key="UninstallRemoteAddOn.ShowUnregistre.LayoutLabel" value="Verwijder pakket" />
  <string key="UninstallRemoteAddOn.ShowUnregistre.HeadingTitle" value="Registratie van verwijdering is mislukt" />
  <string key="UninstallRemoteAddOn.ShowUnregistre.HeadingDescription" value="Registratie van verwijderingsproces is mislukt. Neem contact op met pakketleverancier voor handmatige registratieverwijdering" />
  <string key="UninstallLocalAddOn.Step1.LayoutLabel" value="Verwijder lokaal pakket" />
  <string key="UninstallLocalAddOn.Step1.HeadingTitle" value="Gereed om het verwijdersproces te controleren" />
  <string key="UninstallLocalAddOn.Step1.HeadingDescription" value="Gereed voor controle van het verwijderingsproces van pakket. Klik volgende om verder te gaan." />
  <string key="UninstallLocalAddOn.Step2.LayoutLabel" value="Verwijder lokaal pakket" />
  <string key="UninstallLocalAddOn.Step2.HeadingTitle" value="Gereed voor verwijdering" />
  <string key="UninstallLocalAddOn.Step2.HeadingDescription" value="Gereed om pakket te verwijderen. Dit duurt een paar minuten.  Klik op volgende om verder te gaan." />
  <string key="UninstallLocalAddOn.Step3.LayoutLabel" value="Pakket verwijdert" />
  <string key="UninstallLocalAddOn.Step3.HeadingTitle" value="Pakket verwijdering succesvol" />
  <string key="UninstallLocalAddOn.Step3.HeadingDescription" value="Pakket is succesvol verwijderd" />
  <string key="UninstallLocalAddOn.ShowError.LayoutLabel" value="Pakket verwijdering is mislukt" />
  <string key="UninstallLocalAddOn.ShowError.InfoTableCaption" value="Fouten" />
  <string key="UninstallLocalAddOn.ShowError.MessageTitle" value="Boodschap" />
  <string key="AddAddOnSource.Step1.LayoutLabel" value="Nieuw pakket bron" />
  <string key="AddAddOnSource.Step1.FieldGroupLabel" value="Brongegevens van pakket" />
  <string key="AddAddOnSource.Step1.UrlLabel" value="Pakket webservice URL" />
  <string key="AddAddOnSource.Step1.UrlHelp" value="Pakketten kunnen worden gehost op remote servers. De pakket webservice URL zal worden gevaliderd in de volgende stap" />
  <string key="AddAddOnSource.Step1.UrlNotValid" value="De ingevoerde tekst is geen geldige url" />
  <string key="AddAddOnSource.Step1.UrlNonAddOnServer" value="De server is niet een Composite C1 pakket server" />
  <string key="AddAddOnSource.Step2.LayoutLabel" value="Voeg pakket server bron toe" />
  <string key="AddAddOnSource.Step2.HeadingTitle" value="Server URL is geldig" />
  <string key="AddAddOnSource.Step2.HeadingNoHttpsDescription" value="Letop  dat het HTTP-protocol wordt gebruikt op deze verbinding. Dit houdt in dat alle verzonden informatie niet is geëncrypteerd. Klik op Voltooien om de source toe te voegen" />
  <string key="AddAddOnSource.Step2.HeadingWithHttpsDescription" value="Klik finish om de bron toe te voegen" />
  <string key="DeleteAddOnSource.Step1.LayoutLabel" value="Verwijder bevestiging" />
  <string key="DeleteAddOnSource.Step1.Text" value="Verwijder geselecteerde server bron" />
</strings>