﻿<?xml version="1.0" encoding="utf-8"?>
<strings>
  <string key="AddOnManager.CompositeVersionMisMatch" value="De Composite package versie vereisten komen niet overeeen met de huidige Composite versie" />
  <string key="AddOnManager.NewerVersionInstlled" value="Package is al geinstalleerd met een nieuwe versie" />
  <string key="AddOnManager.MissingAddOnDirectory" value="Kan niet de package lokaliseren directory pad '{0}'" />
  <string key="AddOnManager.Uninstallable" value="De package is niet deinstalleerbaar" />
  <string key="AddOnManager.MissingZipFile" value="Kan niet localiseren de package zip bestand pad '{0}'" />
  <string key="AddOnManager.MissingUninstallFile" value="Kan niet localiseren de package deinstalleer bestands pad '{0}'" />
  <string key="AddOnManager.MissingElement" value="Mist '{0}&quot;element" />
  <string key="AddOnManager.MissingAttribute" value="Mist '{)}&quot;attribuut" />
  <string key="AddOnManager.InvalidAttributeValue" value="&quot;{0}' attribuut waarde is een niet geldige waarde" />
  <string key="AddOnManager.InvalidElementValue" value="'{0}'element waarde is een niet geldige waarde" />
  <string key="ConfigurationTransformationAddOnFragmentInstaller.ExpectedExactlyTwoElements" value="Verwacht exact twee elementen, '{0}'en '{1}'" />
  <string key="ConfigurationTransformationAddOnFragmentInstaller.MissingElement" value="Mist '{0}'element" />
  <string key="ConfigurationTransformationAddOnFragmentInstaller.MissingAttribute" value="Mist '{0}' attribuut" />
  <string key="ConfigurationTransformationAddOnFragmentInstaller.PathDoesNotExist" value="Het pad '{0}'bestaat niet in de ZIP" />
  <string key="ConfigurationTransformationAddOnFragmentInstaller.UnableToParsXslt" value="Onmogelijk ZIP te parsen XSLT file '{0}'.{1}" />
  <string key="ConfigurationTransformationAddOnFragmentInstaller.XsltWillGeneratedInvalid" value="Het XSLT bestand '{0}'genereert een ongelding configuratie bestand {1}" />
  <string key="DataAddOnFragmentInstaller.OnlyOneElement" value="Maar 1 'Types'element toegestaan" />
  <string key="DataAddOnFragmentInstaller.MissingElement" value="Mist 'Types'element" />
  <string key="DataAddOnFragmentInstaller.MissingAttribute" value="Mist {0} attribuut in de configuratie" />
  <string key="DataAddOnFragmentInstaller.WrongDataScopeIdentifier" value="Verkeerd datascopeidentifier ({0}) naam in de configuratie" />
  <string key="DataAddOnFragmentInstaller.WrongLocale" value="Verkeerde culture ({0})naam in de configuratie" />
  <string key="DataAddOnFragmentInstaller.MissingFile" value="Mist bestand '{0}'in de package zip" />
  <string key="DataAddOnFragmentInstaller.TypeNotConfigured" value="De data interface type '{0}'is niet in het systeem geconfigureerd" />
  <string key="DataAddOnFragmentInstaller.TypeNotInheriting" value="De data interface type '{0}' erft niet de interface '{1}'" />
  <string key="DataAddOnFragmentInstaller.MissingProperty" value="De data interface type '{0}'heeft niet een eigendom genaamd '{1}'" />
  <string key="DataAddOnFragmentInstaller.MissingWritableProperty" value="De data interface type '{0}'heeft niet een schrijfbare property genoemd '{1}'" />
  <string key="DataAddOnFragmentInstaller.ConversionFailed" value="Kan niet de waarde converteren '{0}&quot;naar het type '{1}'" />
  <string key="DataAddOnFragmentInstaller.MissingPropertyVaule" value="De eigenschap '{0}'van de interface '{1}'mist een waarde" />
  <string key="DataAddOnFragmentInstaller.DataExists" value="Een data item van de data interface type '{0}'bestaat inmiddels" />
  <string key="DataAddOnFragmentInstaller.MissingTypeDescriptor" value="Mist data type omschrijving voor type '{0}'" />
  <string key="DataAddOnFragmentInstaller.TypeNonLocalizedWithLocale" value="Het data type '{0}'is niet gelokaliseerd, maar een lokale is gespecificeerd in de configuratie" />
  <string key="DataAddOnFragmentInstaller.TypeLocalizedWithoutLocale" value="Het data type '{0}'is gelokaliseerd, maar een lokale is gespecificeerd in de configuratie" />
  <string key="DataAddOnFragmentUninstaller.OnlyOneElement" value="Alleen 1 'Types' element is toegestaan" />
  <string key="DataAddOnFragmentUninstaller.MissingAttribute" value="Mist '{)}'attribuut in de configuratie" />
  <string key="DataAddOnFragmentUninstaller.MissingKeyProperty" value="Het data type '{0}' beschikt niet over een sleuteleigenschap genaamd '{1}'" />
  <string key="DataTypeAddOnFragmentInstaller.OnlyOneElement" value="Alleen één &quot;Types&quot;element is toegestaan" />
  <string key="DataTypeAddOnFragmentInstaller.MissingElement" value="Mist 'Types&quot;element" />
  <string key="DataTypeAddOnFragmentInstaller.MissingAttribute" value="Mist {0} attribuut in de configuratie" />
  <string key="DataTypeAddOnFragmentInstaller.TypeNotConfigured" value="De data interface type '{)}'is niet geconfigureerd in het systeem" />
  <string key="DataTypeAddOnFragmentInstaller.TypeNotInheriting" value="De data interface type '{0}'erft niet van de interface '{1}'" />
  <string key="DataTypeAddOnFragmentInstaller.TypeExists" value="De interface type '{0}'bestaat al in het systeem" />
  <string key="DataTypeAddOnFragmentInstaller.InterfaceCodeError" value="De interface type '{0}&quot;is niet correct geprogrammeerd" />
  <string key="DataTypeAddOnFragmentUninstaller.OnlyOneElement" value="Alleen één 'Types&quot;element is toegestaan" />
  <string key="DataTypeAddOnFragmentUninstaller.MissingAttribute" value="Mist '{0}'attribuut in de configuratie" />
  <string key="DataTypeAddOnFragmentUninstaller.WrongAttributeFormat" value="Verkeerde attribuut formaat in de configuratie" />
  <string key="DynamicDataTypeAddOnFragmentInstaller.OnlyOneElement" value="Alleen één 'Types'element is toegestaan" />
  <string key="DynamicDataTypeAddOnFragmentInstaller.MissingElement" value="Mist 'Types&quot; element" />
  <string key="DynamicDataTypeAddOnFragmentInstaller.DataTypeDescriptorParseError" value="Foute xml parsing de data Typedecriptor attribuut" />
  <string key="DynamicDataTypeAddOnFragmentInstaller.DataTypeDescriptorDeserializeError" value="Error in deserializing the dataTypeDescriptor attribute" />
  <string key="DynamicDataTypeAddOnFragmentInstaller.TypeExists" value="De interface type '{0}'bestaat al in het systeem" />
  <string key="DynamicDataTypeAddOnFragmentUninstaller.OnlyOneElement" value="Alleen één 'Types&quot;element is toegestaan" />
  <string key="DynamicDataTypeAddOnFragmentUninstaller.MissingAttribute" value="Mist '{0}'attribuut in de configuratie" />
  <string key="DynamicDataTypeAddOnFragmentUninstaller.WrongAttributeFormat" value="Verkeerd attribuut formaat in de configuratie" />
  <string key="FileAddOnFragmentInstaller.OnlyOneFilesElement" value="Maar één &quot;bestand&quot;elementen zijn toegestaan" />
  <string key="FileAddOnFragmentInstaller.OnlyOneDirectoriesElement" value="Maar één 'directories'element zijn toegestaan" />
  <string key="FileAddOnFragmentInstaller.MissingAttribute" value="Mist '{0}'attribuut in de configuratie" />
  <string key="FileAddOnFragmentInstaller.DeleteTargetDirectoryNotAllowed" value="De 'delete Target Directory&quot;attribuut can alleen maar toegepast op directories en niet in bestanden" />
  <string key="FileAddOnFragmentInstaller.WrongAttributeBoolFormat" value="Verkeerd attribuut waarde formaat, boleean waarde verwacht" />
  <string key="FileAddOnFragmentInstaller.MissingFile" value="Het geinstalleerde zip-bestand beschikt niet over bestand '{0}'" />
  <string key="FileAddOnFragmentInstaller.FileExists" value="Het bestand '{0}'bestaat inmiddels" />
  <string key="FileAddOnFragmentInstaller.AssemblyLoadNotAllowed" value="de 'assemblyload' attribuut kan alleen maar worden toegepast op bestanden en niet io directories" />
  <string key="FileAddOnFragmentInstaller.MissingDirectory" value="Het geinstalleerde zip bestand beschikt niet over directory '{0}'" />
  <string key="FileAddOnFragmentUninstaller.OnlyOneFilesElement" value="Maar één &quot;bestand&quot;element is toegestaan" />
  <string key="VirtualElementProviderNodeAddOnFragmentInstaller.OnlyOneElement" value="Maar één 'gebied' element is toegestaan" />
  <string key="VirtualElementProviderNodeAddOnFragmentUninstaller.MissingAttribute" value="Mist '{0}'attribuut in de configuratie" />
  <string key="VirtualElementProviderNodeAddOnFragmentInstaller.MissingType" value="Kan niet het type '{0}' vinden" />
  <string key="VirtualElementProviderNodeAddOnFragmentInstaller.MissingIcon" value="Kan niet het icoon '{0}' vinden" />
  <string key="VirtualElementProviderNodeAddOnFragmentUninstaller.OnlyOneElement" value="Maar één 'gebied'element is toegestaan" />
  <string key="DynamicDataTypeAddOnFragmentInstaller.MissingReferencedType" value="Kan niet een referentie type vinden '{0}'" />
  <string key="FileAddOnFragmentInstaller.FileReadOnly" value="Bestand '{0}' is gemarkeerd als 'read only'en kan daardoor niet worden overgeschreven" />
</strings>