﻿<?xml version="1.0" encoding="utf-8"?>
<strings>
  <string key="PackageManager.CompositeVersionMisMatch" value="De Composite package versie vereisten komen niet overeeen met de huidige Composite versie" />
  <string key="PackageManager.MissingPackageDirectory" value="Kan niet de package lokaliseren directory pad '{0}'" />
  <string key="PackageManager.Uninstallable" value="De package is niet deinstalleerbaar" />
  <string key="PackageManager.MissingZipFile" value="Kan niet localiseren de package zip bestand pad '{0}'" />
  <string key="PackageManager.MissingUninstallFile" value="Kan niet localiseren de package deinstalleer bestands pad '{0}'" />
  <string key="PackageManager.MissingElement" value="Mist '{0}&quot;element" />
  <string key="PackageManager.MissingAttribute" value="Mist '{)}&quot;attribuut" />
  <string key="PackageManager.InvalidAttributeValue" value="&quot;{0}' attribuut waarde is een niet geldige waarde" />
  <string key="PackageManager.InvalidElementValue" value="'{0}'element waarde is een niet geldige waarde" />
  <string key="ConfigurationTransformationPackageFragmentInstaller.ExpectedExactlyTwoElements" value="Verwacht exact twee elementen, '{0}'en '{1}'" />
  <string key="ConfigurationTransformationPackageFragmentInstaller.MissingElement" value="Mist '{0}'element" />
  <string key="ConfigurationTransformationPackageFragmentInstaller.MissingAttribute" value="Mist '{0}' attribuut" />
  <string key="ConfigurationTransformationPackageFragmentInstaller.PathDoesNotExist" value="Het pad '{0}'bestaat niet in de ZIP" />
  <string key="ConfigurationTransformationPackageFragmentInstaller.UnableToParsXslt" value="Onmogelijk ZIP te parsen XSLT file '{0}'.{1}" />
  <string key="ConfigurationTransformationPackageFragmentInstaller.XsltWillGeneratedInvalid" value="Het XSLT bestand '{0}'genereert een ongelding configuratie bestand {1}" />
  <string key="DataPackageFragmentInstaller.OnlyOneElement" value="Maar 1 'Types'element toegestaan" />
  <string key="DataPackageFragmentInstaller.MissingElement" value="Mist 'Types'element" />
  <string key="DataPackageFragmentInstaller.MissingAttribute" value="Mist {0} attribuut in de configuratie" />
  <string key="DataPackageFragmentInstaller.WrongDataScopeIdentifier" value="Verkeerd datascopeidentifier ({0}) naam in de configuratie" />
  <string key="DataPackageFragmentInstaller.WrongLocale" value="Verkeerde culture ({0})naam in de configuratie" />
  <string key="DataPackageFragmentInstaller.MissingFile" value="Mist bestand '{0}'in de package zip" />
  <string key="DataPackageFragmentInstaller.TypeNotConfigured" value="De data interface type '{0}'is niet in het systeem geconfigureerd" />
  <string key="DataPackageFragmentInstaller.TypeNotInheriting" value="De data interface type '{0}' erft niet de interface '{1}'" />
  <string key="DataPackageFragmentInstaller.MissingProperty" value="De data interface type '{0}'heeft niet een eigendom genaamd '{1}'" />
  <string key="DataPackageFragmentInstaller.MissingWritableProperty" value="De data interface type '{0}'heeft niet een schrijfbare property genoemd '{1}'" />
  <string key="DataPackageFragmentInstaller.ConversionFailed" value="Kan niet de waarde converteren '{0}&quot;naar het type '{1}'" />
  <string key="DataPackageFragmentInstaller.MissingPropertyVaule" value="De eigenschap '{0}'van de interface '{1}'mist een waarde" />
  <string key="DataPackageFragmentInstaller.DataExists" value="Een data item van de data interface type '{0}'bestaat inmiddels" />
  <string key="DataPackageFragmentInstaller.MissingTypeDescriptor" value="Mist data type omschrijving voor type '{0}'" />
  <string key="DataPackageFragmentInstaller.TypeNonLocalizedWithLocale" value="Het data type '{0}'is niet gelokaliseerd, maar een lokale is gespecificeerd in de configuratie" />
  <string key="DataPackageFragmentInstaller.TypeLocalizedWithoutLocale" value="Het data type '{0}'is gelokaliseerd, maar een lokale is gespecificeerd in de configuratie" />
  <string key="DataPackageFragmentUninstaller.OnlyOneElement" value="Alleen 1 'Types' element is toegestaan" />
  <string key="DataPackageFragmentUninstaller.MissingAttribute" value="Mist '{)}'attribuut in de configuratie" />
  <string key="DataPackageFragmentUninstaller.MissingKeyProperty" value="Het data type '{0}' beschikt niet over een sleuteleigenschap genaamd '{1}'" />
  <string key="DataTypePackageFragmentInstaller.OnlyOneElement" value="Alleen één &quot;Types&quot;element is toegestaan" />
  <string key="DataTypePackageFragmentInstaller.MissingElement" value="Mist 'Types&quot;element" />
  <string key="DataTypePackageFragmentInstaller.MissingAttribute" value="Mist {0} attribuut in de configuratie" />
  <string key="DataTypePackageFragmentInstaller.TypeNotConfigured" value="De data interface type '{)}'is niet geconfigureerd in het systeem" />
  <string key="DataTypePackageFragmentInstaller.TypeNotInheriting" value="De data interface type '{0}'erft niet van de interface '{1}'" />
  <string key="DataTypePackageFragmentInstaller.TypeExists" value="De interface type '{0}'bestaat al in het systeem" />
  <string key="DataTypePackageFragmentInstaller.InterfaceCodeError" value="De interface type '{0}&quot;is niet correct geprogrammeerd" />
  <string key="DataTypePackageFragmentUninstaller.OnlyOneElement" value="Alleen één 'Types&quot;element is toegestaan" />
  <string key="DataTypePackageFragmentUninstaller.MissingAttribute" value="Mist '{0}'attribuut in de configuratie" />
  <string key="DataTypePackageFragmentUninstaller.WrongAttributeFormat" value="Verkeerde attribuut formaat in de configuratie" />
  <string key="DynamicDataTypePackageFragmentInstaller.OnlyOneElement" value="Alleen één 'Types'element is toegestaan" />
  <string key="DynamicDataTypePackageFragmentInstaller.MissingElement" value="Mist 'Types&quot; element" />
  <string key="DynamicDataTypePackageFragmentInstaller.DataTypeDescriptorParseError" value="Foute xml parsing de data Typedecriptor attribuut" />
  <string key="DynamicDataTypePackageFragmentInstaller.DataTypeDescriptorDeserializeError" value="Error in deserializing the dataTypeDescriptor attribute" />
  <string key="DynamicDataTypePackageFragmentInstaller.MissingReferencedType" value="Kan niet een referentie type vinden '{0}'" />
  <string key="DynamicDataTypePackageFragmentInstaller.TypeExists" value="De interface type '{0}'bestaat al in het systeem" />
  <string key="DynamicDataTypePackageFragmentUninstaller.OnlyOneElement" value="Alleen één 'Types&quot;element is toegestaan" />
  <string key="DynamicDataTypePackageFragmentUninstaller.MissingAttribute" value="Mist '{0}'attribuut in de configuratie" />
  <string key="DynamicDataTypePackageFragmentUninstaller.WrongAttributeFormat" value="Verkeerd attribuut formaat in de configuratie" />
  <string key="FilePackageFragmentInstaller.OnlyOneFilesElement" value="Maar één &quot;bestand&quot;elementen zijn toegestaan" />
  <string key="FilePackageFragmentInstaller.OnlyOneDirectoriesElement" value="Maar één 'directories'element zijn toegestaan" />
  <string key="FilePackageFragmentInstaller.MissingAttribute" value="Mist '{0}'attribuut in de configuratie" />
  <string key="FilePackageFragmentInstaller.DeleteTargetDirectoryNotAllowed" value="De 'delete Target Directory&quot;attribuut can alleen maar toegepast op directories en niet in bestanden" />
  <string key="FilePackageFragmentInstaller.WrongAttributeBoolFormat" value="Verkeerd attribuut waarde formaat, boleean waarde verwacht" />
  <string key="FilePackageFragmentInstaller.MissingFile" value="Het geinstalleerde zip-bestand beschikt niet over bestand '{0}'" />
  <string key="FilePackageFragmentInstaller.FileExists" value="Het bestand '{0}'bestaat inmiddels" />
  <string key="FilePackageFragmentInstaller.FileReadOnly" value="Bestand '{0}' is gemarkeerd als 'read only'en kan daardoor niet worden overgeschreven" />
  <string key="FilePackageFragmentInstaller.AssemblyLoadNotAllowed" value="de 'assemblyload' attribuut kan alleen maar worden toegepast op bestanden en niet io directories" />
  <string key="FilePackageFragmentInstaller.MissingDirectory" value="Het geinstalleerde zip bestand beschikt niet over directory '{0}'" />
  <string key="FilePackageFragmentUninstaller.OnlyOneFilesElement" value="Maar één &quot;bestand&quot;element is toegestaan" />
  <string key="VirtualElementProviderNodePackageFragmentInstaller.OnlyOneElement" value="Maar één 'gebied' element is toegestaan" />
  <string key="VirtualElementProviderNodePackageFragmentInstaller.MissingType" value="Kan niet het type '{0}' vinden" />
  <string key="VirtualElementProviderNodePackageFragmentInstaller.MissingIcon" value="Kan niet het icoon '{0}' vinden" />
  <string key="VirtualElementProviderNodePackageFragmentUninstaller.OnlyOneElement" value="Maar één 'gebied'element is toegestaan" />
  <string key="VirtualElementProviderNodePackageFragmentUninstaller.MissingAttribute" value="Mist '{0}'attribuut in de configuratie" />
</strings>
