﻿<?xml version="1.0" encoding="utf-8"?>
<strings>
  <string key="AddNewButtonLabel" value="Voeg nieuwe toe" />
  <string key="DeleteButtonLabel" value="Verwijder" />
  <string key="LabelDataTypeFields" value="Datatype velden" />
  <string key="FieldDetailsGroupLabel" value="Velddetails" />
  <string key="Name" value="Naam" />
  <string key="NameHelp" value="De naam van het veld wordt gebruikt door het systeem om velden te identificeren . Namen moet uniek zijn en mogen geen spaties en andere speciale tekens bevatten. Gebruik namen als' Titel ',' Begindatum ',' LargeImage 'etc." />
  <string key="Label" value="Label" />
  <string key="LabelHelp" value="Label tekst wordt getoond aan gebruikers bij het toevoegen van een nieuw item op basis van het datatype." />
  <string key="Help" value="Help" />
  <string key="HelpHelp" value="Gebruik deze ingang voor een korte helptekst voor de gebruiker" />
  <string key="FieldTypeGroupLabel" value="Veldtype vereisten" />
  <string key="FieldType" value="Veldtype" />
  <string key="FieldTypeHelp" value="Selecteer een datatype voor het veld. Het type bepaalt welk soort data het veld kan beschikken" />
  <string key="System.String" value="String" />
  <string key="System.Int32" value="Integer" />
  <string key="System.Decimal" value="Decimale nummer" />
  <string key="System.DateTime" value="Datum" />
  <string key="System.Boolean" value="Boolean" />
  <string key="System.Guid" value="Unieke indentifier (GUID)" />
  <string key="Reference" value="Data referentie" />
  <string key="TypeDetailsHelp" value="Gebruik dit veld om je geselecteerde type verder te configureren" />
  <string key="Optional" value="Optioneel" />
  <string key="OptionalHelp" value="Optionele velden kunnen worden opengelaten." />
  <string key="OptionalFalseLabel" value="Nee" />
  <string key="OptionalTrueLabel" value="Ja" />
  <string key="ValidationRules" value="Validatie regels" />
  <string key="ValidationRulesHelp" value="U kunt opgeven strikte regels met betrekking tot de gegevens die worden ingevoerd in dit veld bepalen, dat wil zeggen &quot;moet ten minste 5 tekens lang zijn&quot;, &quot;moet een geldig e-mailadres&quot;, &quot;moet een datum in het verleden&quot;, enz." />
  <string key="ValidationRulesAdd" value="Voeg validatie regels toe" />
  <string key="ValidationRulesEdit" value="Bewerk validatie regels" />
  <string key="ValidationRulesDialogLabel" value="Veld validatie regels configuratie" />
  <string key="FieldValidationGroupLabel" value="Veld validatie" />
  <string key="FieldPresentationGroupLabel" value="Veld presentatie" />
  <string key="FieldStructureGroupLabel" value="Structurele presentatie" />
  <string key="Widget" value="Widget" />
  <string key="WidgetHelp" value="Je kan selecteren welke invoer type je wilt gebruiken (zoals een textbox) bij het bewerken van dit veld" />
  <string key="WidgetDialogLabel" value="Veld widget configuratie" />
  <string key="Position" value="Positie" />
  <string key="PositionLast" value="Laatste" />
  <string key="PositionHelp" value="De positie van dit veld. Dit controleert de volgorde van de velden" />
  <string key="GroupByPriority" value="Field grouping" />
  <string key="GroupByPriorityNone" value="Geen groepering" />
  <string key="GroupByPriorityFirst" value="Groepeer door dit veld" />
  <string key="GroupByPriorityN" value="Groepeer als {0}. prioriteit heeft" />
  <string key="GroupByPriorityHelp" value="U kunt opgeven dat een veld moet worden gebruikt om groepsgegevens - dit kan verbeterde leesbaarheid bij het bekijken van lange lijsten opleveren. Gebruik prioriteit wanneer meerdere velden worden gebruikt voor grouping.priority." />
  <string key="IsTitleField" value="Is titel veld" />
  <string key="IsTitleFieldHelp" value="Controleer of dit veld wilt gebruiken voor een titelveld. Titelvelden worden gebruikt voor list data, zoals de verkenner aan de linkerkant" />
  <string key="IsTitleFieldLabel" value="Gebruik dit voor titelveld in lijsten" />
  <string key="DefaultValueGroupLabel" value="Standaard veld waarde" />
  <string key="DefaultValue" value="Standaard waarde" />
  <string key="DefaultValueHelp" value="Je kan een standaard definieren voor dit veld" />
  <string key="DefaultValueDialogLabel" value="Veld standaard waarde configuratie" />
  <string key="StringMaximumLength" value="String maximum lengte" />
  <string key="16CharMax" value="16 karakter maximaal" />
  <string key="32CharMax" value="32 karakters maximaal" />
  <string key="64CharMax" value="64 karakters maximaal" />
  <string key="128CharMax" value="128 karakters maximaal" />
  <string key="256CharMax" value="256 karakters maximaal" />
  <string key="512CharMax" value="512 karakters maximaal" />
  <string key="1024CharMax" value="1024 karakters maximaal" />
  <string key="Unlimited" value="Onbeperkte lengte" />
  <string key="DecimalNumberFormat" value="Decimaal nummer formaat" />
  <string key="1DecimalPlace" value="1 decimale ruimte" />
  <string key="2DecimalPlace" value="2 decimale ruimte" />
  <string key="3DecimalPlace" value="3 decimale ruimte" />
  <string key="4DecimalPlace" value="4 decimale ruimte" />
  <string key="ReferenceType" value="Referentie type" />
  <string key="FieldNameSyntaxInvalid" value="Gespecificeerde naam is niet geldig" />
  <string key="CannotSave" value="Kan niet bewaren... ander veld heeft dezelfde naam. Verander de naam" />
  <string key="SpaceInNameError" value="Ongeldige naam. Dataveldnamen kunnen geen leegtes bevatten. Je kan een leesbare naam in onderstaand veldlabel plaatsen" />
  <string key="NameEmptyError" value="Dataveldnamen kunnen niet leeg zijn. Specificeer een naam aub" />
  <string key="NameAlreadyInUseError" value="Een ander veld gebruikt deze naam. Dataveld namen moeten uniek zijn" />
  <string key="NotAnOptionalTypeError" value="Het geselecteerde type kan niet optioneel zijn" />
</strings>
