<?xml version="1.0" encoding="utf-8" ?>
<strings>
	<string key="ReadLabel" value="Lezen" />
	<string key="EditLabel" value="Bewerk" />
	<string key="AddLabel" value="Toevoegen" />
	<string key="DeleteLabel" value="Verwijderen" />
	<string key="ApproveLabel" value="Goedkeuren" />
	<string key="PublishLabel" value="Publiceer" />
	<string key="AdministrateLabel" value="Administratie" />
	<string key="ClearPermissionsLabel" value="Rechten leeg maken" />
	<string key="AdminLockoutMessage" value="Deze operatie zou uw administratieve machtigingen van deze entiteit te verwijderen. U kunt niet uw eigen administratieve machtigingen te verwijderen." />
</strings>