<?xml version="1.0" encoding="utf-8" ?>
<strings>
	<string key="LayoutLabel" value="Dit item is momenteel in bewerking" />
  <string key="LockedByUsername.FieldGroupLabel" value="Informatie" />
  <string key="LockedByUsername.Label" value="Het Item wordt bewerkt door:" />
	<string key="LockedByUsername.Help" value="Het item wordt bewerkt door een andere gebruiker. Klik OK om door te gaan of Annuleren om af te breken." />
	<string key="SameUserHeading.Title" value="Dit item is al geopend voor bewerking" />
	<string key="SameUserHeading.Description" value="Indien u een item meer dan eens opent voor bewerking kan data verloren gaan. Klik OK om het item te openen of Annuleren om af te breken." />
	<string key="AnotherUserHeading.Title" value="Dit Item wordt bewerkt door een andere gebruiker." />
	<string key="AnotherUserHeading.Description" value="Wanneer een Item door tegelijkertijd door meerdere gebruikers bewerkt wordt kunnen er gegevens verloren gaan. Klik OK om door te gaan of Annuleren om af te breken." />
</strings>