<?xml version="1.0" encoding="utf-8" ?>
<strings>
	<string key="SendToDraft" value="Stuur naar ontwerp" />
	<string key="SendToDraftToolTip" value="" />
	<string key="Publish" value="Publiceer" />
	<string key="PublishToolTip" value="Publiceer naar site" />
	<string key="Unpublish" value="De-publiceer" />
	<string key="UnpublishToolTip" value="Stuur naar ontwerpstatus en verwijder de gepubliceerde versie" />
	<string key="SendForApproval" value="Verstuur voor goedkeuring" />
	<string key="SendForApprovalToolTip" value="Verstuur voor goedkeuring" />
	<string key="SendForPublication" value="Verstuur voor publicatie" />
	<string key="SendForPublicationToolTip" value="Verstuur voor publicatie" />
	<string key="UndoPublishedChanges" value="Veranderingen ongedaan maken" />
	<string key="UndoPublishedChangesToolTip" value="Maak ongepubliceerde wijzigingen ongedaan" />
	<string key="ValidationErrorTitle" value="Actie niet mogelijk" />
	<string key="ValidationErrorMessage" value="Data niet te valideren met de volgende fouten:" />	
</strings>