<?xml version="1.0" encoding="utf-8" ?>
<strings>
  <string key="PageTemplateElementProvider.RootLabel" value="Pagina Templates" />
  <string key="PageTemplateElementProvider.RootLabelToolTip" value="Je kan XHTML templates hier vinden" />
  <string key="PageTemplateElementProvider.AddTemplate" value="Voeg template toe" />
  <string key="PageTemplateElementProvider.AddTemplateToolTip" value="Voeg een nieuwe template toe" />
  <string key="PageTemplateElementProvider.DeleteTemplate" value="Verwijderen" />
	<string key="PageTemplateElementProvider.DeleteTemplateToolTip" value="Verwijder dit item" />

  <string key="PageTemplateElementProvider.SharedCodeFolder.Title" value="Gedeelde code" />
  <string key="PageTemplateElementProvider.SharedCodeFolder.ToolTip" value="Bestanden die gebruikt worden door layout bestanden" />
  
  <string key="EditSharedCodeFile.Label" value="Bewerk" /> 
  <string key="EditSharedCodeFile.ToolTip" value="Bewerk dit bestand" />

  <string key="PageTemplateElementProvider.EditXmlTemplate" value="Bewerk XML template" />
  <string key="PageTemplateElementProvider.EditXmlTemplateToolTip" value="Bewerk de geselecteerde XML  template" />

  <string key="AddNewXmlPageTemplate.LabelDialog" value="Voeg nieuwe XML pagina template toe" />
  <string key="AddNewXmlPageTemplate.LabelFieldGroup" value="XML template" />
  <string key="AddNewXmlPageTemplate.LabelTemplateTitle" value="Template titel" />
  <string key="AddNewXmlPageTemplate.LabelTemplateTitleHelp" value="De titel identificeert de template in lijsten. Overweeg het selecteren van een korte maar betekenisvolle naam." />
  <string key="AddNewXmlPageTemplate.LabelCopyFrom" value="Kopi&#235;ren van" />
  <string key="AddNewXmlPageTemplate.LabelCopyFromHelp" value="U kunt de opmaak van een andere XML pagina template kopieren door die te selecteren in deze lijst." />
  <string key="AddNewXmlPageTemplate.LabelCopyFromEmptyOption" value="(Nieuwe template)" />
  <string key="AddNewXmlPageTemplateWorkflow.TitleInUseTitle" value="Titel is al gebruikt" />
  <string key="AddNewXmlPageTemplateWorkflow.TitleTooLong" value="De titel is te lang (zoals gebruikt als onderdeel van de XML bestandsnaam)." />

  <string key="EditXmlPageTemplate.LabelMarkUpCode" value="Opmaak code" />
  <string key="EditXmlPageTemplate.LabelTemplateIdentification" value="Template informatie" />
  <string key="EditXmlPageTemplate.LabelTemplateTitle" value="Template titel" />
  <string key="EditXmlPageTemplate.LabelTemplateTitleHelp" value="De titel identificeert de template in lijsten. Overweeg het selecteren van een korte maar betekenisvolle naam." />

  <string key="EditXmlPageTemplateWorkflow.InvalidXmlTitle" value="Template kan niet worden opgeslagen" />
  <string key="EditXmlPageTemplateWorkflow.InvalidXmlMessage" value="De opmaak van de template is niet valide. {0}" />
  <string key="EditXmlPageTemplateWorkflow.CannotRenameFileExists" value="Kan de template niet hernoemen, er bestaat al een bestand  met de naam {0}." />
  <string key="EditXmlPageTemplateWorkflow.TitleInUseTitle" value="Titel is al gebruikt" />

  <string key="DeletePageTemplateStep1.LabelFieldGroup" value="Verwijder pagina template?" />
	<string key="DeletePageTemplateStep1.Text" value="Verwijder pagina template" />
	
	<string key="DeletePageTemplateWorkflow.CascadeDeleteErrorTitle" value="Trapsgewijze verwijderingsfout" />
	<string key="DeletePageTemplateWorkflow.CascadeDeleteErrorMessage" value="Dit type verwijst naar een ander type dat het verwijderen van cascades niet toestaat. De actie is gestopt" />

  <string key="DeletePageTemplateWorkflow.PageReference" value="Er zijn {0} pagina(s) die verwijzen naar deze template {1}." /> 
  <string key="DeletePageTemplateWorkflow.PageTypeReference" value="Er zijn {0} pagina(s) die verwijzen naar deze template {1}." />

  <string key="AddNewPageTemplate.LabelDialog" value="Voeg nieuwe pafina template toe" />
  <string key="AddNewPageTemplate.LabelFieldGroup" value="Nieuwe pagina template" />
  <string key="AddNewPageTemplate.TemplateTypeHelp" value="Kies &#233;&#233;n van mogelijke typen pagina template" />
  <string key="AddNewPageTemplate.TemplateTypeLabel" value="Template type" />

  <string key="AddNewPageTemplate.TemplateType.Razor" value="Razor" />
  <string key="AddNewPageTemplate.TemplateType.MasterPage" value="MasterPage" />
  <string key="AddNewPageTemplate.TemplateType.XML" value="XML" />
</strings>
