﻿<?xml version="1.0" encoding="utf-8" ?>
<strings>
	<string key="SendToDraft" value="Stuur naar ontwerp" />
	<string key="SendToDraftToolTip" value="" />
	<string key="Publish" value="Publiceer" />
	<string key="PublishToolTip" value="Publiceer naar site" />
	<string key="Unpublish" value="Unpublish" />
	<string key="UnpublishToolTip" value="Stuur naar ontwerpstatus and verwijder de gepubliceerde versie" />
	<string key="SendForApproval" value="Stuur voor goedkeuring" />
	<string key="SendForApprovalToolTip" value="Stuur voor goedkeuring" />
	<string key="SendForPublication" value="Stuur voor publicatie" />
	<string key="SendForPublicationToolTip" value="Stuur voor publicatie" />
	<string key="UndoPublishedChanges" value="Veranderingen ongedaan maken" />
	<string key="UndoPublishedChangesToolTip" value="Ongedaan maken niet-gepubliceerde wijzigingen" />
	<string key="ValidationErrorTitle" value="Actie niet mogelijk" />
	<string key="ValidationErrorMessage" value="Data niet te valideren met de volgende fouten:" />	
</strings>
