﻿<?xml version="1.0" encoding="utf-8"?>
<strings>
  <string key="SEOAssistant" value="SEO assistent" />
  <string key="IntroText" value="Maak een pagina preview voor de SEO indicatie" />
  <string key="TabResult" value="Resultaat" />
  <string key="TabKeywords" value="Keywords" />
  <string key="NoKeywordsWarning" value="Er zijn geen keywords gedefinieerd" />
  <string key="isInTitle" value="Keyword in de titel" />
  <string key="isInURL" value="Keyword in de url" />
  <string key="isInMenuTitle" value="Keyword in de menutitel" />
  <string key="isInDescription" value="Keyword in description" />
  <string key="isInHeading" value="Keyword in heading" />
  <string key="isInContent" value="Keyword in de content" />
  <string key="NoKeywords" value="Geen keywords" />
</strings>