﻿<!DOCTYPE html>
<html xmlns="http://www.w3.org/1999/xhtml" xmlns:f="http://www.composite.net/ns/function/1.0" xmlns:lang="http://www.composite.net/ns/localization/1.0" xmlns:rendering="http://www.composite.net/ns/rendering/1.0" xmlns:asp="http://www.composite.net/ns/asp.net/controls">
  <f:function name="Composite.Web.Html.Template.LangAttribute" />
  <head>
    <title>
      <rendering:page.title />
    </title>
    <f:function name="Composite.Web.Html.Template.CommonMetaTags" />
    <rendering:page.metatag.description />
    <link rel="stylesheet" href="~/Frontend/Styles/VisualEditor.common.css" type="text/css" media="screen" />
  </head>
  <body>
    <div id="wrapper">
      <h1>Wiki</h1>
      <f:function name="Composite.Community.Wiki.SimpleWiki">
        <f:param name="PlaceholderId" value="content" />
        <f:param name="Content">
          <rendering:placeholder id="content" title="Content" default="true" />
        </f:param>
        <f:param name="EditingEnabled" value="True" />
        <f:param name="ContentCss" value="/Frontend/Styles/VisualEditor.common.css" />
      </f:function>
    </div>
  </body>
</html>