<?xml version="1.0" standalone="yes"?>
<mi:PackageInstaller xmlns:mi="http://www.composite.net/ns/management/packageinstaller/1.0">
	<mi:PackageRequirements minimumCompositeVersion="2.1.4113.99" maximumCompositeVersion="9.9999.9999.9999" />
	<mi:PackageInformation name="Composite.Media.ImageGallery.Facebook" groupName="Composite.Media" version="1.0.4" author="Composite A/S" website="http://composite.net" readMoreUrl="http://docs.composite.net/Composite.Media.ImageGallery.Facebook" id="bbb85547-8dec-4282-9190-1f49b756d1e5" canBeUninstalled="true" systemLocking="hard" flushOnCompletion="false">
		<TechnicalDetails>To show a full-size image in a Facebook album in a light box on your website, we recommend that you install Composite.Media.ImageGallery.Slimbox2.</TechnicalDetails>
		<Description>Display images from Facebook albums on your website. </Description>
	</mi:PackageInformation>
	<mi:PackageFragmentInstallerBinaries />
	<mi:PackageFragmentInstallers>
		<mi:Add installerType="Composite.Core.PackageSystem.PackageFragmentInstallers.FilePackageFragmentInstaller, Composite" uninstallerType="Composite.Core.PackageSystem.PackageFragmentInstallers.FilePackageFragmentUninstaller, Composite">
			<Files>
				<File sourceFilename="~\App_Data\Xslt\Composite\Media\ImageGallery\Facebook\AlbumsGallery.xsl" targetFilename="~\App_Data\Xslt\Composite\Media\ImageGallery\Facebook\AlbumsGallery.xsl" allowOverwrite="false" />
				<File sourceFilename="~\App_Data\Xslt\Composite\Media\ImageGallery\Facebook\AlbumsList.xsl" targetFilename="~\App_Data\Xslt\Composite\Media\ImageGallery\Facebook\AlbumsList.xsl" allowOverwrite="false" />
				<File sourceFilename="~\App_Data\Xslt\Composite\Media\ImageGallery\Facebook\PhotosList.xsl" targetFilename="~\App_Data\Xslt\Composite\Media\ImageGallery\Facebook\PhotosList.xsl" allowOverwrite="false" />
				<File sourceFilename="~\App_Code\Composite\Media\ImageGallery\Facebook\Functions.cs" targetFilename="~\App_Code\Composite\Media\ImageGallery\Facebook\Functions.cs" allowOverwrite="false" />
				<File sourceFilename="~\Bin\Facebook.dll" targetFilename="~\Bin\Facebook.dll" allowOverwrite="false" />
			</Files>
			<Directories />
		</mi:Add>
		<mi:Add installerType="Composite.Core.PackageSystem.PackageFragmentInstallers.DataPackageFragmentInstaller, Composite" uninstallerType="Composite.Core.PackageSystem.PackageFragmentInstallers.DataPackageFragmentUninstaller, Composite">
			<Types>
				<Type type="Composite.Data.Types.IMethodBasedFunctionInfo,Composite">
					<Data dataScopeIdentifier="public" dataFilename="~\Datas\Composite.Data.Types.IMethodBasedFunctionInfos_public.xml" />
				</Type>
				<Type type="Composite.Data.Types.INamedFunctionCall,Composite">
					<Data dataScopeIdentifier="public" dataFilename="~\Datas\Composite.Data.Types.INamedFunctionCalls_public.xml" />
				</Type>
				<Type type="Composite.Data.Types.IParameter,Composite">
					<Data dataScopeIdentifier="public" dataFilename="~\Datas\Composite.Data.Types.IParameters_public.xml" />
				</Type>
				<Type type="Composite.Data.Types.IXsltFunction,Composite">
					<Data dataScopeIdentifier="public" dataFilename="~\Datas\Composite.Data.Types.IXsltFunctions_public.xml" />
				</Type>
			</Types>
		</mi:Add>
	</mi:PackageFragmentInstallers>
</mi:PackageInstaller>