<?xml version="1.0" standalone="yes"?>
<mi:PackageInstaller xmlns:mi="http://www.composite.net/ns/management/packageinstaller/1.0">
	<mi:PackageRequirements minimumCompositeVersion="4.1.5058.34326" maximumCompositeVersion="9.9999.9999.9999" />
	<mi:PackageInformation name="Composite.Media.ImageGallery.Facebook" groupName="Composite.Media" version="1.0.9" author="Composite A/S" website="http://composite.net" readMoreUrl="http://docs.composite.net/Composite.Media.ImageGallery.Facebook" id="bbb85547-8dec-4282-9190-1f49b756d1e5" canBeUninstalled="true" systemLocking="none" flushOnCompletion="true">
		<TechnicalDetails>To show a full-size image in a Facebook album in a light box on your website, we recommend that you install Composite.Media.ImageGallery.Slimbox2.</TechnicalDetails>
		<Description>Display images from Facebook albums on your website. </Description>
	</mi:PackageInformation>
	<mi:PackageFragmentInstallerBinaries />
	<mi:PackageFragmentInstallers>
		<mi:Add installerType="Composite.Core.PackageSystem.PackageFragmentInstallers.FilePackageFragmentInstaller, Composite" uninstallerType="Composite.Core.PackageSystem.PackageFragmentInstallers.FilePackageFragmentUninstaller, Composite">
			<Files>
				<File sourceFilename="~\Bin\Facebook.dll" targetFilename="~\Bin\Facebook.dll" allowOverwrite="false" />
				<File sourceFilename="~\App_Data/Razor/Composite/Media/ImageGallery/Facebook/AlbumsGallery.cshtml" targetFilename="~\App_Data/Razor/Composite/Media/ImageGallery/Facebook/AlbumsGallery.cshtml" allowOverwrite="false" />
				<File sourceFilename="~\App_Data/Razor/Composite/Media/ImageGallery/Facebook/Photos.cshtml" targetFilename="~\App_Data/Razor/Composite/Media/ImageGallery/Facebook/Photos.cshtml" allowOverwrite="false" />
			</Files>
		</mi:Add>
	</mi:PackageFragmentInstallers>
</mi:PackageInstaller>