<?xml version="1.0" standalone="yes"?>
<mi:PackageInstaller xmlns:mi="http://www.composite.net/ns/management/packageinstaller/1.0">
	<mi:PackageRequirements minimumCompositeVersion="3.2.4497.24532" maximumCompositeVersion="9.9999.9999.9999" />
	<mi:PackageInformation name="Composite.Navigation.LanguageSwitcher.Flags" groupName="Composite.Navigation" version="1.0.0" author="Composite" website="http://composite.net" readMoreUrl="http://docs.composite.net/Composite.Navigation.LanguageSwitcher" id="EF712389-9DD2-493C-A202-DEED92041F72" canBeUninstalled="true" systemLocking="none" flushOnCompletion="false">
		<Description>Flags collection for the Composite.Navigation.LanguageSwitcher packages</Description>
		<TechnicalDetails>Flags collection for the Composite.Navigation.LanguageSwitcher packages</TechnicalDetails>
	</mi:PackageInformation>
	<mi:PackageFragmentInstallerBinaries />
	<mi:PackageFragmentInstallers>
		<mi:Add installerType="Composite.Core.PackageSystem.PackageFragmentInstallers.FilePackageFragmentInstaller, Composite" uninstallerType="Composite.Core.PackageSystem.PackageFragmentInstallers.FilePackageFragmentUninstaller, Composite">
			<Files>
				<File sourceFilename="~\Frontend\Composite\Navigation\LanguageSwitcher\Images.css" targetFilename="~\Frontend\Composite\Navigation\LanguageSwitcher\Images.css" allowOverwrite="false" />
			</Files>
			<Directories>
				<Directory sourceDirectory="~\Frontend\Composite\Navigation\LanguageSwitcher\Images\" targetDirectory="~\Frontend\Composite\Navigation\LanguageSwitcher\Images\" allowOverwrite="true" deleteTargetDirectory="false" />
			</Directories>
		</mi:Add>
		<mi:Add installerType="Composite.Core.PackageSystem.PackageFragmentInstallers.DataPackageFragmentInstaller, Composite" uninstallerType="Composite.Core.PackageSystem.PackageFragmentInstallers.DataPackageFragmentUninstaller, Composite">
			<Types />
		</mi:Add>
	</mi:PackageFragmentInstallers>
</mi:PackageInstaller>