<?xml version="1.0" standalone="yes"?>
<mi:PackageInstaller xmlns:mi="http://www.composite.net/ns/management/packageinstaller/1.0">
	<mi:PackageRequirements minimumCompositeVersion="2.1.4112.17132" maximumCompositeVersion="2.9999.9999" />
	<mi:PackageInformation name="Composite.Community.WindowsIdentityFoundation" groupName="Composite.Community" version="1.0.0" author="Composite A/S" website="http://composite.net/" id="3011c58e-9b65-4cd5-ab1c-6abf3c14de01" canBeUninstalled="true" systemLocking="hard" flushOnCompletion="false">
		<Description>Demonstration of an integration with Windows Identity Foundation (WIF)</Description>
	</mi:PackageInformation>
	<mi:PackageFragmentInstallerBinaries />
	<mi:PackageFragmentInstallers>
		<mi:Add installerType="Composite.Core.PackageSystem.PackageFragmentInstallers.FilePackageFragmentInstaller, Composite" uninstallerType="Composite.Core.PackageSystem.PackageFragmentInstallers.FilePackageFragmentUninstaller, Composite">
			<Files>
				<File sourceFilename="~\App_Data\Xslt\Composite\Community\WIF\LoginForm.xsl" targetFilename="~\App_Data\Xslt\Composite\Community\WIF\LoginForm.xsl" allowOverwrite="false" />
				<File sourceFilename="~\Bin\Microsoft.IdentityModel.dll" targetFilename="~\Bin\Microsoft.IdentityModel.dll" allowOverwrite="false" />
				<File sourceFilename="~\App_Code\Composite\Community\WIF\IdentityFunctions.cs" targetFilename="~\App_Code\Composite\Community\WIF\IdentityFunctions.cs" allowOverwrite="false" />
			</Files>
			<Directories />
		</mi:Add>
		<mi:Add installerType="Composite.Core.PackageSystem.PackageFragmentInstallers.DataPackageFragmentInstaller, Composite" uninstallerType="Composite.Core.PackageSystem.PackageFragmentInstallers.DataPackageFragmentUninstaller, Composite">
			<Types>
				<Type type="Composite.Data.Types.IMethodBasedFunctionInfo,Composite">
					<Data dataScopeIdentifier="public" dataFilename="~\Datas\Composite.Data.Types.IMethodBasedFunctionInfos_public.xml" />
				</Type>
				<Type type="Composite.Data.Types.INamedFunctionCall,Composite">
					<Data dataScopeIdentifier="public" dataFilename="~\Datas\Composite.Data.Types.INamedFunctionCalls_public.xml" />
				</Type>
				<Type type="Composite.Data.Types.IXsltFunction,Composite">
					<Data dataScopeIdentifier="public" dataFilename="~\Datas\Composite.Data.Types.IXsltFunctions_public.xml" />
				</Type>
			</Types>
		</mi:Add>
	</mi:PackageFragmentInstallers>
</mi:PackageInstaller>