<?xml version="1.0" standalone="yes"?>
<mi:PackageInstaller xmlns:mi="http://www.composite.net/ns/management/packageinstaller/1.0">
	<mi:PackageRequirements minimumCompositeVersion="4.1.5058.34326" maximumCompositeVersion="9.9999.9999.9999" />
	<mi:PackageInformation name="Composite.Search.SimplePageSearch" groupName="Composite.Search" version="2.0.7" author="Composite A/S" website="http://composite.net/" readMoreUrl="http://docs.composite.net/Composite.Search.SimplePageSearch" id="76d60b61-8bd7-42ec-aaab-67efe4584c5f" canBeUninstalled="true" systemLocking="hard" flushOnCompletion="true">
		<TechnicalDetails>Implements the search form and search results view as Razor functions. Does not include media files, data types and dynamic content in search results.</TechnicalDetails>
		<Description>Allows visitors search static content on a website by keywords.</Description>
	</mi:PackageInformation>
	<mi:PackageFragmentInstallerBinaries />
	<mi:PackageFragmentInstallers>
		<mi:Add installerType="Composite.Core.PackageSystem.PackageFragmentInstallers.FilePackageFragmentInstaller, Composite" uninstallerType="Composite.Core.PackageSystem.PackageFragmentInstallers.FilePackageFragmentUninstaller, Composite">
			<Files>
				<File sourceFilename="~\App_Data/Razor/Composite/Search/SimplePageSearch/SearchForm.cshtml" targetFilename="~\App_Data/Razor/Composite/Search/SimplePageSearch/SearchForm.cshtml" allowOverwrite="false" />
				<File sourceFilename="~\App_Data/Razor/Composite/Search/SimplePageSearch/SearchResults.cshtml" targetFilename="~\App_Data/Razor/Composite/Search/SimplePageSearch/SearchResults.cshtml" allowOverwrite="false" />
			</Files>
		</mi:Add>
	</mi:PackageFragmentInstallers>
</mi:PackageInstaller>