﻿<?xml version="1.0" encoding="utf-8"?>
<Data>
  <Add Id="d6ad9c90-0c92-40a4-95cb-ba9fdfa6f197" Function="5fc6ca41-a5c8-42fb-9ca9-94bd20ef9044" Name="System.Xml.dll" Location="System" />
  <Add Id="f5467087-bfe2-4f1c-a4c2-924a09ea9ddd" Function="5fc6ca41-a5c8-42fb-9ca9-94bd20ef9044" Name="System.Xml.Linq.dll" Location="System" />
  <Add Id="c52c4727-f1b4-4156-8ae7-44b032b2bca9" Function="5fc6ca41-a5c8-42fb-9ca9-94bd20ef9044" Name="system.web.dll" Location="system" />
  <Add Id="22acacc7-0204-40c3-805b-179a552f5b38" Function="5fc6ca41-a5c8-42fb-9ca9-94bd20ef9044" Name="System.dll" Location="System" />
  <Add Id="bed92c73-efb1-4d1a-aa0e-0806e2e3f5e8" Function="5fc6ca41-a5c8-42fb-9ca9-94bd20ef9044" Name="Composite.dll" Location="Bin" />
  <Add Id="c69987d5-91bd-4859-858c-9be759045648" Function="5fc6ca41-a5c8-42fb-9ca9-94bd20ef9044" Name="Composite.Workflows.dll" Location="Bin" />
  <Add Id="baa32ca7-28a4-46af-a04c-99b0f3f5f67c" Function="5fc6ca41-a5c8-42fb-9ca9-94bd20ef9044" Name="System.Core.dll" Location="System" />
  <Add Id="b976c7c4-89ce-4b8f-994d-dac33ab0a19b" Function="5fc6ca41-a5c8-42fb-9ca9-94bd20ef9044" Name="Composite.Generated.dll" Location="Bin" />
</Data>