<?xml version="1.0" standalone="yes"?>
<mi:PackageInstaller xmlns:mi="http://www.composite.net/ns/management/packageinstaller/1.0">
	<mi:PackageRequirements minimumCompositeVersion="3.0.4358.29126" maximumCompositeVersion="9.9999.9999.9999" />
	<mi:PackageInformation name="Composite.Community.Facebook.Pages" groupName="Composite.Community" version="1.0.0" author="Composite A/S" website="http://composite.net/" readMoreUrl="http://docs.composite.net/Composite.Community.Facebook.Pages" id="70344009-a5a0-4610-a73f-ac782dec0c78" canBeUninstalled="true" systemLocking="hard" flushOnCompletion="false">
    <TechnicalDetails>Provides a necessary layout template and styles for a Composite C1 page  to be properly displayed as a Facebook page. The page will be installed as a Page Tab App.</TechnicalDetails>
		<Description>Provides a necessary layout template and styles for a Composite C1 page  to be properly displayed as a Facebook page.</Description>
	</mi:PackageInformation>
	<mi:PackageFragmentInstallerBinaries />
	<mi:PackageFragmentInstallers>
		<mi:Add installerType="Composite.Core.PackageSystem.PackageFragmentInstallers.FilePackageFragmentInstaller, Composite" uninstallerType="Composite.Core.PackageSystem.PackageFragmentInstallers.FilePackageFragmentUninstaller, Composite">
			<Files>
				<File sourceFilename="~\App_Data\PageTemplates\Facebook Page.xml" targetFilename="~\App_Data\PageTemplates\Facebook Page.xml" allowOverwrite="false" />
				<File sourceFilename="~\Frontend\Composite\Community\Facebook\Pages\Styles.css" targetFilename="~\Frontend\Composite\Community\Facebook\Pages\Styles.css" allowOverwrite="false" />
			</Files>
			<Directories />
		</mi:Add>
		<mi:Add installerType="Composite.Core.PackageSystem.PackageFragmentInstallers.DynamicDataTypePackageFragmentInstaller, Composite" uninstallerType="Composite.Core.PackageSystem.PackageFragmentInstallers.DynamicDataTypePackageFragmentUninstaller, Composite">
			<Types />
		</mi:Add>
		<mi:Add installerType="Composite.Core.PackageSystem.PackageFragmentInstallers.DataPackageFragmentInstaller, Composite" uninstallerType="Composite.Core.PackageSystem.PackageFragmentInstallers.DataPackageFragmentUninstaller, Composite">
			<Types>
				<Type type="Composite.Data.Types.IPageTemplate,Composite">
					<Data dataScopeIdentifier="public" dataFilename="~\Datas\Composite.Data.Types.IPageTemplates_public.xml" />
				</Type>
				<Type type="Composite.Data.Types.IPageType,Composite">
					<Data dataScopeIdentifier="public" dataFilename="~\Datas\Composite.Data.Types.IPageTypes_public.xml" />
				</Type>
			</Types>
		</mi:Add>
	</mi:PackageFragmentInstallers>
</mi:PackageInstaller>