<?xml version="1.0" standalone="yes"?>
<mi:PackageInstaller xmlns:mi="http://www.composite.net/ns/management/packageinstaller/1.0">
	<mi:PackageRequirements minimumCompositeVersion="4.0.4882.28439" maximumCompositeVersion="9.9999.9999.9999" />
	<mi:PackageInformation name="Composite.Media.BootstrapCarousel.Razor" groupName="Composite.Media" version="2.0.5" author="Composite A/S" website="http://composite.net/" readMoreUrl="http://composite.net/" id="47c974eb-acee-42b1-9e5c-a292644dd4a6" canBeUninstalled="true" systemLocking="hard" flushOnCompletion="true">
		<TechnicalDetails>The slideshow below shows a generic plugin and component for cycling through elements like a carousel.</TechnicalDetails>
		<Description>The slideshow below shows a generic plugin and component for cycling through elements like a carousel.</Description>
	</mi:PackageInformation>
	<mi:PackageFragmentInstallerBinaries />
	<mi:PackageFragmentInstallers>
		<mi:Add installerType="Composite.Core.PackageSystem.PackageFragmentInstallers.FilePackageFragmentInstaller, Composite" uninstallerType="Composite.Core.PackageSystem.PackageFragmentInstallers.FilePackageFragmentUninstaller, Composite">
			<Files>
				<File sourceFilename="~\App_Data/Razor/Composite/Media/BootstrapCarousel.cshtml" targetFilename="~\App_Data/Razor/Composite/Media/BootstrapCarousel.cshtml" allowOverwrite="false" />
			</Files>
			<Directories>
				<Directory sourceDirectory="~\Frontend\Composite\Media\BootstrapCarousel\" targetDirectory="~\Frontend\Composite\Media\BootstrapCarousel\" allowOverwrite="true" deleteTargetDirectory="false" />
			</Directories>
		</mi:Add>
	</mi:PackageFragmentInstallers>
</mi:PackageInstaller>