<?xml version="1.0" standalone="yes"?>
<mi:PackageInstaller xmlns:mi="http://www.composite.net/ns/management/packageinstaller/1.0">
	<mi:PackageRequirements minimumCompositeVersion="4.2.0.0" maximumCompositeVersion="9.9999.9999.9999" />
	<mi:PackageInformation name="Composite.Localization.MicrosoftTranslatorWidget" groupName="Composite.Localization" version="1.0.5" author="Composite A/S" website="http://www.composite.net" readMoreUrl="http://docs.composite.net/Composite.Localization.MicrosoftTranslatorWidget"  id="339c7c38-008e-41c4-b0ec-2c395bf1daaa" canBeUninstalled="true" systemLocking="hard" flushOnCompletion="false">
		<Description>The Microsoft® Translator webpage widget allows you to bring real-time, in-place translations to your web site</Description>
		<TechnicalDetails>The Microsoft® Translator webpage widget allows you to bring real-time, in-place translations to your web site.</TechnicalDetails>
	</mi:PackageInformation>
	<mi:PackageFragmentInstallerBinaries />
	<mi:PackageFragmentInstallers>
		<mi:Add installerType="Composite.Core.PackageSystem.PackageFragmentInstallers.FilePackageFragmentInstaller, Composite" uninstallerType="Composite.Core.PackageSystem.PackageFragmentInstallers.FilePackageFragmentUninstaller, Composite">
			<Files>
				<File sourceFilename="~\App_Data\Razor\Composite\Localization\MicrosoftTranslatorWidget.cshtml" targetFilename="~\App_Data\Razor\Composite\Localization\MicrosoftTranslatorWidget.cshtml" allowOverwrite="false" />
			</Files>
			<Directories />
		</mi:Add>
	</mi:PackageFragmentInstallers>
</mi:PackageInstaller>