<?xml version="1.0" standalone="yes"?>
<mi:PackageInstaller xmlns:mi="http://www.composite.net/ns/management/packageinstaller/1.0">
	<mi:PackageRequirements minimumCompositeVersion="2.0.3947.24461" maximumCompositeVersion="2.9999.9999" />
	<mi:PackageInformation name="Composite.Web.Html.SyntaxHighlighter" groupName="Composite.Web.Html" version="1.0.0" author="Composite A/S" website="http://www.composite.net/" id="0134d5d1-30ce-46a6-8eef-c777faa4352d" canBeUninstalled="true" systemLocking="hard" flushOnCompletion="false">
		<Description>Highlights source code and markup samples with SyntaxHighlighter (http://alexgorbatchev.com/SyntaxHighlighter/)</Description>
	</mi:PackageInformation>
	<mi:PackageFragmentInstallerBinaries />
	<mi:PackageFragmentInstallers>
		<mi:Add installerType="Composite.Core.PackageSystem.PackageFragmentInstallers.FilePackageFragmentInstaller, Composite" uninstallerType="Composite.Core.PackageSystem.PackageFragmentInstallers.FilePackageFragmentUninstaller, Composite">
			<Files>
				<File sourceFilename="~\App_Data\Xslt\Composite\Web\Html\SyntaxHighlighter.xsl" targetFilename="~\App_Data\Xslt\Composite\Web\Html\SyntaxHighlighter.xsl" allowOverwrite="false" />
				<File sourceFilename="~\App_Code\Composite\Web\Html\SyntaxHighlighter\Functions.cs" targetFilename="~\App_Code\Composite\Web\Html\SyntaxHighlighter\Functions.cs" allowOverwrite="false" />
			</Files>
			<Directories>
				<Directory sourceDirectory="~\Frontend\Composite\Web\Html\SyntaxHighlighter\" targetDirectory="~\Frontend\Composite\Web\Html\SyntaxHighlighter\" allowOverwrite="true" deleteTargetDirectory="false" />
			</Directories>
		</mi:Add>
		<mi:Add installerType="Composite.Core.PackageSystem.PackageFragmentInstallers.DataPackageFragmentInstaller, Composite" uninstallerType="Composite.Core.PackageSystem.PackageFragmentInstallers.DataPackageFragmentUninstaller, Composite">
			<Types>
				<Type type="Composite.Data.Types.IMethodBasedFunctionInfo,Composite">
					<Data dataScopeIdentifier="public" dataFilename="~\Datas\Composite.Data.Types.IMethodBasedFunctionInfos_public.xml" />
				</Type>
				<Type type="Composite.Data.Types.IParameter,Composite">
					<Data dataScopeIdentifier="public" dataFilename="~\Datas\Composite.Data.Types.IParameters_public.xml" />
				</Type>
				<Type type="Composite.Data.Types.IXsltFunction,Composite">
					<Data dataScopeIdentifier="public" dataFilename="~\Datas\Composite.Data.Types.IXsltFunctions_public.xml" />
				</Type>
			</Types>
		</mi:Add>
	</mi:PackageFragmentInstallers>
</mi:PackageInstaller>