<?xml version="1.0" standalone="yes"?>
<mi:PackageInstaller xmlns:mi="http://www.composite.net/ns/management/packageinstaller/1.0">
	<mi:PackageRequirements minimumCompositeVersion="4.2.5249.32246" maximumCompositeVersion="9.9999.9999.9999" />
	<mi:PackageInformation name="Composite.Web.Html.CountrySpecificContent" groupName="Composite.Web" version="1.0.0" author="Composite A/S" website="http://composite.net" readMoreUrl="http://docs.composite.net/Composite.Web.Html.CountrySpecificContent" id="89ea2fb5-b0d0-4fa4-8f5b-f03c33c97396" canBeUninstalled="true" systemLocking="hard" flushOnCompletion="true">
		<TechnicalDetails>-</TechnicalDetails>
		<Description>Shows the content for specific active country.</Description>
	</mi:PackageInformation>
	<mi:PackageFragmentInstallerBinaries />
	<mi:PackageFragmentInstallers>
		<mi:Add installerType="Composite.Core.PackageSystem.PackageFragmentInstallers.FilePackageFragmentInstaller, Composite" uninstallerType="Composite.Core.PackageSystem.PackageFragmentInstallers.FilePackageFragmentUninstaller, Composite">
			<Files>
				<File sourceFilename="~\App_Data/Razor/Composite/Web/Html/CountrySpecificContent.cshtml" targetFilename="~\App_Data/Razor/Composite/Web/Html/CountrySpecificContent.cshtml" allowOverwrite="false" />
			</Files>
			<Directories>
				<Directory sourceDirectory="~\Frontend\Composite\Web\Html\CountrySpecificContent\" targetDirectory="~\Frontend\Composite\Web\Html\CountrySpecificContent\" allowOverwrite="true" deleteTargetDirectory="false" />
			</Directories>
		</mi:Add>
	</mi:PackageFragmentInstallers>
</mi:PackageInstaller>