<?xml version="1.0" standalone="yes"?>
<mi:PackageInstaller xmlns:mi="http://www.composite.net/ns/management/packageinstaller/1.0">
	<mi:PackageRequirements minimumCompositeVersion="3.2.4497.34793" maximumCompositeVersion="9.9999.9999.9999" />
	<mi:PackageInformation name="Composite.Community.LinkedIn.ProfileButton" groupName="Composite.Community" version="1.0.1" author="Composite A/S" website="http://composite.net" readMoreUrl="http://docs.composite.net/Composite.Community.LinkedIn.ProfileButton" id="18c34134-0f78-4029-823a-d3fea3a862a3" canBeUninstalled="true" systemLocking="hard" flushOnCompletion="true">
		<TechnicalDetails>Allows you to add to add a button for your or other person's LinkedIn public profile to a web page.</TechnicalDetails>
		<Description>Allows you to add to add a button for your or other person's LinkedIn public profile to a web page.</Description>
	</mi:PackageInformation>
	<mi:PackageFragmentInstallerBinaries />
	<mi:PackageFragmentInstallers>
		<mi:Add installerType="Composite.Core.PackageSystem.PackageFragmentInstallers.FilePackageFragmentInstaller, Composite" uninstallerType="Composite.Core.PackageSystem.PackageFragmentInstallers.FilePackageFragmentUninstaller, Composite">
			<Files>
				<File sourceFilename="~\App_Data\Xslt\Composite\Community\LinkedIn\ProfileButton.xsl" targetFilename="~\App_Data\Xslt\Composite\Community\LinkedIn\ProfileButton.xsl" allowOverwrite="false" />
			</Files>
			<Directories />
		</mi:Add>
		<mi:Add installerType="Composite.Core.PackageSystem.PackageFragmentInstallers.DataPackageFragmentInstaller, Composite" uninstallerType="Composite.Core.PackageSystem.PackageFragmentInstallers.DataPackageFragmentUninstaller, Composite">
			<Types>
				<Type type="Composite.Data.Types.IParameter,Composite">
					<Data dataScopeIdentifier="public" dataFilename="~\Datas\Composite.Data.Types.IParameters_public.xml" />
				</Type>
				<Type type="Composite.Data.Types.IXsltFunction,Composite">
					<Data dataScopeIdentifier="public" dataFilename="~\Datas\Composite.Data.Types.IXsltFunctions_public.xml" />
				</Type>
			</Types>
		</mi:Add>
	</mi:PackageFragmentInstallers>
</mi:PackageInstaller>