<?xml version="1.0" standalone="yes"?>
<mi:PackageInstaller xmlns:mi="http://www.composite.net/ns/management/packageinstaller/1.0">
    <mi:PackageRequirements minimumCompositeVersion="4.2.0.0" maximumCompositeVersion="9.9999.9999.9999" />
    <mi:PackageInformation name="Composite.Community.LinkedIn.ProfileButton" groupName="Composite.Community" version="1.0.3" author="Composite A/S" website="http://composite.net" readMoreUrl="http://docs.composite.net/Composite.Community.LinkedIn.ProfileButton" id="18c34134-0f78-4029-823a-d3fea3a862a3" canBeUninstalled="true" systemLocking="hard" flushOnCompletion="true">
        <TechnicalDetails>Allows you to add a button for your LinkedIn public profile to a web page.</TechnicalDetails>
        <Description>Allows you to add a button for your LinkedIn public profile to a web page.</Description>
    </mi:PackageInformation>
    <mi:PackageFragmentInstallerBinaries />
    <mi:PackageFragmentInstallers>
        <mi:Add installerType="Composite.Core.PackageSystem.PackageFragmentInstallers.FilePackageFragmentInstaller, Composite" uninstallerType="Composite.Core.PackageSystem.PackageFragmentInstallers.FilePackageFragmentUninstaller, Composite">
            <Files>
                <File sourceFilename="~\App_Data\Razor\Composite\Community\LinkedIn\ProfileButton.cshtml" targetFilename="~\App_Data\Razor\Composite\Community\LinkedIn\ProfileButton.cshtml" allowOverwrite="false" />
            </Files>
            <Directories>
                <Directory sourceDirectory="~\Frontend\Composite\Community\LinkedIn\ProfileButton\" targetDirectory="~\Frontend\Composite\Community\LinkedIn\ProfileButton\" allowOverwrite="true" deleteTargetDirectory="false" />
            </Directories>
        </mi:Add>
    </mi:PackageFragmentInstallers>
</mi:PackageInstaller>