<?xml version="1.0" standalone="yes"?>
<mi:PackageInstaller xmlns:mi="http://www.composite.net/ns/management/packageinstaller/1.0">
	<mi:PackageRequirements minimumCompositeVersion="4.2.5287.17495" maximumCompositeVersion="9.9999.9999.9999" />
	<mi:PackageInformation name="Composite.Media.ImageGallery.Slimbox2.DefaultContent" groupName="Composite.Media.ImageGallery.Slimbox2" version="1.0.0" author="Composite A/S" website="http://composite.net/" readMoreUrl="http://www.composite.net/Add-on-Market/Packages/Composite.Media.ImageGallery.Slimbox2" id="3237ff22-6caf-4557-8525-1d6822e3529b" canBeUninstalled="true" systemLocking="hard" flushOnCompletion="true">
		<TechnicalDetails>-</TechnicalDetails>
		<Description>-</Description>
	</mi:PackageInformation>
	<mi:PackageFragmentInstallerBinaries />
	<mi:PackageFragmentInstallers>
		<mi:Add installerType="Composite.Core.PackageSystem.PackageFragmentInstallers.DataPackageFragmentInstaller, Composite" uninstallerType="Composite.Core.PackageSystem.PackageFragmentInstallers.DataPackageFragmentUninstaller, Composite">
			<Types>
				<Type type="Composite.Data.Types.IPageStructure,Composite">
					<Data dataScopeIdentifier="public" dataFilename="~\Datas\Composite.Data.Types.IPageStructures_public.xml" />
				</Type>
				<Type type="Composite.Data.Types.IPage,Composite">
					<Data dataScopeIdentifier="administrated" locale="?" dataFilename="~\Datas\Composite.Data.Types.IPages_administrated.xml" />
				</Type>
				<Type type="Composite.Data.Types.IPage,Composite">
					<Data dataScopeIdentifier="public" locale="?" dataFilename="~\Datas\Composite.Data.Types.IPages_public.xml" />
				</Type>
				<Type type="Composite.Data.Types.IPagePlaceholderContent,Composite">
					<Data dataScopeIdentifier="administrated" locale="?" dataFilename="~\Datas\Composite.Data.Types.IPagePlaceholderContents_administrated.xml" />
				</Type>
				<Type type="Composite.Data.Types.IPagePlaceholderContent,Composite">
					<Data dataScopeIdentifier="public" locale="?" dataFilename="~\Datas\Composite.Data.Types.IPagePlaceholderContents_public.xml" />
				</Type>
			</Types>
		</mi:Add>
	</mi:PackageFragmentInstallers>
</mi:PackageInstaller>