<?xml version="1.0" encoding="utf-8"?>
<strings>
  <string key="DialogTitle" value="Funktionsegenskaber" />
  <string key="FunctionLocalNameGroupLabel" value="Funktionsresultatets lokale navn" />
  <string key="FunctionLocalNameLabel" value="Lokalt navn" />
  <string key="FunctionLocalNameHelp" value="Hvis du inkluderer en funktion flere gange, kan dette omr&#229;de hj&#230;lpe dig med at skelne mellem de enkelte resultater ved brug af deres lokale navn." />
  <string key="ParameterValueLabel" value="Parameterv&#230;rdi" />
  <string key="AddNewFunctionDialogLabel" value="V&#230;lg funktion" />
  <string key="SetNewFunctionDialogLabel" value="V&#230;lg funktion" />
  <string key="ComplexFunctionCallDialogLabel" value="V&#230;rdi for parameteren &#39;{0}&#39;" />
  <string key="ParameterTypeLabel" value="Parametertype" />
  <string key="ParameterNameLabel" value="Parameternavn" />
  <string key="ReturnTypeLabel" value="Returtype" />
  <string key="ValidationFailedAlertTitle" value="Validering mislykkedes" />
  <string key="FunctionNotFound" value="Funktionen &#39;{0}&#39; findes ikke." />
  <string key="RequiredParameterNotDefined" value="Den &#248;nskede parameter &#39;{0}&#39; er ikke blevet defineret." />
  <string key="IncorrectTypeCast" value="Forkert type cast. Parameternavn: &#39;{0}&#39;, funktionsnavn: &#39;{1}&#39;." />
  <string key="ParameterTypeDefaultLabel" value="Standard" />
  <string key="ParameterTypeConstantLabel" value="Konstant" />
  <string key="ParameterTypeInputParameterLabel" value="Input parameter" />
  <string key="ParameterTypeFunctionLabel" value="Funktion" />
  <string key="AddNewButtonLabel" value="Tilf&#248;j ny" />
  <string key="DeleteButtonLabel" value="Slet" />
  <string key="SetNewButtonLabel" value="Indstil ny" />
  <string key="ToolBar.LabelSource" value="Kilde" />
  <string key="ToolBar.LabelDesign" value="Design" />
</strings>