<?xml version="1.0" encoding="utf-8" ?>
<strings>
	<string key="LayoutLabel" value="Dette punkt redigeres i &#248;jeblikket" />
  <string key="LockedByUsername.FieldGroupLabel" value="Information" />
  <string key="LockedByUsername.Label" value="Elementet er redigeret af:" />
	<string key="LockedByUsername.Help" value="En anden bruger er igang med at redigere dette element. Tryk p&#229; OK&#39; for at forts&#230;tte eller &#39;annull&#233;r&#39; for at afbryde." />
	<string key="SameUserHeading.Title" value="Du redigerer dette element i en anden fane - vil du forts&#230;tte?" />
	<string key="SameUserHeading.Description" value="Tryk p&#229; &#39;OK&#39; for at forts&#230;tte med at &#229;bne elementet eller tryk &#39;annull&#233;r&#39; for at afbryde." />
	<string key="AnotherUserHeading.Title" value="En anden bruger er igang med at redigere dette element - vil du forts&#230;tte?" />
	<string key="AnotherUserHeading.Description" value="Hvis elementet &#230;ndres samtidigt af flere brugere, risikerer du,  at &#230;ndringerne kan g&#229; tabt. Tryk p&#229; &#39;OK&#39; for at forts&#230;tte eller &#39;annull&#233;r&#39; for at afbryde." />
</strings>