<?xml version="1.0" encoding="utf-8" ?>
<strings>
	<string key="ReadLabel" value="L&#230;s" />
	<string key="EditLabel" value="Redig&#233;r" />
	<string key="AddLabel" value="Tilf&#248;j" />
	<string key="DeleteLabel" value="Slet" />
	<string key="ApproveLabel" value="Godkend" />
	<string key="PublishLabel" value="Public&#233;r" />
	<string key="AdministrateLabel" value="Administr&#233;r" />
	<string key="ClearPermissionsLabel" value="Ryd rettigheder" />
	<string key="AdminLockoutMessage" value="Denne handling vil fjerne dine administrative rettigheder fra denne enhed. Du kan ikke fjerne dine egne administrative rettigheder." />
</strings>