<?xml version="1.0" encoding="utf-8"?>
<strings>
  <string key="SEOAssistant" value="SEO assistent" />
  <string key="IntroText" value="Gener&#233;r en forh&#229;ndsvisning af siden til at beregne SEO indikationen." />
  <string key="TabResult" value="Resultat" />
  <string key="TabKeywords" value="N&#248;gleord" />
  <string key="ResultHeading" value="N&#248;gleord findes i side-forh&#229;ndsvisningen:" />
  <string key="NoKeywordsWarning" value="Ingen s&#248;geord konfigureret." />
  <string key="isInTitle" value="S&#248;geord i titlen" />
  <string key="isInURL" value="S&#248;geord i Url" />
  <string key="isInMenuTitle" value="S&#248;geord i menutitel" />
  <string key="isInDescription" value="S&#248;geord i beskrivelsen" />
  <string key="isInHeading" value="S&#248;geord i overskriften" />
  <string key="isInContent" value="S&#248;geord i indhold" />
  <string key="NoKeywords" value="Ingen s&#248;geord fundet i side-forh&#229;ndsvisningen" />
	<string key="IncorrectHtml" value="Kunne ikke analysere s&#248;geordene, da markup&#39;en ikke er gyldig" />
</strings>