<?xml version="1.0" encoding="utf-8"?>
<strings>
  <string key="af-ZA" value="Afrikaans, Sydafrika" />
  <string key="sq-AL" value="Albansk, Albanien" />
  <string key="ar-DZ" value="Arabisk, Algeriet" />
  <string key="ar-BH" value="Arabisk, Bahrain" />
  <string key="ar-EG" value="Arabisk, Egypten" />
  <string key="ar-IQ" value="Arabisk, Irak" />
  <string key="ar-JO" value="Arabisk, Jordan" />
  <string key="ar-KW" value="Arabisk, Kuwait" />
  <string key="ar-LB" value="Arabisk, Libanon" />

  <string key="ar-LY" value="Arabisk, Libyen" />
  <string key="ar-MA" value="Arabisk, Marokko" />
  <string key="ar-OM" value="Arabisk, Oman" />
  <string key="ar-QA" value="Arabisk, Qatar" />
  <string key="ar-SA" value="Arabisk, Saudi-Arabien" />
  <string key="ar-SY" value="Arabisk, Syrien" />
  <string key="ar-TN" value="Arabisk, Tunesien" />
  <string key="ar-AE" value="Arabisk, U.A.E." />
  <string key="ar-YE" value="Arabisk, Yemen" />

  <string key="hy-AM" value="Armensk, Armenien" />
  <string key="az-Cyrl-AZ" value="Azeri, kyrillisk Aserbajdsjan" />
  <string key="az-Latn-AZ" value="Azeri, Latin Aserbajdsjan" />
  <string key="eu-ES" value="Baskisk, Basque" />
  <string key="be-BY" value="Hviderussisk, Hviderusland" />
  <string key="bs-Latn-BA" value="Bosnisk, Bosnien-Hercegovina" />
  <string key="bs-Cyrl-BA" value="Bosnisk (kyrillisk) (Bosnien-Hercegovina)" />
  <string key="bg-BG" value="Bulgarsk, Bulgarien" />
  <string key="ca-ES" value="Catalansk, catalansk" />

  <string key="zh-HK" value="Kinesisk, Hongkong S.A.R." />
  <string key="zh-MO" value="Kinesisk, Macao S.A.R." />
  <string key="zh-CN" value="Kinesisk, Folkerepublikken Kina" />
  <string key="zh-SG" value="Kinesisk, Singapore" />
  <string key="zh-TW" value="Kinesisk, Taiwan" />
  <string key="hr-BA" value="Kroatisk, Bosnien-Hercegovina" />
  <string key="hr-HR" value="Kroatisk, Kroatien" />
  <string key="cs-CZ" value="Tjekkiet, Tjekkiet" />
  <string key="da-DK" value="Dansk" />

  <string key="dv-MV" value="Divehi, Maldiverne" />
  <string key="nl-BE" value="Hollandsk, Belgien" />
  <string key="nl-NL" value="Hollandsk" />
  <string key="en-AU" value="Engelsk, Australien" />
  <string key="en-BZ" value="Engelsk, Belize" />
  <string key="en-CA" value="Engelsk, Canada" />
  <string key="en-029" value="Engelsk, Caribien" />
  <string key="en-IE" value="Engelsk, Irland" />
  <string key="en-JM" value="Engelsk, Jamaica" />

  <string key="en-NZ" value="Engelsk, New Zealand" />
  <string key="en-PH" value="Engelsk, Republikken Filippinerne" />
  <string key="en-ZA" value="Engelsk, Sydafrika" />
  <string key="en-TT" value="Engelsk, Trinidad og Tobago" />
  <string key="en-GB" value="Engelsk, UK" />
  <string key="en-US" value="Engelsk, US" />
  <string key="en-ZW" value="Engelsk, Zimbabwe" />
  <string key="et-EE" value="Estisk, Estland" />
  <string key="fo-FO" value="F&#230;r&#248;sk, F&#230;r&#248;erne" />

  <string key="fil-PH" value="Filippinsk, Filippinerne" />
  <string key="fi-FI" value="Finsk" />
  <string key="fr-BE" value="Fransk, Belgien" />
  <string key="fr-CA" value="Fransk, Canada" />
  <string key="fr-FR" value="French" />
  <string key="fr-LU" value="Fransk, Luxembourg" />
  <string key="fr-MC" value="Fransk, Fyrstend&#248;mmet Monaco" />
  <string key="fr-CH" value="Fransk, Schweiz" />
  <string key="fy-NL" value="Frisiske, Holland" />

  <string key="gd-GB" value="G&#230;lisk, Storbritannien" />
  <string key="gl-ES" value="Galicisk, galicisk" />
  <string key="ka-GE" value="Georgisk, Georgien" />
  <string key="de-AT" value="Tysk, &#216;strig" />
  <string key="de-DE" value="German" />
  <string key="de-LI" value="Tysk, Liechtenstein" />
  <string key="de-LU" value="Tysk, Luxembourg" />
  <string key="de-CH" value="Tysk, Schweiz" />
  <string key="el-GR" value="Gr&#230;sk, Gr&#230;kenland" />
  <string key="kl-GL" value="Gr&#248;nlandsk" />

  <string key="gu-IN" value="Gujarati, Indien" />
  <string key="he-IL" value="Hebraisk, Israel" />
  <string key="hi-IN" value="Hindi, Indien" />
  <string key="hu-HU" value="Ungarsk, Ungarn" />
  <string key="is-IS" value="Islandsk, Island" />
  <string key="id-ID" value="Indonesisk, Indonesien" />
  <string key="iu-Latn-CA" value="Inuktitut (Latin) (Canada)" />
  <string key="ga-IE" value="Irsk, Irland" />
  <string key="it-IT" value="Italiensk" />

  <string key="it-CH" value="Italiensk, Schweiz" />
  <string key="ja-JP" value="Japansk, Japan" />
  <string key="kn-IN" value="Kannada, Indien" />
  <string key="kk-KZ" value="Kasakhisk, Kasakhstan" />
  <string key="sw-KE" value="Kiswahili, Kenya" />
  <string key="kok-IN" value="Konkani, Indien" />
  <string key="ko-KR" value="Koreansk, Korea" />
  <string key="ky-KG" value="Kirgisiske, Kirgisistan" />
  <string key="lv-LV" value="Lettiske, Letland" />

  <string key="lt-LT" value="Litauisk, Litauen" />
  <string key="lb-LU" value="Luxembourgsk, Luxembourg" />
  <string key="mk-MK" value="Makedonsk, Den Tidligere Jugoslaviske Republik Makedonien" />
  <string key="ms-BN" value="Malay, Brunei" />
  <string key="ms-MY" value="Malay, Malaysia" />
  <string key="mt-MT" value="Maltesisk, Malta" />
  <string key="mi-NZ" value="Maori, New Zealand" />
  <string key="arn-CL" value="Mapudungun, Chile" />
  <string key="mr-IN" value="Marathi, Indien" />

  <string key="moh-CA" value="Mohawk, Canada" />
  <string key="mn-MN" value="Mongolsk, kyrillisk Mongoliet" />
  <string key="nb-NO" value="Norsk bokm&#229;l" />
  <string key="nn-NO" value="Nynorsk, Norge" />
  <string key="fa-IR" value="Persisk, Iran" />
  <string key="pl-PL" value="Polsk, Polen" />
  <string key="pt-BR" value="Portugisisk, Brasilien" />
  <string key="pt-PT" value="Portugisisk, Portugal" />
  <string key="pa-IN" value="Punjabi, Indien" />

  <string key="quz-BO" value="Quechua, Bolivia" />
  <string key="quz-EC" value="Quechua, Ecuador" />
  <string key="quz-PE" value="Quechua, Peru" />
  <string key="ro-RO" value="Rum&#230;nsk, Rum&#230;nien" />
  <string key="rm-CH" value="R&#230;toromansk, Schweiz" />
  <string key="ru-RU" value="Russisk, Rusland" />
  <string key="smn-FI" value="Sami (Inari) (Finland)" />
  <string key="smj-NO" value="Sami (Lule) (Norge)" />
  <string key="smj-SE" value="Sami (Lule) (Sverige)" />

  <string key="se-FI" value="Sami (Northern) (Finland)" />
  <string key="se-NO" value="Sami (Northern) (Norge)" />
  <string key="se-SE" value="Sami" />
  <string key="sms-FI" value="Sami (Skolt) (Finland)" />
  <string key="sma-NO" value="Sami (Southern) (Norge)" />
  <string key="sma-SE" value="Sami (Southern) (Sverige)" />
  <string key="sa-IN" value="Sanskrit, Indien" />

  <string key="sr-Cyrl-BA" value="Serbisk, kyrillisk (Bosnien-Hercegovina)" />
  <string key="sr-Cyrl-ME" value="Serbisk, kyrillisk (Montenegro)" />
  <string key="sr-Cyrl-CS" value="Serbisk, kyrillisk (Serbien og Montenegro - tidligere)" />
  <string key="sr-Cyrl-RS" value="Serbisk, kyrillisk (Serbia)" />
  <string key="sr-Latn-BA" value="Serbisk, Latin (Bosnien-Hercegovina)" />
  <string key="sr-Latn-ME" value="Serbisk, Latin (Montenegro)" />
  <string key="sr-Latn-CS" value="Serbisk, Latin (Serbien og Montenegro - tidligere)" />
  <string key="sr-Latn-RS" value="Serbisk, Latin (Serbia)" />

  <string key="ns-ZA" value="Sesotho sa Leboa, Sydafrika" />
  <string key="tn-ZA" value="Setswana, Sydafrika" />
  <string key="sk-SK" value="Slovakisk, Slovakiet" />
  <string key="sl-SI" value="Slovensk, Slovenien" />
  <string key="es-AR" value="Spansk, Argentina" />
  <string key="es-BO" value="Spansk, Bolivia" />
  <string key="es-CL" value="Spansk, Chile" />

  <string key="es-CO" value="Spansk, Colombia" />
  <string key="es-CR" value="Spansk, Costa Rica" />
  <string key="es-DO" value="Spansk, Den Dominikanske Republik" />
  <string key="es-EC" value="Spansk, Ecuador" />
  <string key="es-SV" value="Spansk, El Salvador" />
  <string key="es-GT" value="Spansk, Guatemala" />
  <string key="es-HN" value="Spansk, Honduras" />
  <string key="es-MX" value="Spansk, Mexico" />
  <string key="es-NI" value="Spansk, Nicaragua" />

  <string key="es-PA" value="Spansk, Panama" />
  <string key="es-PY" value="Spansk, Paraguay" />
  <string key="es-PE" value="Spansk, Peru" />
  <string key="es-PR" value="Spansk, Puerto Rico" />
  <string key="es-ES" value="Spanish" />
  <string key="es-UY" value="Spansk, Uruguay" />
  <string key="es-VE" value="Spansk, Venezuela" />
  <string key="sv-FI" value="Svensk, Finland" />
  <string key="sv-SE" value="Svensk" />

  <string key="syr-SY" value="Syrisk, Syrien" />
  <string key="ta-IN" value="Tamil, Indien" />
  <string key="tt-RU" value="Tatar, Rusland" />
  <string key="te-IN" value="Telugu, Indien" />
  <string key="th-TH" value="Thai, Thailand" />
  <string key="tr-TR" value="Tyrkisk, Tyrkiet" />
  <string key="uk-UA" value="Ukrainsk, Ukraine" />
  <string key="ur-PK" value="Urdu, Den Islamiske Republik Pakistan" />
  <string key="uz-Cyrl-UZ" value="Usbekisk, kyrillisk Usbekistan" />

  <string key="uz-Latn-UZ" value="Usbekisk, Latin Usbekistan" />
  <string key="vi-VN" value="Vietnamesisk, Vietnam" />
  <string key="cy-GB" value="Welsh, Storbritannien" />
  <string key="xh-ZA" value="Xhosa, Sydafrika" />
  <string key="zu-ZA" value="Zulu, Sydafrika" />

  <string key="gsw-FR" value="Alsace, Frankrig" />
  <string key="am-ET" value="Amharisk, Etiopien" />
  <string key="as-IN" value="Assamesisk, Indien" />
  <string key="ba-RU" value="Bashkir, Rusland" />
  <string key="bn-BD" value="Bengalsk, Bangladesh" />
  <string key="bn-IN" value="Bengalsk, Indien" />
  <string key="br-FR" value="Breton, Frankrig" />
  <string key="co-FR" value="Korsikansk, Frankrig" />
  <string key="prs-AF" value="Dari, Afghanistan" />
  <string key="en-IN" value="Engelsk, Indien" />
  <string key="en-MY" value="Engelsk, Malaysia" />
  <string key="en-SG" value="Engelsk, Singapore" />
  <string key="ha-Latn-NG" value="Hausa (Latin) (Nigeria)" />
  <string key="ig-NG" value="Igbo, Nigeria" />
  <string key="iu-Cans-CA" value="Inuktitut, Canada" />
  <string key="km-KH" value="Khmer, Cambodja" />
  <string key="qut-GT" value="K&#39;iche, Guatemala" />
  <string key="rw-RW" value="Kinyarwanda, Rwanda" />
  <string key="lo-LA" value="Lao Lao P.D.R." />
  <string key="dsb-DE" value="Nedersorbisk, Tyskland" />
  <string key="ml-IN" value="Malayalam, Indien" />
  <string key="mn-Mong-CN" value="Mongolsk (traditionelt mongolsk) (Folkerepublikken Kina)" />
  <string key="ne-NP" value="Nepali, Nepal" />
  <string key="oc-FR" value="Occitansk, Frankrig" />
  <string key="or-IN" value="Oriya, Indien" />
  <string key="ps-AF" value="Pashto, Afghanistan" />
  <string key="nso-ZA" value="Sesotho sa Leboa, Sydafrika" />
  <string key="si-LK" value="Singalesisk, Sri Lanka" />
  <string key="es-US" value="Spansk, USA" />
  <string key="tg-Cyrl-TJ" value="Tadsjikiske (kyrillisk) (Tadsjikistan)" />
  <string key="tzm-Latn-DZ" value="Tamazight (Latin) (Algeriet)" />
  <string key="bo-CN" value="Tibetansk, Folkerepublikken Kina" />
  <string key="tk-TM" value="Turkmensk, Turkmenistan" />
  <string key="ug-CN" value="Uighur, Folkerepublikken Kina" />
  <string key="hsb-DE" value="H&#248;jsorbisk, Tyskland" />
  <string key="wo-SN" value="Wolof, Senegal" />
  <string key="sah-RU" value="Yakut, Rusland" />
  <string key="ii-CN" value="Yi, Folkerepublikken Kina" />
  <string key="yo-NG" value="Yoruba, Nigeria" />
  
</strings>