<?xml version="1.0" encoding="utf-8" ?>
<strings>
	<string key="SendToDraft" value="L&#230;g i udkast" />
	<string key="SendToDraftToolTip" value="" />
	<string key="Publish" value="Public&#233;r" />
	<string key="PublishToolTip" value="Public&#233;r p&#229; hjemmesiden" />
	<string key="Unpublish" value="Afpublic&#233;r" />
	<string key="UnpublishToolTip" value="S&#230;t status som udkast og fjern den publicerede version" />
	<string key="SendForApproval" value="Send til godkendelse" />
	<string key="SendForApprovalToolTip" value="Send til godkendelse" />
	<string key="SendForPublication" value="Sender til publicering" />
	<string key="SendForPublicationToolTip" value="Send til publicering" />
	<string key="UndoPublishedChanges" value="Fortryd &#230;ndringer" />
	<string key="UndoPublishedChangesToolTip" value="Fortryd upublicerede &#230;ndringer" />
	<string key="ValidationErrorTitle" value="Denne handling er ikke mulig" />
	<string key="ValidationErrorMessage" value="Data blev ikke valideret p.g.a f&#248;lgende fejl:" />	
</strings>