<?xml version="1.0" standalone="yes"?>
<mi:PackageInstaller xmlns:mi="http://www.composite.net/ns/management/packageinstaller/1.0">
	<mi:PackageRequirements minimumCompositeVersion="4.3.5555.25838" maximumCompositeVersion="9.9999.9999.9999" />
	<mi:PackageInformation name="Composite.StarterSite.PageBlock.DeviceSpecificContent" groupName="Composite.StarterSite" version="1.0.0" author="Composite A/S" website="http://composite.net" readMoreUrl="http://composite.net" id="f302eb16-7c64-4aa5-aa8e-b27cc710b3cf" canBeUninstalled="true" systemLocking="hard" flushOnCompletion="true">
		<TechnicalDetails>Based on http://detectmobilebrowsers.com/</TechnicalDetails>
		<Description>Deliver either 'Mobile' or 'Desktop' content , depending on the browser requesting the page.</Description>
	</mi:PackageInformation>
	<mi:PackageFragmentInstallerBinaries />
	<mi:PackageFragmentInstallers>
		<mi:Add installerType="Composite.Core.PackageSystem.PackageFragmentInstallers.FilePackageFragmentInstaller, Composite" uninstallerType="Composite.Core.PackageSystem.PackageFragmentInstallers.FilePackageFragmentUninstaller, Composite">
			<Files>
				<File sourceFilename="~\App_Data/Razor/PageBlocks/DeviceSpecificContent.cshtml" targetFilename="~\App_Data/Razor/PageBlocks/DeviceSpecificContent.cshtml" allowOverwrite="false" />
			</Files>
		</mi:Add>
	</mi:PackageFragmentInstallers>
</mi:PackageInstaller>