<?xml version="1.0" standalone="yes"?>
<mi:PackageInstaller xmlns:mi="http://www.composite.net/ns/management/packageinstaller/1.0">
	<mi:PackageRequirements minimumCompositeVersion="2.1.4241.27463" maximumCompositeVersion="9.9999.9999.9999">
	</mi:PackageRequirements>
	<mi:PackageInformation name="Composite.Feeds.YouTubeReader" groupName="Composite.Feeds" version="2.0.1" author="Composite A/S" website="www.composite.net" readMoreUrl="http://docs.composite.net/Composite.Feeds.RssReader" id="5a06f424-e058-402a-973b-9f8e6629438c" canBeUninstalled="true" systemLocking="hard" flushOnCompletion="false">
		<Description>Turns a list of YouTube links into a playlist or a gallery</Description>
		<TechnicalDetails>Implemented as an XSLT function. Allows you to control the RSS source and number of items to display through its parameters. RSS feeds are not cached.</TechnicalDetails>
	</mi:PackageInformation>
	<mi:PackageFragmentInstallerBinaries />
	<mi:PackageFragmentInstallers>
		<mi:Add installerType="Composite.Core.PackageSystem.PackageFragmentInstallers.FilePackageFragmentInstaller, Composite" uninstallerType="Composite.Core.PackageSystem.PackageFragmentInstallers.FilePackageFragmentUninstaller, Composite">
			<Files>
				<File sourceFilename="~\App_Data\Xslt\Composite\Feeds\YouTubeReader.xsl" targetFilename="~\App_Data\Xslt\Composite\Feeds\YouTubeReader.xsl" allowOverwrite="false" />
				<File sourceFilename="~\App_Data\Composite\InlineCSharpFunctions\Composite.Feeds.YoutubeReader.GetFeedURL.cs" targetFilename="~\App_Data\Composite\InlineCSharpFunctions\Composite.Feeds.YoutubeReader.GetFeedURL.cs" allowOverwrite="false" />
			</Files>
			<Directories>
				<Directory sourceDirectory="~\Frontend\Composite\Feeds\YouTubeReader\" targetDirectory="~\Frontend\Composite\Feeds\YouTubeReader\" allowOverwrite="true" deleteTargetDirectory="false" />
			</Directories>
		</mi:Add>
		<mi:Add installerType="Composite.Core.PackageSystem.PackageFragmentInstallers.DataPackageFragmentInstaller, Composite" uninstallerType="Composite.Core.PackageSystem.PackageFragmentInstallers.DataPackageFragmentUninstaller, Composite">
			<Types>
				<Type type="Composite.Data.Types.IInlineFunction,Composite">
					<Data dataScopeIdentifier="public" dataFilename="~\Datas\Composite.Data.Types.IInlineFunctions_public.xml" />
				</Type>
				<Type type="Composite.Data.Types.IInlineFunctionAssemblyReference,Composite">
					<Data dataScopeIdentifier="public" dataFilename="~\Datas\Composite.Data.Types.IInlineFunctionAssemblyReferences_public.xml" />
				</Type>
				<Type type="Composite.Data.Types.INamedFunctionCall,Composite">
					<Data dataScopeIdentifier="public" dataFilename="~\Datas\Composite.Data.Types.INamedFunctionCalls_public.xml" />
				</Type>
				<Type type="Composite.Data.Types.IParameter,Composite">
					<Data dataScopeIdentifier="public" dataFilename="~\Datas\Composite.Data.Types.IParameters_public.xml" />
				</Type>
				<Type type="Composite.Data.Types.IXsltFunction,Composite">
					<Data dataScopeIdentifier="public" dataFilename="~\Datas\Composite.Data.Types.IXsltFunctions_public.xml" />
				</Type>
			</Types>
		</mi:Add>
	</mi:PackageFragmentInstallers>
</mi:PackageInstaller>