<?xml version="1.0" encoding="utf-8" ?>
<strings>
	<string key="LayoutLabel" value="Цей елемент у даний час редагується" />
  <string key="LockedByUsername.FieldGroupLabel" value="Інформація" />
  <string key="LockedByUsername.Label" value="Елемент редагується:" />
	<string key="LockedByUsername.Help" value="Ще один користувач редагує цей елемент. Натисніть кнопку &quot;OK&quot; для продовження або &quot;Скасувати&quot; для скасування." />
	<string key="SameUserHeading.Title" value="Ви редагуєте цей елемент на іншій вкладці - продовжити?" />
	<string key="SameUserHeading.Description" value="Натисніть кнопку &quot;OK&quot;, щоб продовжити та відкрити цей елемент або кнопку &quot;Скасувати&quot; для скасування." />
	<string key="AnotherUserHeading.Title" value="Ще один користувач в даний момент редагує цей елемент - продовжити?" />
	<string key="AnotherUserHeading.Description" value="Якщо елемент змінюють одночасно кілька користувачів, зміни можуть бути втрачені. Натисніть кнопку &quot;OK&quot;, щоб продовжити або &quot;Скасувати&quot; для скасування." />
</strings>