<?xml version="1.0" encoding="utf-8"?>
<strings>
  <string key="Plugins.XsltBasedFunctionProviderElementProvider.RootFolderLabel" value="XSLT функції" />
  <string key="Plugins.XsltBasedFunctionProviderElementProvider.RootFolderToolTip" value="XSLT функції" />
  <string key="AddNewXsltFunctionWorkflow.DuplicateName" value="XSLT функція з тим же ім'ям вже існує." />
  <string key="AddNewXsltFunctionWorkflow.MethodEmpty" value="Ім'я методу не повинно бути порожнім" />
  <string key="AddNewXsltFunctionWorkflow.NamespaceEmpty" value="Простір імен не повинен бути порожнім" />
  <string key="AddNewXsltFunctionWorkflow.InvalidNamespace" value="Простір імен повинен виглядати як A.B.C - і не починатися або закінчуватися на &quot;.&quot;" />
  <string key="AddNewXsltFunctionWorkflow.MissingActiveLanguageTitle" value="Відсутня мова" />
  <string key="AddNewXsltFunctionWorkflow.MissingActiveLanguageMessage" value="Для створення XSLT функції, потрібна наявність мови, але мови ще не додані. Ви можете додати мову в розділі &quot;Система&quot;." />
  <string key="AddNewXsltFunctionWorkflow.MissingPageTitle" value="Відсутня сторінка" />
  <string key="AddNewXsltFunctionWorkflow.MissingPageMessage" value="Для створення XSLT-функції повинна бути додана принаймні одна сторінка." />
  <string key="AddNewXsltFunctionWorkflow.TotalNameTooLang" value="Загальна довжина імені та простіру імен занадто велика (використовується в імені XSL файла)." />
  <string key="DeleteXsltFunctionWorkflow.ConfirmDeleteTitle" value="Видалити XSLT-функцію?" />
  <string key="DeleteXsltFunctionWorkflow.ConfirmDeleteMessage" value="Видалити вибраний XSLT?" />
  <string key="DeleteXsltFunctionWorkflow.CascadeDeleteErrorTitle" value="Помилка каскадного видалення" />
  <string key="DeleteXsltFunctionWorkflow.CascadeDeleteErrorMessage" value="На даний тип посилається інший тип, який не допускає каскадне видалення. Виконання операції припинено." />
  <string key="EditXsltFunctionWorkflow.DuplicateName" value="XSLT функція з тим же ім'ям вже існує." />
  <string key="EditXsltFunctionWorkflow.EmptyMethodName" value="Ім'я методу не повинно бути порожнім" />
  <string key="EditXsltFunctionWorkflow.NamespaceEmpty" value="Простір імен не може бути пустим." />
  <string key="EditXsltFunctionWorkflow.InvalidNamespace" value="Простір імен повинен виглядати як A.B.C - і не починатися або закінчуватися на &quot;.&quot;." />
  <string key="EditXsltFunctionWorkflow.InvalidFileName" value="Шлях до файлу XSLT повинен починатися з \ або /" />
  <string key="EditXsltFunctionWorkflow.InvalidName" value="Неприпустиме ім'я функції" />
  <string key="EditXsltFunctionWorkflow.CannotRenameFileExists" value="Не можна перейменувати функцію, файл '{0}' вже існує." />
  <string key="EditXsltFunctionWorkflow.TotalNameTooLang" value="Загальна довжина імені та простіру імен занадто велика (використовується в імені XSL файла)." />

  <string key="EditXsltFunctionWorkflow.SameLocalFunctionNameClashTitle" value="Локальне ім'я функції вже використовується." />
  <string key="EditXsltFunctionWorkflow.SameLocalFunctionNameClashMessage" value="Два або більше виклика функції використовують одне те ж саме локальне ім'я. Змініть імена так, щоб вони були різними." />
  
  <string key="XsltBasedFunctionProviderElementProvider.Add" value="Додати XSLT функцію" />
  <string key="XsltBasedFunctionProviderElementProvider.AddToolTip" value="Додати нову XSLT функцію" />
  <string key="XsltBasedFunctionProviderElementProvider.Edit" value="Змінити" />
  <string key="XsltBasedFunctionProviderElementProvider.EditToolTip" value="Змінити XSLT функцію" />
  <string key="XsltBasedFunctionProviderElementProvider.Delete" value="Видалити" />
  <string key="XsltBasedFunctionProviderElementProvider.DeleteToolTip" value="Видалити XSLT функцію" />
  <string key="AddNewXsltFunctionStep1.LabelDialog" value="Додати нову XSLT функцію" />
  <string key="AddNewXsltFunctionStep1.LabelFieldGroup" value="Назва та тип виводу" />
  <string key="AddNewXsltFunctionStep1.LabelName" value="Ім'я" />
  <string key="AddNewXsltFunctionStep1.HelpName" value="" />
  <string key="AddNewXsltFunctionStep1.LabelNamespace" value="Простір імен" />
  <string key="AddNewXsltFunctionStep1.HelpNamespace" value="" />
  <string key="AddNewXsltFunctionStep1.LabelOutputType" value="Тип виводу" />
  <string key="EditXsltFunction.LabelSettings" value="Настройки" />
  <string key="EditXsltFunction.LabelName" value="Ім'я" />
  <string key="EditXsltFunction.HelpName" value="" />
  <string key="EditXsltFunction.LabelNamespace" value="Простір імен" />
  <string key="EditXsltFunction.HelpNamespace" value="" />
  <string key="EditXsltFunction.LabelDescription" value="Опис" />
  <string key="EditXsltFunction.HelpDescription" value="" />
  <string key="EditXsltFunction.LabelDebug" value="Налагодження" />
  <string key="EditXsltFunction.LabelPage" value="Сторінка" />
  <string key="EditXsltFunction.HelpPage" value="При налагодженні ця сторінка використовується як контекст для візуалізації." />
  <string key="EditXsltFunction.LabelAdminitrativeScope" value="Адміністративна" />
  <string key="EditXsltFunction.LabelPublicScope" value="Публічна" />
  <string key="EditXsltFunction.LabelPageDataScope" value="Область видимості даних" />
  <string key="EditXsltFunction.HelpPageDataScope" value="Виберіть публічну версію або версію для розробки як контекст для візуалізації." />
  <string key="EditXsltFunction.LabelActiveLocales" value="Мова" />
  <string key="EditXsltFunction.HelpActiveLocales" value="Виберіть мову, яка буде використовуватися при налагодженні функції." />
  <string key="EditXsltFunction.OutputType" value="Тип виводу" />
  <string key="EditXsltFunction.LabelInputParameters" value="Вхідні параметри" />
  <string key="EditXsltFunction.LabelFunctionCalls" value="Виклики функцій" />
  <string key="EditXsltFunction.LabelTemplate" value="Шаблон" />
  <string key="EditXsltFunction.LabelPreview" value="Перегляд" />
  <string key="EditXsltFunctionWorkflow.MissingActiveLanguageTitle" value="Відсутня мова" />
  <string key="EditXsltFunctionWorkflow.MissingActiveLanguageMessage" value="Для створення XSLT функції, потрібна наявність мови, але мови ще не додані. Ви можете додати мову в розділі &quot;Система&quot;." />
  <string key="EditXsltFunctionWorkflow.MissingPageTitle" value="Відсутня сторінка" />
  <string key="EditXsltFunctionWorkflow.MissingPageMessage" value="Для зміни XSLT функції повинна бути додана принаймні одна сторінка." />
</strings>