<?xml version="1.0" encoding="utf-8" ?>
<strings>
  <string key="PageTemplateElementProvider.RootLabel" value="Шаблони сторінок" />
  <string key="PageTemplateElementProvider.RootLabelToolTip" value="Тут ви можете знайти XHTML шаблони веб-сайтів." />
  <string key="PageTemplateElementProvider.AddTemplate" value="Додати шаблон" />
  <string key="PageTemplateElementProvider.AddTemplateToolTip" value="Додати новий шаблон" />
  <string key="PageTemplateElementProvider.EditTemplate" value="Змінити шаблон" />
  <string key="PageTemplateElementProvider.EditTemplateToolTip" value="Змінити вибраний шаблон" />
	<string key="PageTemplateElementProvider.DeleteTemplate" value="Видалити" />
	<string key="PageTemplateElementProvider.DeleteTemplateToolTip" value="Видалити вибраний шаблон" />
	
  <string key="AddNewPageTemplateStep1.LabelDialog" value="Додати новий шаблон веб-сайту" />
  <string key="AddNewPageTemplateStep1.LabelFieldGroup" value="Шаблон веб-сайту" />
  <string key="AddNewPageTemplateStep1.LabelTemplateTitle" value="Назва шаблону" />
  <string key="AddNewPageTemplateStep1.LabelTemplateTitleHelp" value="Назва шаблону ідентифікує його в списках. Рекомендується вибрати коротку й осмислену назву." />
  <string key="AddNewPageTemplateStep1.LabelCopyFrom" value="Копіювати з" />
  <string key="AddNewPageTemplateStep1.LabelCopyFromHelp" value="Можна скопіювати код розмітки з іншого шаблону, вибравши його в цьому списку." />
  <string key="AddNewPageTemplateStep1.LabelCopyFromEmptyOption" value="(Новий шаблон)" />
  <string key="AddNewPageTemplateStep1.TitleInUseTitle" value="Назва вже використовується" />
  <string key="AddNewPageTemplateStep1.TitleTooLong" value="Назва занадто довга (використовується як частина імені XML файлу)." />

  <string key="EditPageTemplate.LabelMarkUpCode" value="Розмітка" />
  <string key="EditPageTemplate.LabelTemplateIdentification" value="Інформація про шаблон" />
  <string key="EditPageTemplate.LabelTemplateTitle" value="Назва шаблону" />
  <string key="EditPageTemplate.LabelTemplateTitleHelp" value="Назва шаблону ідентифікує його в списках. Рекомендується вибрати коротку й осмислену назву." />

  <string key="EditPageTemplateWorkflow.InvalidXmlTitle" value="Неможливо зберегти сторінку" />
  <string key="EditPageTemplateWorkflow.InvalidXmlMessage" value="Код розмітки шаблону не пройшов перевірку. {0}" />
  <string key="EditPageTemplateWorkflow.CannotRenameFileExists" value="Не можна перейменувати шаблон - файл з ім'ям '{0}' вже існує." />
  <string key="EditPageTemplateWorkflow.TitleInUseTitle" value="Назва вже використовується" />

  <string key="DeletePageTemplateStep1.LabelFieldGroup" value="Видалити цей шаблон сторінки?" />
	<string key="DeletePageTemplateStep1.Text" value="Видалити шаблон сторінки?" />
	
	<string key="DeletePageTemplateWorkflow.CascadeDeleteErrorTitle" value="Помилка каскадного видалення" />
	<string key="DeletePageTemplateWorkflow.CascadeDeleteErrorMessage" value="На цей тип посилається інший тип даних, який не допускає каскадне видалення. Виконання операції припинено." />
</strings>
