<?xml version="1.0" encoding="utf-8"?>
<strings>
  <string key="af-ZA" value="Африкаанс, Південна Африка" />
  <string key="sq-AL" value="Албанська, Албанія" />
  <string key="ar-DZ" value="Арабська, Алжир" />
  <string key="ar-BH" value="Арабська, Бахрейн" />
  <string key="ar-EG" value="Арабська, Єгипет" />
  <string key="ar-IQ" value="Арабська, Ірак" />
  <string key="ar-JO" value="Арабська, Йорданія" />
  <string key="ar-KW" value="Арабська, Кувейт" />
  <string key="ar-LB" value="Арабська, Ліван" />

  <string key="ar-LY" value="Арабська, Лівія" />
  <string key="ar-MA" value="Арабська, Марокко" />
  <string key="ar-OM" value="Арабська, Оман" />
  <string key="ar-QA" value="Арабська, Катар" />
  <string key="ar-SA" value="Арабська, Саудівська Аравія" />
  <string key="ar-SY" value="Арабська, Сирія" />
  <string key="ar-TN" value="Арабська, Туніс" />
  <string key="ar-AE" value="Арабська, ОАЕ" />
  <string key="ar-YE" value="Арабська, Ємен" />

  <string key="hy-AM" value="Вірменська, Вірменія" />
  <string key="az-Cyrl-AZ" value="Азербайджанська, Азербайджанська (кир.)" />
  <string key="az-Latn-AZ" value="Азербайджанська, Азербайджанська (лат.)" />
  <string key="eu-ES" value="Баскська, Баскська" />
  <string key="be-BY" value="Білоруська, Білорусь" />
  <string key="bs-Latn-BA" value="Боснійська, Боснія і Герцеговина" />
  <string key="bs-Cyrl-BA" value="Боснійська (кир.) (Боснія і Герцеговина)" />
  <string key="bg-BG" value="Болгарська, Болгарія" />
  <string key="ca-ES" value="Каталонська, Каталонська" />

  <string key="zh-HK" value="Китайська, Гонконг ОАР" />
  <string key="zh-MO" value="Китайська, Макао ОАР" />
  <string key="zh-CN" value="Китайська, Китайська Народна Республіка" />
  <string key="zh-SG" value="Китайська, Сінгапур" />
  <string key="zh-TW" value="Китайська, Тайвань" />
  <string key="hr-BA" value="Хорватська, Боснія і Герцеговина" />
  <string key="hr-HR" value="Хорватська, Хорватія" />
  <string key="cs-CZ" value="Чеська, Чеська Республіка" />
  <string key="da-DK" value="Данська" />

  <string key="dv-MV" value="Дівехі, Мальдіви" />
  <string key="nl-BE" value="Голландська, Бельгія" />
  <string key="nl-NL" value="Нідерландська" />
  <string key="en-AU" value="Англійська, Австралія" />
  <string key="en-BZ" value="Англійська, Беліз" />
  <string key="en-CA" value="Англійська, Канада" />
  <string key="en-029" value="Англійська, Карибська басейн" />
  <string key="en-IE" value="Англійська, Ірландія" />
  <string key="en-JM" value="Англійська, Ямайка" />

  <string key="en-NZ" value="Англійська, Нова Зеландія" />
  <string key="en-PH" value="Англійська, Республіка Філіппіни" />
  <string key="en-ZA" value="Англійська, Південна Африка" />
  <string key="en-TT" value="Англійська, Тринідад і Тобаго" />
  <string key="en-GB" value="Англійська, Великобританія" />
  <string key="en-US" value="Англійська, США" />
  <string key="en-ZW" value="Англійська, Зімбабве" />
  <string key="et-EE" value="Естонська, Естонія" />
  <string key="fo-FO" value="Фарерська, Фарерські о-ви" />

  <string key="fil-PH" value="Філіппінська, Філіппіни" />
  <string key="fi-FI" value="Фінська" />
  <string key="fr-BE" value="Французька, Бельгія" />
  <string key="fr-CA" value="Французька, Канада" />
  <string key="fr-FR" value="Французька" />
  <string key="fr-LU" value="Французька, Люксембург" />
  <string key="fr-MC" value="Французька, Князівство Монако" />
  <string key="fr-CH" value="Французька, Швейцарія" />
  <string key="fy-NL" value="Фризька, Нідерланди" />

  <string key="gd-GB" value="Гельський, Великобританія" />
  <string key="gl-ES" value="Галісійська" />
  <string key="ka-GE" value="Грузинська, Грузія" />
  <string key="de-AT" value="Німецька, Австрія" />
  <string key="de-DE" value="Німецька" />
  <string key="de-LI" value="Німецька, Ліхтенштейн" />
  <string key="de-LU" value="Німецька, Люксембург" />
  <string key="de-CH" value="Німецька, Швейцарії" />
  <string key="el-GR" value="Грецька, Греція" />
  <string key="kl-GL" value="Гренландська" />

  <string key="gu-IN" value="Гуджараті, Індія" />
  <string key="he-IL" value="Іврит, Ізраїль" />
  <string key="hi-IN" value="Хінді, Індія" />
  <string key="hu-HU" value="Угорська, Угорщина" />
  <string key="is-IS" value="Ісландська, Ісландія" />
  <string key="id-ID" value="Індонезійська, Індонезія" />
  <string key="iu-Latn-CA" value="Інуктітут (лат.) (Канада)" />
  <string key="ga-IE" value="Ірландська, Ірландія" />
  <string key="it-IT" value="Італійська" />

  <string key="it-CH" value="Італійська, Швейцарія" />
  <string key="ja-JP" value="Японська, Японія" />
  <string key="kn-IN" value="Каннада, Індія" />
  <string key="kk-KZ" value="Казахська, Казахстан" />
  <string key="sw-KE" value="Суахілі, Кенія" />
  <string key="kok-IN" value="Конкані, Індія" />
  <string key="ko-KR" value="Корейська, Корея" />
  <string key="ky-KG" value="Киргизька, Киргизстан" />
  <string key="lv-LV" value="Латвійська, Латвія" />

  <string key="lt-LT" value="Литовська, Литва" />
  <string key="lb-LU" value="Люксембурзька, Люксембург" />
  <string key="mk-MK" value="Македонська, колишня Югославська Республіка Македонія" />
  <string key="ms-BN" value="Малайська, Бруней-Даруссалам" />
  <string key="ms-MY" value="Малайська, Малайзія" />
  <string key="mt-MT" value="Мальтійська, Мальта" />
  <string key="mi-NZ" value="Маорі, Нова Зеландія" />
  <string key="arn-CL" value="Мапуче, Чилі" />
  <string key="mr-IN" value="Маратхі, Індія" />

  <string key="moh-CA" value="Мохок, Канада" />
  <string key="mn-MN" value="Монгольська, Монгольська (кир.)" />
  <string key="nb-NO" value="Норвезька (букмол)" />
  <string key="nn-NO" value="Норвезька (нюнорськ), Норвегія" />
  <string key="fa-IR" value="Перська, Іран" />
  <string key="pl-PL" value="Польська, Польща" />
  <string key="pt-BR" value="Португальська, Бразилія" />
  <string key="pt-PT" value="Португальська, Португалія" />
  <string key="pa-IN" value="Пенджабі, Індія" />

  <string key="quz-BO" value="Кечуа, Болівія" />
  <string key="quz-EC" value="Кечуа, Еквадор" />
  <string key="quz-PE" value="Кечуа, Перу" />
  <string key="ro-RO" value="Румунська, Румунія" />
  <string key="rm-CH" value="Ретороманська, Швейцарія" />
  <string key="ru-RU" value="Російська, Росія" />
  <string key="smn-FI" value="Самі (Інарі) (Фінляндія)" />
  <string key="smj-NO" value="Самі (Лулі) (Норвегія)" />
  <string key="smj-SE" value="Самі (Лулі) (Швеція)" />

  <string key="se-FI" value="Самі (Північний) (Фінляндія)" />
  <string key="se-NO" value="Самі (Північний) (Норвегія)" />
  <string key="se-SE" value="Самі" />
  <string key="sms-FI" value="Самі (Скольт) (Фінляндія)" />
  <string key="sma-NO" value="Самі (Південний) (Норвегія)" />
  <string key="sma-SE" value="Самі (Південний) (Швеція)" />
  <string key="sa-IN" value="Санскрит, Індія" />

  <string key="sr-Cyrl-BA" value="Сербська (кир.) (Боснія і Герцеговина)" />
  <string key="sr-Cyrl-ME" value="Сербська, кирилиця (Чорногорія)" />
  <string key="sr-Cyrl-CS" value="Сербська, Сербська (кир.)" />
  <string key="sr-Cyrl-RS" value="Сербська, кирилиця (Сербія)" />
  <string key="sr-Latn-BA" value="Сербська (лат.) (Боснія і Герцеговина)" />
  <string key="sr-Latn-ME" value="Сербська, латиниця (Чорногорія)" />
  <string key="sr-Latn-CS" value="Сербська, Сербська (лат.)" />
  <string key="sr-Latn-RS" value="Сербська, латиниця (Сербія)" />

  <string key="ns-ZA" value="Сесото са лебоа, Південна Африка" />
  <string key="tn-ZA" value="Сетсвана, Південна Африка" />
  <string key="sk-SK" value="Словацька, Словаччина" />
  <string key="sl-SI" value="Словенська, Словенія" />
  <string key="es-AR" value="Іспанська, Аргентина" />
  <string key="es-BO" value="Іспанська, Болівія" />
  <string key="es-CL" value="Іспанська, Чилі" />

  <string key="es-CO" value="Іспанська, Колумбія" />
  <string key="es-CR" value="Іспанська, Коста-Ріка" />
  <string key="es-DO" value="Іспанська, Домініканська Республіка" />
  <string key="es-EC" value="Іспанська, Еквадор" />
  <string key="es-SV" value="Іспанська, Сальвадор" />
  <string key="es-GT" value="Іспанська, Гватемала" />
  <string key="es-HN" value="Іспанська, Гондурас" />
  <string key="es-MX" value="Іспанська, Мексика" />
  <string key="es-NI" value="Іспанська, Нікарагуа" />

  <string key="es-PA" value="Іспанська, Панама" />
  <string key="es-PY" value="Іспанська, Парагвай" />
  <string key="es-PE" value="Іспанська, Перу" />
  <string key="es-PR" value="Іспанська, Пуерто-Ріко" />
  <string key="es-ES" value="Іспанська" />
  <string key="es-UY" value="Іспанська, Уругвай" />
  <string key="es-VE" value="Іспанська, Венесуела" />
  <string key="sv-FI" value="Шведська, Фінляндія" />
  <string key="sv-SE" value="Шведська" />

  <string key="syr-SY" value="Сирійська, Сирія" />
  <string key="ta-IN" value="Тамільська, Індія" />
  <string key="tt-RU" value="Татарська, Росія" />
  <string key="te-IN" value="Телугу, Індія" />
  <string key="th-TH" value="Тайська, Таїланд" />
  <string key="tr-TR" value="Турецька, Туреччина" />
  <string key="uk-UA" value="Українська, України" />
  <string key="ur-PK" value="Урду, Ісламська Республіка Пакистан" />
  <string key="uz-Cyrl-UZ" value="Узбецька, Узбецька (кир.)" />

  <string key="uz-Latn-UZ" value="Узбецька, Узбецька (лат.)" />
  <string key="vi-VN" value="В&#39;єтнамська, В&#39;єтнам" />
  <string key="cy-GB" value="Валлійська, Великобританія" />
  <string key="xh-ZA" value="Коса, Південна Африка" />
  <string key="zu-ZA" value="Зулу, Південна Африка" />

  <string key="gsw-FR" value="Ельзаська, Франція" />
  <string key="am-ET" value="Амхарська, Ефіопія" />
  <string key="as-IN" value="Ассамська, Індія" />
  <string key="ba-RU" value="Башкирська, Росія" />
  <string key="bn-BD" value="Бенгальська, Бангладеш" />
  <string key="bn-IN" value="Бенгальська, Індія" />
  <string key="br-FR" value="Бретон, Франція" />
  <string key="co-FR" value="Корсиканська, Франція" />
  <string key="prs-AF" value="Дарі, Афганістан" />
  <string key="en-IN" value="Англійська, Індія" />
  <string key="en-MY" value="Англійська, Малайзія" />
  <string key="en-SG" value="Англійська, Сінгапур" />
  <string key="ha-Latn-NG" value="Хауса (лат.) (Нігерія)" />
  <string key="ig-NG" value="Ігбо, Нігерія" />
  <string key="iu-Cans-CA" value="Інуктітут, Канада" />
  <string key="km-KH" value="Кхмерська, Камбоджа" />
  <string key="qut-GT" value="Кіче, Гватемала" />
  <string key="rw-RW" value="Киньяруанда, Руанда" />
  <string key="lo-LA" value="Лао, ЛНДР" />
  <string key="dsb-DE" value="Нижньолужицька, Німеччина" />
  <string key="ml-IN" value="Малаялам, Індія" />
  <string key="mn-Mong-CN" value="Монгольська (трад. монгольська) (КНР)" />
  <string key="ne-NP" value="Непальська, Непал" />
  <string key="oc-FR" value="Окситанська, Франція" />
  <string key="or-IN" value="Орія, Індія" />
  <string key="ps-AF" value="Пушту, Афганістан" />
  <string key="nso-ZA" value="Сесото са лебоа, Південна Африка" />
  <string key="si-LK" value="Сингальська, Шрі-Ланка" />
  <string key="es-US" value="Іспанська, Сполучені Штати" />
  <string key="tg-Cyrl-TJ" value="Таджицька (кир.) (Таджикистан)" />
  <string key="tzm-Latn-DZ" value="тамазігхт (лат.) (Алжир)" />
  <string key="bo-CN" value="Тибетська, КНР" />
  <string key="tk-TM" value="Туркменська, Туркменістан" />
  <string key="ug-CN" value="Уйгурська, КНР" />
  <string key="hsb-DE" value="Верхній сербська, Німеччина" />
  <string key="wo-SN" value="Волоф, Сенегал" />
  <string key="sah-RU" value="Якутська, Росія" />
  <string key="ii-CN" value="Ій, КНР" />
  <string key="yo-NG" value="Йоруба, Нігерія" />
  
</strings>