<?xml version="1.0" encoding="utf-8" ?>
<strings>
	<string key="ReadLabel" value="Читати" />
	<string key="EditLabel" value="Змінити" />
	<string key="AddLabel" value="Додавати" />
	<string key="DeleteLabel" value="Видаляти" />
	<string key="ApproveLabel" value="Затверджувати" />
	<string key="PublishLabel" value="Публікувати" />
	<string key="AdministrateLabel" value="Адмініструвати" />
	<string key="ClearPermissionsLabel" value="Видалити всі дозволи" />
	<string key="AdminLockoutMessage" value="Ця операція скасує ваші адміністративні права щодо об&#39;єкту. Не можна скасувати власні адміністративні права." />
</strings>