<?xml version="1.0" encoding="utf-8"?>
<strings>
  <string key="DialogTitle" value="Властивості функции" />
  <string key="FunctionLocalNameGroupLabel" value="Локальна назва результату функції" />
  <string key="FunctionLocalNameLabel" value="Локальна назва" />
  <string key="FunctionLocalNameHelp" value="Якщо ви додаєте функцію кілька разів, це поле може допомогти вам розрізняти їх окремі результати за їх локальною назвою." />
  <string key="ParameterValueLabel" value="Значення параметра" />
  <string key="AddNewFunctionDialogLabel" value="Виберіть функцію" />
  <string key="ComplexFunctionCallDialogLabel" value="Значення параметра &quot;{0}&quot;" />
  <string key="ParameterTypeLabel" value="Тип параметра" />
  <string key="ParameterNameLabel" value="Ім'я параметра" />
  <string key="ReturnTypeLabel" value="Тип значення, що повертається" />
  <string key="ValidationFailedAlertTitle" value="Помилка перевірки" />
  <string key="FunctionNotFound" value="Функція &quot;{0}&quot; не існує." />
  <string key="RequiredParameterNotDefined" value="Обов'язковий параметр &quot;{0}&quot; не визначений." />
  <string key="IncorrectTypeCast" value="Неправильне приведення типу. Ім'я параметра: &quot;{0}&quot;, ім'я функції: &quot;{1}&quot;." />
  <string key="ParameterTypeDefaultLabel" value="За замовчанням" />
  <string key="ParameterTypeConstantLabel" value="Константа" />
  <string key="ParameterTypeInputParameterLabel" value="Вхідний параметр" />
  <string key="ParameterTypeFunctionLabel" value="Функція" />
  <string key="AddNewButtonLabel" value="Додати" />
  <string key="DeleteButtonLabel" value="Видалити" />
  <string key="ToolBar.LabelSource" value="Код" />
  <string key="ToolBar.LabelDesign" value="Дизайн" />
</strings>