﻿<?xml version="1.0" encoding="utf-8" ?>
<strings>
	<string key="LayoutLabel" value="Цей елемент у даний час редагується" />
  <string key="LockedByUsername.FieldGroupLabel" value="Інформація" />
  <string key="LockedByUsername.Label" value="Елемент редагується:" />
	<string key="LockedByUsername.Help" value="Ще один користувач редагує цей елемент. Натисніть кнопку &quot;OK&quot; для продовження або &quot;Скасувати&quot; для скасування." />
	<string key="SameUserHeading.Title" value="Цей елемент вже відкритий для редагування" />
	<string key="SameUserHeading.Description" value="Якщо ви відкриєте один і той же елемент для редагування більше одного разу, дані можуть бути втрачені. Натисніть кнопку &quot;OK&quot;, щоб продовжити або &quot;Скасувати&quot; для скасування." />
	<string key="AnotherUserHeading.Title" value="Ще один користувач в даний момент редагує цей елемент." />
	<string key="AnotherUserHeading.Description" value="Якщо елемент змінюють одночасно кілька користувачів, зміни можуть бути втрачені. Натисніть кнопку &quot;OK&quot;, щоб продовжити або &quot;Скасувати&quot; для скасування." />
</strings>
