﻿<?xml version="1.0" encoding="utf-8" ?>
<strings>
	<string key="SendToDraft" value="Надіслати до чернеток" />
	<string key="SendToDraftToolTip" value="" />
	<string key="Publish" value="Опублікувати" />
	<string key="PublishToolTip" value="Опублікувати на сайті" />
	<string key="Unpublish" value="Скасувати публікацію" />
	<string key="UnpublishToolTip" value="Перевести в режим чернетки і видалити опубліковану версію" />
	<string key="SendForApproval" value="Надіслати на затвердження" />
	<string key="SendForApprovalToolTip" value="Надіслати на затвердження" />
	<string key="SendForPublication" value="Надіслати на публікацію" />
	<string key="SendForPublicationToolTip" value="Надіслати на публікацію" />
	<string key="UndoPublishedChanges" value="Скасувати зміни" />
	<string key="UndoPublishedChangesToolTip" value="Скасувати неопубліковані зміни" />
	<string key="ValidationErrorTitle" value="Дія неможлива" />
	<string key="ValidationErrorMessage" value="Дані не пройшли перевірку з такими помилками:" />	
</strings>
