<?xml version="1.0" encoding="UTF-8"?>
<strings>

	<!-- preload precaution -->
	<string key="Preload.Key" value="Отримано при запуску SourceEditorBinding, щоб переконатися, що рядки завантажуються:)" />
	
	<!-- validation messages -->
	<string key="Invalid.HTML.DialogTitle" value="Неприпустимий XHTML" />
	<string key="Invalid.HTML.MissingHtml" value="Кореневий тег &lt;html&gt; відсутній." />
	<string key="Invalid.HTML.MissingHead" value="Відсутній тег &lt;head&gt;." />
	<string key="Invalid.HTML.MissingBody" value="Відсутній тег &lt;body&gt;." />
	<string key="Invalid.HTML.HeadBodyIndex" value="Тег &lt;head&gt; повинен передувати &lt;body&gt;." />
	<string key="Invalid.HTML.NamespaceURI" value="Кореневий простір імен неправильне." />
	<string key="Invalid.HTML.MultipleBody" value="Тільки один тег &lt;body&gt; допускається." />
	<string key="Invalid.HTML.MultipleHead" value="Тільки один &lt;head&gt; тег допускається." />
	
	<string key="Format.XML.ErrorDialog.Title" value="Форматування коду перервано" /> 
	<string key="Format.XML.ErrorDialog.Text" value="Форматування XML коду вимагає правильно сформованої структури документа." />
	
	<!-- plain/colored switch button -->
	<string key="Switch.PlainEdit.Label" value="Просте редагування" />
	<string key="Switch.PlainEdit.ToolTip" value="Без підсвічування синтаксису, велика продуктивність" />
	<string key="Switch.ColoredEdit.Label" value="Кольорове редагування" />
	<string key="Switch.ColoredEdit.ToolTip" value="Підсвітка синтаксису, менша продуктивність" />

  <!-- toolbar menus -->
  <string key="Toolbar.Insert.Label" value="Вставити" />
  <string key="Toolbar.Format.Label" value="Форматувати" />
  <string key="Toolbar.Format.ToolTip" value="Форматувати код XML" />
  
  <!-- insert dropdown -->
	<string key="Insert.PageURL.Label" value="URL сторінки" />
	<string key="Insert.ImageURL.Label" value="URL зображення" />
	<string key="Insert.MediaURL.Label" value="URL медіа-файлу" />
	<string key="Insert.FrontendURL.Label" value="Frontend URL" />
	<string key="Insert.FunctionMarkup.Label" value="Код функції" />
	
</strings>