<?xml version="1.0" encoding="utf-8"?>
<strings>
  <string key="SqlFunctionElementProvider.RootLabel" value="SQL функції" />
  <string key="SqlFunctionElementProvider.RootLabelToolTip" value="Додати підключення, а потім запити до підключень" />
  <string key="SqlFunctionElementProvider.AddConnection" value="Додати SQL підключення" />
  <string key="SqlFunctionElementProvider.AddConnectionToolTip" value="Додати нове SQL підключення" />
  <string key="SqlFunctionElementProvider.EditConnection" value="Змінити" />
  <string key="SqlFunctionElementProvider.EditConnectionToolTip" value="Змінити SQL підключення" />
  <string key="SqlFunctionElementProvider.DeleteConnection" value="Видалити" />
  <string key="SqlFunctionElementProvider.DeleteConnectionToolTip" value="Видалити SQL підключення" />
  <string key="SqlFunctionElementProvider.AddQuery" value="Додати новий SQL запит" />
  <string key="SqlFunctionElementProvider.AddQueryToolTip" value="Додати новий SQL запит" />
  <string key="SqlFunctionElementProvider.EditQuery" value="Змінити" />
  <string key="SqlFunctionElementProvider.EditQueryToolTip" value="Змінити SQL запит" />
  <string key="SqlFunctionElementProvider.DeleteQuery" value="Видалити" />
  <string key="SqlFunctionElementProvider.DeleteQueryToolTip" value="Видалити SQL запит" />
  <string key="AddNewSqlFunction.LabelDialog" value="Додати новий SQL запит" />
  <string key="AddNewSqlFunction.LabelNamingPanel" value="Назва функції" />
  <string key="AddNewSqlFunction.LabelName" value="Назва" />
  <string key="AddNewSqlFunction.HelpName" value="" />
  <string key="AddNewSqlFunction.LabelNamespace" value="Простір імен" />
  <string key="AddNewSqlFunction.HelpNamespace" value="" />
  <string key="AddNewSqlFunction.LabelQueryCOmmand" value="Текст SQL команди" />
  <string key="AddNewSqlFunction.HelpQueryCOmmand" value="" />
  <!-- shared on add and edit -->
  <string key="AddEditSqlFunction.LabelIsStoredProcedure" value="Це збережена процедура" />
  <string key="AddEditSqlFunction.LabelIsStoredProcedureCheckBox" value="Так, ця команда є процедурою" />
  <string key="AddEditSqlFunction.LabelReturnsXml" value="Повертає результат у вигляді XML" />
  <string key="AddEditSqlFunction.LabelReturnsXmlCheckBox" value="Так, ця команда повертає XML" />
  <string key="AddEditSqlFunction.LabelIsQuery" value="Це запит" />
  <string key="AddEditSqlFunction.LabelIsQueryCheckBox" value="Так, ця команда повертає дані" />
  <string key="AddEditSqlFunction.LabelCommandBehaviour" value="Поведінка SQL команди" />
  <string key="AddEditSqlFunctionConnection.LabelFieldGroup" value="Настройки SQL підключення" />
  <string key="AddEditSqlFunction.LabelSqlEditor" value="SQL команда" />
  <string key="AddNewSqlFunctionConnection.LabelDialog" value="Додати нове SQL підключення" />
  <string key="AddNewSqlFunctionConnection.LabelName" value="Назва" />
  <string key="AddNewSqlFunctionConnection.HelpName" value="" />
  <string key="AddNewSqlFunctionConnection.LabelConnectionString" value="Рядок підключення" />
  <string key="AddNewSqlFunctionConnection.HelpConnectionString" value="" />
  <string key="AddNewSqlFunctionConnection.LabelIsMSSQL" value="MS SQL Server" />
  <string key="AddNewSqlFunctionConnection.LabelIsMSSQLCheckBox" value="Це база даних MS SQL Server" />
  <string key="EditSqlFunction.LabelInputParameters" value="Вхідні параметри" />
  <string key="EditSqlFunction.LabelSettings" value="Настройки" />
  <string key="EditSqlFunction.LabelNamingAndDescription" value="Назва та опис функції" />
  <string key="EditSqlFunction.LabelName" value="Назва" />
  <string key="EditSqlFunction.HelpName" value="" />
  <string key="EditSqlFunction.LabelNamespace" value="Простір імен" />
  <string key="EditSqlFunction.HelpNamespace" value="" />
  <string key="EditSqlFunction.LabelDescription" value="Опис" />
  <string key="EditSqlFunction.HelpDescription" value="" />
  <string key="EditSqlFunction.LabelPreview" value="Перегляд" />
  <string key="EditSqlFunctionConnection.LabelName" value="Назва" />
  <string key="EditSqlFunctionConnection.HelpName" value="" />
  <string key="EditSqlFunctionConnection.LabelConnectionString" value="Рядок підключення" />
  <string key="EditSqlFunctionConnection.HelpConnectionString" value="" />
  <string key="EditSqlFunctionConnection.LabelIsMSSQL" value="MS SQL Server" />
  <string key="EditSqlFunctionConnection.LabelIsMSSQLCheckBox" value="Це база даних MS SQL Server" />
  <string key="DeleteSqlConnection.LabelFieldGroup" value="Видалити це SQL підключення?" />
  <string key="DeleteSqlConnection.Text" value="Видалити це SQL підключення?" />
  <string key="DeleteSqlFunction.LabelFieldGroup" value="Видалити цю SQL функцію?" />
  <string key="DeleteSqlFunction.Text" value="Видалити цю SQL функцію?" />
  <string key="CascadeDeleteErrorTitle" value="Помилка каскадного видалення" />
  <string key="CascadeDeleteErrorMessage" value="На цей тип посилається інший тип, який не допускає каскадне видалення. Виконання цієї операції припинено." />
</strings>