<?xml version="1.0" encoding="UTF-8"?>
<strings>

  <!-- menus -->
  <string key="Menu.ViewSource" value="HTML-код страницы" />
  <string key="ContextMenu.Back" value="Назад" />
  <string key="ContextMenu.Forward" value="Вперед" />
  <string key="ContextMenu.Refresh" value="Обновить" />
  <string key="ContextMenu.ViewSource" value="Посмотреть HTML-код страницы" />


  <!-- buttons -->
	<string key="ToolBarButton.Back.ToolTip" value="Перейти на предыдущую страницу" />
	<string key="ToolBarButton.Forward.ToolTip" value="Перейти на следующую страницу" />
	<string key="ToolBarButton.Refresh.ToolTip" value="Обновить страницу" />
  <string key="ToolBarButton.Go.ToolTip" value="Перейти по адресу в адресной строке" />
  <string key="ToolBarButton.Home.ToolTip" value="Перейти на начальную страницу" /> <!-- TODO: Show URL instead! -->
	
	<!-- URL errors -->
	<string key="AddressBar.Invalid.DialogTitle.External" 		value="Доступ запрещен"/>
	<string key="AddressBar.Invalid.DialogText.External" 		value="Нельзя загрузить внешний URL-адрес."/>
	<string key="AddressBar.Invalid.DialogTitle.BadRequest" 	value="Неверный URL"/>
	<string key="AddressBar.Invalid.DialogText.BadRequest" 		value="URL-адрес является недопустимым и не может быть загружен."/>
	<string key="AddressBar.Invalid.DialogTitle.Unauthorized" 	value="Нет прав на выполнение операции"/>
	<string key="AddressBar.Invalid.DialogText.Unauthorized" 	value="Вы не авторизованы для просмотра страницы по указанному URL-адресу."/>
	<string key="AddressBar.Invalid.DialogTitle.NotFound" 		value="Страница не найдена"/>
	<string key="AddressBar.Invalid.DialogText.NotFound" 		value="Страница не найдена по указанному URL-адресу."/>
	<string key="AddressBar.Invalid.DialogTitle.InternalError" 	value="Ошибка сервера"/>
	<string key="AddressBar.Invalid.DialogText.InternalError" 	value="Сервер сообщает об ошибке на указанный URL. Страница не может быть загружена."/>
	<string key="AddressBar.Invalid.DialogTitle.Default" 		value="Страница не загружена"/>
	<string key="AddressBar.Invalid.DialogText.Default" 		value="Ошибка препятствует загрузке страницы по URL-адресу."/>	
	
</strings>
