<?xml version="1.0" standalone="yes"?>
<mi:PackageInstaller xmlns:mi="http://www.composite.net/ns/management/packageinstaller/1.0">
	<mi:PackageRequirements minimumCompositeVersion="4.2.5200.24979" maximumCompositeVersion="9.9999.9999.9999" />
	<mi:PackageInformation name="Composite.StarterSite.Venus.Templates.Razor" groupName="Composite.StarterSite.Venus" version="1.0.12" author="Composite A/S" website="http://composite.net" readMoreUrl="-" id="1136ef29-1bc5-4aac-94e8-7463ea857eb8" canBeUninstalled="true" systemLocking="hard" flushOnCompletion="true">
		<TechnicalDetails>-</TechnicalDetails>
		<Description>-</Description>
	</mi:PackageInformation>
	<mi:PackageFragmentInstallerBinaries />
	<mi:PackageFragmentInstallers>
		<mi:Add installerType="Composite.Core.PackageSystem.PackageFragmentInstallers.FilePackageFragmentInstaller, Composite" uninstallerType="Composite.Core.PackageSystem.PackageFragmentInstallers.FilePackageFragmentUninstaller, Composite">
			<Files>
				<File sourceFilename="~\App_Data\PageTemplates\MasterLayout.cshtml" targetFilename="~\App_Data\PageTemplates\MasterLayout.cshtml" allowOverwrite="false" />
				<File sourceFilename="~\App_Data\PageTemplates\Frontpage.cshtml" targetFilename="~\App_Data\PageTemplates\Frontpage.cshtml" allowOverwrite="false" />
				<File sourceFilename="~\App_Data\PageTemplates\Page with navigation.cshtml" targetFilename="~\App_Data\PageTemplates\Page with navigation.cshtml" allowOverwrite="false" />
				<File sourceFilename="~\App_Data\PageTemplates\Page.cshtml" targetFilename="~\App_Data\PageTemplates\Page.cshtml" allowOverwrite="false" />
				<File sourceFilename="~\App_Data\PageTemplates\Page with left aside.cshtml" targetFilename="~\App_Data\PageTemplates\Page with left aside.cshtml" allowOverwrite="false" />
				<File sourceFilename="~\App_Data\PageTemplates\Page with right aside.cshtml" targetFilename="~\App_Data\PageTemplates\Page with right aside.cshtml" allowOverwrite="false" />
				<File sourceFilename="~\App_Data/PageTemplates/Page with navigation.cshtml" targetFilename="~\App_Data/PageTemplates/Page with navigation.cshtml" allowOverwrite="false" />
			</Files>
		</mi:Add>
	</mi:PackageFragmentInstallers>
</mi:PackageInstaller>