<?xml version="1.0" standalone="yes"?>
<mi:PackageInstaller xmlns:mi="http://www.composite.net/ns/management/packageinstaller/1.0">
	<mi:PackageRequirements minimumCompositeVersion="2.0.3890.28460" maximumCompositeVersion="9.9999.9999.9999">
	</mi:PackageRequirements>
	<mi:PackageInformation name="Composite.Feeds.TwitterReader" groupName="Composite.Feeds" version="1.1.5" author="Composite A/S" website="www.composite.net" id="a4e9c11b-cb89-4779-b3dc-8aa2bb24d86c" canBeUninstalled="true" systemLocking="none" flushOnCompletion="true">
		<Description>Displays tweets from one Twitter account on a web page.</Description>
	</mi:PackageInformation>
	<mi:PackageFragmentInstallerBinaries />
	<mi:PackageFragmentInstallers>
		<mi:Add installerType="Composite.Core.PackageSystem.PackageFragmentInstallers.FilePackageFragmentInstaller, Composite" uninstallerType="Composite.Core.PackageSystem.PackageFragmentInstallers.FilePackageFragmentUninstaller, Composite">
			<Files>
				<File sourceFilename="~\App_Data\Xslt\Composite\Feeds\TwitterReader.xsl" targetFilename="~\App_Data\Xslt\Composite\Feeds\TwitterReader.xsl" allowOverwrite="false" />
			</Files>
			<Directories>
				<Directory sourceDirectory="~\Frontend\Composite\Feeds\TwitterReader\" targetDirectory="~\Frontend\Composite\Feeds\TwitterReader\" allowOverwrite="true" deleteTargetDirectory="false" />
			</Directories>
		</mi:Add>
		<mi:Add installerType="Composite.Core.PackageSystem.PackageFragmentInstallers.DataPackageFragmentInstaller, Composite" uninstallerType="Composite.Core.PackageSystem.PackageFragmentInstallers.DataPackageFragmentUninstaller, Composite">
			<Types>
				<Type type="Composite.Data.Types.IParameter,Composite">
					<Data dataScopeIdentifier="public" dataFilename="~\Datas\Composite.Data.Types.IParameters_public.xml" />
				</Type>
				<Type type="Composite.Data.Types.IXsltFunction,Composite">
					<Data dataScopeIdentifier="public" dataFilename="~\Datas\Composite.Data.Types.IXsltFunctions_public.xml" />
				</Type>
			</Types>
		</mi:Add>
	</mi:PackageFragmentInstallers>
</mi:PackageInstaller>