<?xml version="1.0" encoding="utf-8"?>
<strings>
  <string key="SEOAssistant" value="SEO Assistant" />
  <string key="IntroText" value="Откройте страницу для предварительного просмотра, чтобы увидеть результаты проверки SEO." />
  <string key="TabResult" value="Результат" />
  <string key="TabKeywords" value="Ключевые слова" />
  <string key="ResultHeading" value="Ключевые слова, найденые в предварительном просмотре:" />
  <string key="NoKeywordsWarning" value="Не указаны ключевые слова." />
  <string key="isInTitle" value="Ключевое слово в заголовке страницы" />
  <string key="isInURL" value="Ключевое слово в URL" />
  <string key="isInMenuTitle" value="Ключевое слово в заголовке меню" />
  <string key="isInDescription" value="Ключевое слово в описании" />
  <string key="isInHeading" value="Ключевое слово в заголовке текста" />
  <string key="isInContent" value="Ключевое слово в контенте" />
  <string key="NoKeywords" value="Ключевые слова не найдены в предварительном просмотре" />
	<string key="IncorrectHtml" value="Не удалось проанализировать ключевые слова, потому что разметка недопустима." />
</strings>