﻿<?xml version="1.0" encoding="utf-8" ?>
<strings>
	<string key="LayoutLabel" value="Этот элемент в данное время редактируется" />
  <string key="LockedByUsername.FieldGroupLabel" value="Информация" />
  <string key="LockedByUsername.Label" value="Элемент редактируется:" />
	<string key="LockedByUsername.Help" value="Еще один пользователь редактирует  этот элемент. Нажмите кнопку &quot;OK&quot; для продолжения или &quot;Отмена&quot; для отмены." />
	<string key="SameUserHeading.Title" value="Этот элемент уже открыт для  редактирования" />
	<string key="SameUserHeading.Description" value="Если вы откроете один и тот же элемент для редактирования более одного раза, данные могут быть утеряны. Нажмите кнопку &quot;OK&quot;, чтобы продолжить или &quot;Отмена&quot; для отмены." />
	<string key="AnotherUserHeading.Title" value="Еще один пользователь в данный момент редактирует этот элемент." />
	<string key="AnotherUserHeading.Description" value="Если элемент изменяют одновременно несколько пользователей, изменения могут быть утеряны. Нажмите кнопку &quot;OK&quot;, чтоб продолжить или &quot;Отмена&quot; для отмены." />
</strings>
