﻿<?xml version="1.0" encoding="utf-8" ?>
<strings>
  <string key="EditRazorFileAction.Label" value="Изменить Razor-файл" />
  <string key="EditRazorFileAction.ToolTip" value="Редактировать cshtml-файл" />

  <string key="EditRazorTemplateAction.Label" value="Изменить Razor-шаблон" />
  <string key="EditRazorTemplateAction.ToolTip" value="Редактировать cshtml-файл, связанный с шаблоном" />

  <string key="DeleteRazorPageTemplateAction.Label" value="Удалить" />
  <string key="DeleteRazorPageTemplateAction.ToolTip" value="Удалить шаблон страниц" />

  <string key="AddNewRazorPageTemplate.LabelDialog" value="Добавить новый Razor-шаблон" />
  <string key="AddNewRazorPageTemplate.LabelFieldGroup" value="Razor-шаблон" />
  <string key="AddNewRazorPageTemplate.LabelTemplateTitle" value="Название шаблона" />
  <string key="AddNewRazorPageTemplate.LabelTemplateTitleHelp" value="Название шаблона идентифицирует его в списках. Рекомендуется выбрать короткое и осмысленное название." />
  <string key="AddNewRazorPageTemplate.LabelCopyFrom" value="Копировать из" />
  <string key="AddNewRazorPageTemplate.LabelCopyFromHelp" value="Вы можете скопировать код из другого шаблона, выбрав его в этом списке." />
  <string key="AddNewRazorPageTemplate.LabelCopyFromEmptyOption" value="(Новый шаблон)" />
  <string key="AddNewRazorPageTemplateWorkflow.TitleInUseTitle" value="Название уже используется" />
  <string key="AddNewRazorPageTemplateWorkflow.TitleTooLong" value="Название слишком длинное (используется как часть имени .cshtml-файла)." />

  <string key="EditTemplate.Validation.DialogTitle" value="Ошибка проверки" />
  <string key="EditTemplate.Validation.CompilationFailed" value="Сбой при компиляции: {0}" />
  <string key="EditTemplate.Validation.IncorrectBaseClass" value="Класс шаблона страниц не наследует '{0}'" />
  <string key="EditTemplate.Validation.PropertyError" value="Не удалось вычислить значение свойства '{0}' шаблона страниц. Исключение: {1}" />
  <string key="EditTemplate.Validation.TemplateIdChanged" value="Нельзя изменять идентификатор шаблона посредством текущего рабочего процесса. Исходный идентификатор шаблона: '{0}'" />
</strings>
