<?xml version="1.0" encoding="utf-8" ?>
<strings>
	<string key="ReadLabel" value="Читать" />
	<string key="EditLabel" value="Изменить" />
	<string key="AddLabel" value="Добавлять" />
	<string key="DeleteLabel" value="Удалять" />
	<string key="ApproveLabel" value="Утверждать" />
	<string key="PublishLabel" value="Публиковать" />
	<string key="AdministrateLabel" value="Администрировать" />
	<string key="ClearPermissionsLabel" value="Удалить все разрешения" />
	<string key="AdminLockoutMessage" value="Эта операция удалит ваши административные права у этого объекта. Нельзя удалить свои собственные административные права." />
</strings>