<?xml version="1.0" encoding="utf-8" ?>
<strings>
	<string key="LayoutLabel" value="Этот элемент в данное время редактируется" />
  <string key="LockedByUsername.FieldGroupLabel" value="Информация" />
  <string key="LockedByUsername.Label" value="Элемент редактируется:" />
	<string key="LockedByUsername.Help" value="Еще один пользователь редактирует  этот элемент. Нажмите кнопку &quot;OK&quot; для продолжения или &quot;Отмена&quot; для отмены." />
	<string key="SameUserHeading.Title" value="Вы редактируете этот элемент на другой вкладке - продолжить?" />
	<string key="SameUserHeading.Description" value="Нажмите кнопку &quot;OK&quot;, чтобы продолжить и открыть этот элемент, или кнопку &quot;Отмена&quot; для отмены." />
	<string key="AnotherUserHeading.Title" value="Еще один пользователь в данный момент редактирует этот элемент - продолжить?" />
	<string key="AnotherUserHeading.Description" value="Если элемент изменяют одновременно несколько пользователей, изменения могут быть утеряны. Нажмите кнопку &quot;OK&quot;, чтоб продолжить или &quot;Отмена&quot; для отмены." />
</strings>