<?xml version="1.0" encoding="utf-8"?>
<strings>
	<!-- Element tree -->
	<string key="Tree.ConfigurationElementLabel" value="Конфигурация URL-адресов" />
  <string key="Tree.ConfigurationElementToolTip" value="В этом разделе можно сконфигурировать более короткие и &#39;дружественные&#39; URL-адреса" />
  <string key="Tree.ConfigurationElementEditLabel" value="Изменить конфигурацию URL-адресов" />
  <string key="Tree.ConfigurationElementEditToolTip" value="Редактировать конфигурацию URL-адресов" />
  <string key="Tree.HostnamesFolderLabel" value="Имена узлов" />
	<string key="Tree.HostnamesFolderToolTip" value="Здесь можно привязать имя узла к сайту" />
	<string key="Tree.AddHostnameLabel" value="Добавить имя узла" />
  <string key="Tree.AddHostnameToolTip" value="Добавить новую привязку имени узла" />
  <string key="Tree.EditHostnameLabel" value="Изменить имя узла" />
  <string key="Tree.EditHostnameToolTip" value="Редактировать эту привязку имени узла" />
  <string key="Tree.DeleteHostnameLabel" value="Удалить имя узла" />
  <string key="Tree.DeleteHostnameToolTip" value="Удалить эту привязку имени узла" />


  <string key="Tree.UrlConfigurationLabel" value="Конфигурация URL-адресов" />
  

	<!-- Url configuration -->
	<string key="UrlConfiguration.Title" value="Конфигурация URL-адресов" />
	<string key="UrlConfiguration.PageUrlSuffix.Label" value="Суффикс URL-адреса страницы" />
	<string key="UrlConfiguration.PageUrlSuffix.Help" value="Расширение, которое будет добавлено к URL-адресу всех страниц. Напр., &#39;.aspx&#39; або &#39;.html&#39;. Оставьте поле пустым, чтобы не использовать расширения с URL-адресами." />

	<!-- Hostname binding editing -->
	<string key="HostnameBinding.AddNewHostnameTitle" value="Новое имя узла" />
	<string key="HostnameBinding.Hostname.Label" value="Имя узла" />
	<string key="HostnameBinding.Hostname.Help" value="Имя узла, к которому будут применяться текущие правила построения URL-адресов" />
	<string key="HostnameBinding.Page.Label" value="Страница" />
	<string key="HostnameBinding.Page.Help" value="Корневая страница, которая будет страницей по умолчанию для текущего имени узла." />
	<string key="HostnameBinding.IncludeHomepageUrlTitle.Label" value="URL-адрес" />
	<string key="HostnameBinding.IncludeHomepageUrlTitle.ItemLabel" value="Включать название URL-адреса домашней страницы" />
	<string key="HostnameBinding.IncludeHomepageUrlTitle.Help" value="Определяет, будет ли название URL-адреса домашней страницы частью всего URL-адреса. Не ставьте флажок, если вам нужны более короткие URL-адреса." />
	<string key="HostnameBinding.IncludeLanguageUrlMapping.ItemLabel" value="Включать код языка для URL-адреса" />
	<string key="HostnameBinding.IncludeLanguageUrlMapping.Help" value="Определяет, будет ли код языка частью URL-адреса" />
	<string key="HostnameBinding.Custom404Page.Label" value="Пользоват. страница 404" />
	<string key="HostnameBinding.Custom404Page.Help" value="URL-адрес, на который будут перенаправляться запросы, при запросе страницы, несуществующей в С1" />
	<string key="HostnameBinding.Aliases.Label" value="Псевдонимы узлов" />
	<string key="HostnameBinding.Aliases.Help" value="Имена узлов, с которых будут перенаправляться на текущее имя узла все запросы" />
</strings>