<?xml version="1.0" standalone="yes"?>
<mi:PackageInstaller xmlns:mi="http://www.composite.net/ns/management/packageinstaller/1.0">
	<mi:PackageRequirements minimumCompositeVersion="3.0.0.0" maximumCompositeVersion="9.9999.9999.9999" />
	<mi:PackageInformation name="Composite.Web.Css.Sass" groupName="Composite.Web" version="1.1.0" author="Composite A/S" website="http://www.composite.net/" readMoreUrl="http://docs.composite.net/Composite.Web.Css.Sass" id="d665fbe2-3ca1-4c3a-b25b-79e4760e0c16" canBeUninstalled="true" systemLocking="hard" flushOnCompletion="false">
		<TechnicalDetails>Based on node-sass v0.6.4 (https://github.com/andrew/node-sass)</TechnicalDetails>
		<Description>Allows you to create and use dynamic CSS's  by integrating .scss support on your C1 website (http://sass-lang.com/)</Description>
	</mi:PackageInformation>
	<mi:PackageFragmentInstallerBinaries />
	<mi:PackageFragmentInstallers>
		<mi:Add installerType="Composite.Core.PackageSystem.PackageFragmentInstallers.FilePackageFragmentInstaller, Composite" uninstallerType="Composite.Core.PackageSystem.PackageFragmentInstallers.FilePackageFragmentUninstaller, Composite">
			<Directories>
				<Directory sourceDirectory="~\Frontend\Composite\Web\Css\Sass\" targetDirectory="~\Frontend\Composite\Web\Css\Sass\" allowOverwrite="true" deleteTargetDirectory="false" />
			</Directories>
      <Files>
        <File sourceFilename="~\Bin\Composite.Web.Css.Sass.dll" targetFilename="~\Bin\Composite.Web.Css.Sass.dll" allowOverwrite="false" />
      </Files>
    </mi:Add>
		<mi:Add installerType="Composite.Core.PackageSystem.PackageFragmentInstallers.FileXslTransformationPackageFragmentInstaller, Composite" uninstallerType="Composite.Core.PackageSystem.PackageFragmentInstallers.FileXslTransformationPackageFragmentUninstaller, Composite">
			<XslFiles>
				<XslFile pathXml="~/Web.config" installXsl="~\Web.config\Install.xsl" uninstallXsl="~\Web.config\Uninstall.xsl" />
			</XslFiles>
		</mi:Add>
	</mi:PackageFragmentInstallers>
</mi:PackageInstaller>