﻿<?xml version="1.0" encoding="utf-8"?>
<Data>
  <Add Id="9bdb7b6d-4e4f-41c9-bcc3-95b20bd8d796" TemplateId="e3851f7a-3f4b-4eda-9708-07c3b6020e08" PageTypeId="f7869eb2-7369-4eb2-af47-e3be261e92c7" Title="How to edit this website" MenuTitle="Edit this website" UrlTitle="How-to-edit" FriendlyUrl="" Description="To start editing the website, launch the C1 Console." ChangeDate="2014-05-21 22:28:41Z" ChangedBy="admin" PublicationStatus="published" SourceCultureName="en-US" />
  <Add Id="82b1cb2b-35d4-49a0-b68e-1221f91b9720" TemplateId="e3851f7a-3f4b-4eda-9708-07c3b6020e08" PageTypeId="f7869eb2-7369-4eb2-af47-e3be261e92c7" Title="How to customize the design" MenuTitle="Customize the design" UrlTitle="How-to-customize-the-design" FriendlyUrl="" Description="Change logos, fonts, colors, sizes etc. to make this your own website. " ChangeDate="2014-05-19 16:53:20Z" ChangedBy="admin" PublicationStatus="published" SourceCultureName="en-US" />
  <Add Id="b49b64e3-ee0a-4b12-b55f-6228210e4e8f" TemplateId="e3851f7a-3f4b-4eda-9708-07c3b6020e08" PageTypeId="f7869eb2-7369-4eb2-af47-e3be261e92c7" Title="Features on this site" MenuTitle="Features" UrlTitle="Features" FriendlyUrl="" Description="This website uses a number of features worth looking into." ChangeDate="2014-05-19 12:18:57Z" ChangedBy="admin" PublicationStatus="published" SourceCultureName="en-US" />
  <Add Id="e8be7c4b-870f-4dfb-91b5-7c4b7bec408f" TemplateId="e3851f7a-3f4b-4eda-9708-07c3b6020e08" PageTypeId="f7869eb2-7369-4eb2-af47-e3be261e92c7" Title="Styles" MenuTitle="Styles" UrlTitle="Styles" FriendlyUrl="" Description="This page contains different elements that you can define with the Visual Editor in the C1 Console." ChangeDate="2014-05-18 23:27:41Z" ChangedBy="admin" PublicationStatus="published" SourceCultureName="en-US" />
  <Add Id="ca2b9cf8-9461-439a-92f3-70a74eea92fd" TemplateId="e3851f7a-3f4b-4eda-9708-07c3b6020e08" PageTypeId="f7869eb2-7369-4eb2-af47-e3be261e92c7" Title="A sub page" MenuTitle="Subpage 1.1.1.1" UrlTitle="Subpage-1-1-1-1" FriendlyUrl="" Description="" ChangeDate="2014-05-17 10:50:38Z" ChangedBy="admin" PublicationStatus="published" SourceCultureName="en-US" />
  <Add Id="51a6c119-d529-42f7-8041-3dee62649a5e" TemplateId="e3851f7a-3f4b-4eda-9708-07c3b6020e08" PageTypeId="f7869eb2-7369-4eb2-af47-e3be261e92c7" Title="A sub page" MenuTitle="Subpage 1.1.1" UrlTitle="Subpage-1-1-1" FriendlyUrl="" Description="" ChangeDate="2014-05-17 10:50:12Z" ChangedBy="admin" PublicationStatus="published" SourceCultureName="en-US" />
  <Add Id="826bb71e-c54b-468b-9676-2ea1cb19da75" TemplateId="e3851f7a-3f4b-4eda-9708-07c3b6020e08" PageTypeId="f7869eb2-7369-4eb2-af47-e3be261e92c7" Title="A sub page" MenuTitle="Subpage 1.1" UrlTitle="Subpage-1-1" FriendlyUrl="" Description="" ChangeDate="2014-05-17 10:49:30Z" ChangedBy="admin" PublicationStatus="published" SourceCultureName="en-US" />
  <Add Id="a231fba9-09c6-451b-9fac-cbdd3986e40e" TemplateId="e3851f7a-3f4b-4eda-9708-07c3b6020e08" PageTypeId="f7869eb2-7369-4eb2-af47-e3be261e92c7" Title="Page 1" MenuTitle="Page 1" UrlTitle="Page-1" FriendlyUrl="" Description="" ChangeDate="2014-05-17 10:48:36Z" ChangedBy="admin" PublicationStatus="published" SourceCultureName="en-US" />
  <Add Id="4d55cf40-ecf0-44b7-85c5-01a3294ca3fb" TemplateId="e3851f7a-3f4b-4eda-9708-07c3b6020e08" PageTypeId="f7869eb2-7369-4eb2-af47-e3be261e92c7" Title="Huge menu title" MenuTitle="Huge menu title that will wrap across multiple lines..." UrlTitle="Huge-menu-title" FriendlyUrl="" Description="" ChangeDate="2014-03-14 19:26:33Z" ChangedBy="admin" PublicationStatus="published" SourceCultureName="en-US" />
  <Add Id="50156042-3837-4511-9ced-8ed6116e099d" TemplateId="e3851f7a-3f4b-4eda-9708-07c3b6020e08" PageTypeId="f7869eb2-7369-4eb2-af47-e3be261e92c7" Title="Sub category 1" MenuTitle="Sub category 1" UrlTitle="Sub-category-1" FriendlyUrl="" Description="" ChangeDate="2014-05-17 10:47:44Z" ChangedBy="admin" PublicationStatus="published" SourceCultureName="en-US" />
  <Add Id="f5386aa3-d6e7-4f51-b0aa-73db531ad70b" TemplateId="e3851f7a-3f4b-4eda-9708-07c3b6020e08" PageTypeId="f7869eb2-7369-4eb2-af47-e3be261e92c7" Title="Page 2" MenuTitle="Page 2" UrlTitle="Page2" FriendlyUrl="" Description="" ChangeDate="2014-05-17 10:54:09Z" ChangedBy="admin" PublicationStatus="published" SourceCultureName="en-US" />
  <Add Id="b4efe486-5c4a-4ae7-9f36-0bf31fe40cdc" TemplateId="e3851f7a-3f4b-4eda-9708-07c3b6020e08" PageTypeId="f7869eb2-7369-4eb2-af47-e3be261e92c7" Title="Sub category 2" MenuTitle="Sub category 2" UrlTitle="Sub-category-2" FriendlyUrl="" Description="" ChangeDate="2014-05-17 10:52:40Z" ChangedBy="admin" PublicationStatus="published" SourceCultureName="en-US" />
  <Add Id="5a97be34-fb7f-4bd1-8ff3-4ab4d9a87d6e" TemplateId="e3851f7a-3f4b-4eda-9708-07c3b6020e08" PageTypeId="f7869eb2-7369-4eb2-af47-e3be261e92c7" Title="Page 2" MenuTitle="Page 2" UrlTitle="Page-2" FriendlyUrl="" Description="" ChangeDate="2014-05-17 10:55:33Z" ChangedBy="admin" PublicationStatus="published" SourceCultureName="en-US" />
  <Add Id="e3d6775a-2383-4464-816b-d273d9c589c5" TemplateId="e3851f7a-3f4b-4eda-9708-07c3b6020e08" PageTypeId="f7869eb2-7369-4eb2-af47-e3be261e92c7" Title="Sub category 3" MenuTitle="Sub category 3" UrlTitle="Sub-category-3" FriendlyUrl="" Description="" ChangeDate="2014-05-17 10:54:38Z" ChangedBy="admin" PublicationStatus="published" SourceCultureName="en-US" />
  <Add Id="885a6bcd-7f2d-4a15-8abb-617d80d3b67d" TemplateId="e3851f7a-3f4b-4eda-9708-07c3b6020e08" PageTypeId="f7869eb2-7369-4eb2-af47-e3be261e92c7" Title="Navigation" MenuTitle="Navigation" UrlTitle="Navigation" FriendlyUrl="" Description="Test things like deep structures and labels that are darn long." ChangeDate="2014-05-16 17:56:35Z" ChangedBy="admin" PublicationStatus="published" SourceCultureName="en-US" />
  <Add Id="c47e6008-3615-470e-abcb-316d22e833c8" TemplateId="0526ad34-c540-418e-8c23-0eec2a8da2ce" PageTypeId="f7869eb2-7369-4eb2-af47-e3be261e92c7" Title="Page" MenuTitle="Page" UrlTitle="Page" FriendlyUrl="" Description="" ChangeDate="2014-06-06 11:26:41Z" ChangedBy="admin" PublicationStatus="published" SourceCultureName="en-US" />
  <Add Id="f1805f6b-110d-4025-ba97-4abef5a93d2c" TemplateId="ea2ca748-efbf-4d94-8e2a-11ce49b71cd5" PageTypeId="f7869eb2-7369-4eb2-af47-e3be261e92c7" Title="Page with left aside" MenuTitle="Page with left aside" UrlTitle="Page-with-left-aside" FriendlyUrl="" Description="" ChangeDate="2014-05-16 18:35:53Z" ChangedBy="admin" PublicationStatus="published" SourceCultureName="en-US" />
  <Add Id="465e8e08-6068-4a65-b313-934324d7c6a8" TemplateId="9f096519-d21c-435e-b334-62224fde2ab3" PageTypeId="f7869eb2-7369-4eb2-af47-e3be261e92c7" Title="Page with right aside" MenuTitle="Page with right aside" UrlTitle="Page-with-right-aside" FriendlyUrl="" Description="This is how a 2 column page looks with plain text" ChangeDate="2014-05-18 23:02:27Z" ChangedBy="admin" PublicationStatus="published" SourceCultureName="en-US" />
  <Add Id="c58e9c89-b7d1-44a7-9b24-c1852c7435c4" TemplateId="e3851f7a-3f4b-4eda-9708-07c3b6020e08" PageTypeId="f7869eb2-7369-4eb2-af47-e3be261e92c7" Title="Page with navigation" MenuTitle="Page with navigation" UrlTitle="Page-with-navigation" FriendlyUrl="" Description="" ChangeDate="2014-05-16 18:47:21Z" ChangedBy="admin" PublicationStatus="published" SourceCultureName="en-US" />
  <Add Id="369eefb8-7ce1-48dd-a1be-17de97493edb" TemplateId="a270f819-0b5c-4f7e-9194-4b554043e4ab" PageTypeId="f7869eb2-7369-4eb2-af47-e3be261e92c7" Title="Front page" MenuTitle="Front page" UrlTitle="Front-page" FriendlyUrl="" Description="" ChangeDate="2014-05-16 18:47:42Z" ChangedBy="admin" PublicationStatus="published" SourceCultureName="en-US" />
  <Add Id="e568098d-f53c-41b8-ad4f-f6afde401eb6" TemplateId="e3851f7a-3f4b-4eda-9708-07c3b6020e08" PageTypeId="f7869eb2-7369-4eb2-af47-e3be261e92c7" Title="Page Templates" MenuTitle="Page Templates" UrlTitle="Page-Templates" FriendlyUrl="" Description="See how the different page templates look." ChangeDate="2014-05-16 18:21:56Z" ChangedBy="admin" PublicationStatus="published" SourceCultureName="en-US" />
  <Add Id="dfb6e1ac-ea0d-4c50-b8b7-bb6046fd3a11" TemplateId="e3851f7a-3f4b-4eda-9708-07c3b6020e08" PageTypeId="f7869eb2-7369-4eb2-af47-e3be261e92c7" Title="Test the design" MenuTitle="Tests" UrlTitle="Tests" FriendlyUrl="" Description="This section contains pages that show off the different layouts and styling options." ChangeDate="2014-05-16 17:51:59Z" ChangedBy="admin" PublicationStatus="published" SourceCultureName="en-US" />
  <Add Id="3a613405-9990-47a6-8f00-672a8e6de9e7" TemplateId="e3851f7a-3f4b-4eda-9708-07c3b6020e08" PageTypeId="f7869eb2-7369-4eb2-af47-e3be261e92c7" Title="Getting Started" MenuTitle="Getting Started" UrlTitle="Getting-Started" FriendlyUrl="" Description="Get help with common tasks like editing content, customizing the design and creating new features." ChangeDate="2014-05-21 22:28:29Z" ChangedBy="admin" PublicationStatus="published" SourceCultureName="en-US" />
  <Add Id="cd2cc9d8-e711-4349-a4cf-0714a94287eb" TemplateId="e3851f7a-3f4b-4eda-9708-07c3b6020e08" PageTypeId="f7869eb2-7369-4eb2-af47-e3be261e92c7" Title="Contact us" MenuTitle="Contact us" UrlTitle="Contact-us" FriendlyUrl="" Description="Our address, how to contact us" ChangeDate="2014-05-22 12:08:56Z" ChangedBy="admin" PublicationStatus="published" SourceCultureName="en-US" />
  <Add Id="f90418c7-9654-4226-81c1-3b4e959f4f39" TemplateId="e3851f7a-3f4b-4eda-9708-07c3b6020e08" PageTypeId="f7869eb2-7369-4eb2-af47-e3be261e92c7" Title="About us" MenuTitle="About us" UrlTitle="About-us" FriendlyUrl="" Description="" ChangeDate="2014-05-20 12:05:14Z" ChangedBy="admin" PublicationStatus="published" SourceCultureName="en-US" />
  <Add Id="fec78884-8f7a-4f4d-b9b7-eb0c9654c378" TemplateId="0526ad34-c540-418e-8c23-0eec2a8da2ce" PageTypeId="f7869eb2-7369-4eb2-af47-e3be261e92c7" Title="Search" MenuTitle="" UrlTitle="Search" FriendlyUrl="" Description="" ChangeDate="2014-03-24 09:22:06Z" ChangedBy="admin" PublicationStatus="published" SourceCultureName="en-US" />
  <Add Id="a3055286-0e90-4b04-99dd-fb1a61dde0bf" TemplateId="a270f819-0b5c-4f7e-9194-4b554043e4ab" PageTypeId="de22fed1-0729-4ad3-aa1c-6047e54bf429" Title="Venus Starter Site" MenuTitle="Front page" UrlTitle="" FriendlyUrl="" Description="A Composite C1 Starter Site based on Razor, Twitter Bootstrap and LESS." ChangeDate="2014-05-19 15:56:07Z" ChangedBy="admin" PublicationStatus="published" SourceCultureName="en-US" />
</Data>