<?xml version="1.0" standalone="yes"?>
<mi:PackageInstaller xmlns:mi="http://www.composite.net/ns/management/packageinstaller/1.0">
	<mi:PackageRequirements minimumCompositeVersion="4.2.5200.24979" maximumCompositeVersion="9.9999.9999.9999" />
	<mi:PackageInformation name="Composite.StarterSite.Venus.Core" groupName="Composite.StarterSite.Venus" version="1.0.0" author="Composite A/S" website="http://composite.net" readMoreUrl="http://composite.net" id="65d06d1e-e810-49f4-98c8-4a336936f5cc" canBeUninstalled="false" systemLocking="hard" flushOnCompletion="true">
		<TechnicalDetails>Venus Core</TechnicalDetails>
		<Description>Venus Core</Description>
	</mi:PackageInformation>
	<mi:PackageFragmentInstallerBinaries />
	<mi:PackageFragmentInstallers>
		<mi:Add installerType="Composite.Core.PackageSystem.PackageFragmentInstallers.FilePackageFragmentInstaller, Composite" uninstallerType="Composite.Core.PackageSystem.PackageFragmentInstallers.FilePackageFragmentUninstaller, Composite">
			<Files>
				<File sourceFilename="~\Frontend\Styles\style.less" targetFilename="~\Frontend\Styles\style.less" allowOverwrite="false" />
				<File sourceFilename="~\Frontend\Styles\VisualEditor.common.less" targetFilename="~\Frontend\Styles\VisualEditor.common.less" allowOverwrite="false" />
				<File sourceFilename="~\Frontend\Styles\VisualEditor.less" targetFilename="~\Frontend\Styles\VisualEditor.less" allowOverwrite="false" />
				<File sourceFilename="~\Frontend\Images\logo.png" targetFilename="~\Frontend\Images\logo.png" allowOverwrite="false" />
				<File sourceFilename="~\Frontend\Images\overlay.png" targetFilename="~\Frontend\Images\overlay.png" allowOverwrite="false" />
				<File sourceFilename="~\Frontend\Scripts\script.js" targetFilename="~\Frontend\Scripts\script.js" allowOverwrite="false" />
				<File sourceFilename="~\App_Data\Composite\DynamicTypeForms\Content\ContentSpot.xml" targetFilename="~\App_Data\Composite\DynamicTypeForms\Content\ContentSpot.xml" allowOverwrite="false" />
				<File sourceFilename="~\App_Data/Razor/PageBlocks/IconifiedStatements.cshtml" targetFilename="~\App_Data/Razor/PageBlocks/IconifiedStatements.cshtml" allowOverwrite="false" />
				<File sourceFilename="~\App_Data/Razor/PageBlocks/ImageAndText.cshtml" targetFilename="~\App_Data/Razor/PageBlocks/ImageAndText.cshtml" allowOverwrite="false" />
				<File sourceFilename="~\App_Data/Razor/PageBlocks/Jumbotron.cshtml" targetFilename="~\App_Data/Razor/PageBlocks/Jumbotron.cshtml" allowOverwrite="false" />
				<File sourceFilename="~\App_Data/Razor/PageBlocks/Statement.cshtml" targetFilename="~\App_Data/Razor/PageBlocks/Statement.cshtml" allowOverwrite="false" />
				<File sourceFilename="~\App_Data/Razor/Layout/Helpers/InjectContainerElements.cshtml" targetFilename="~\App_Data/Razor/Layout/Helpers/InjectContainerElements.cshtml" allowOverwrite="false" />
				<File sourceFilename="~\App_Data/Razor/Layout/CommonHtmlHead.cshtml" targetFilename="~\App_Data/Razor/Layout/CommonHtmlHead.cshtml" allowOverwrite="false" />
				<File sourceFilename="~\App_Data/Razor/Layout/Navigation/TopLinks.cshtml" targetFilename="~\App_Data/Razor/Layout/Navigation/TopLinks.cshtml" allowOverwrite="false" />
				<File sourceFilename="~\App_Data/Razor/Layout/Navigation/MegaMenu.cshtml" targetFilename="~\App_Data/Razor/Layout/Navigation/MegaMenu.cshtml" allowOverwrite="false" />
				<File sourceFilename="~\App_Data/Razor/PageBlocks/TopImage.cshtml" targetFilename="~\App_Data/Razor/PageBlocks/TopImage.cshtml" allowOverwrite="false" />
				<File sourceFilename="~\App_Data/Razor/Content/ShowContentSpots.cshtml" targetFilename="~\App_Data/Razor/Content/ShowContentSpots.cshtml" allowOverwrite="false" />
        <File sourceFilename="~\Frontend\Config\VisualEditor\common.xml" targetFilename="~\Frontend\Config\VisualEditor\common.xml" allowOverwrite="true" />
      </Files>
			<Directories>
				<Directory sourceDirectory="~\App_Data\PageTemplateFeatures\" targetDirectory="~\App_Data\PageTemplateFeatures\" allowOverwrite="true" deleteTargetDirectory="false" />
				<Directory sourceDirectory="~\Frontend\Styles\bootstrap\" targetDirectory="~\Frontend\Styles\bootstrap\" allowOverwrite="true" deleteTargetDirectory="false" />
				<Directory sourceDirectory="~\Frontend\Styles\plugins\" targetDirectory="~\Frontend\Styles\plugins\" allowOverwrite="true" deleteTargetDirectory="false" />
				<Directory sourceDirectory="~\Frontend\Scripts\libs\" targetDirectory="~\Frontend\Scripts\libs\" allowOverwrite="true" deleteTargetDirectory="false" />
				<Directory sourceDirectory="~\Frontend\fonts\" targetDirectory="~\Frontend\fonts\" allowOverwrite="true" deleteTargetDirectory="false" />
			</Directories>
		</mi:Add>
		<mi:Add installerType="Composite.Core.PackageSystem.PackageFragmentInstallers.DynamicDataTypePackageFragmentInstaller, Composite" uninstallerType="Composite.Core.PackageSystem.PackageFragmentInstallers.DynamicDataTypePackageFragmentUninstaller, Composite">
			<Types>
				<Type providerName="GeneratedDataTypesElementProvider" dataTypeDescriptor="&lt;DataTypeDescriptor dataTypeId=&quot;86ad521f-eef1-4593-b2c3-d1b2b33fc12e&quot; name=&quot;ContentSpot&quot; namespace=&quot;Content&quot; title=&quot;Content Spots&quot; hasCustomPhysicalSortOrder=&quot;false&quot; isCodeGenerated=&quot;true&quot; cachable=&quot;true&quot; labelFieldName=&quot;Title&quot; typeManagerTypeName=&quot;Content.ContentSpot&quot;&gt;&#xD;&#xA;  &lt;DataAssociations /&gt;&#xD;&#xA;  &lt;DataScopes&gt;&#xD;&#xA;    &lt;DataScopeIdentifier name=&quot;public&quot; /&gt;&#xD;&#xA;    &lt;DataScopeIdentifier name=&quot;administrated&quot; /&gt;&#xD;&#xA;  &lt;/DataScopes&gt;&#xD;&#xA;  &lt;KeyPropertyNames&gt;&#xD;&#xA;    &lt;KeyPropertyName name=&quot;Id&quot; /&gt;&#xD;&#xA;  &lt;/KeyPropertyNames&gt;&#xD;&#xA;  &lt;SuperInterfaces&gt;&#xD;&#xA;    &lt;SuperInterface type=&quot;Composite.Data.ProcessControlled.IPublishControlled,Composite&quot; /&gt;&#xD;&#xA;    &lt;SuperInterface type=&quot;Composite.Data.ProcessControlled.IProcessControlled,Composite&quot; /&gt;&#xD;&#xA;  &lt;/SuperInterfaces&gt;&#xD;&#xA;  &lt;Fields&gt;&#xD;&#xA;    &lt;DataFieldDescriptor id=&quot;0529b299-b2a2-424d-8e16-065d70571ad3&quot; name=&quot;Id&quot; isNullable=&quot;false&quot; position=&quot;-1&quot; groupByPriority=&quot;0&quot; inherited=&quot;false&quot; instanceType=&quot;System.Guid, mscorlib, Version=4.0.0.0, Culture=neutral, PublicKeyToken=b77a5c561934e089&quot; storeType=&quot;PhysicalStoreType='Guid'&quot; isReadOnly=&quot;false&quot;&gt;&#xD;&#xA;      &lt;FormRenderingProfile /&gt;&#xD;&#xA;      &lt;ValidationFunctionMarkups /&gt;&#xD;&#xA;    &lt;/DataFieldDescriptor&gt;&#xD;&#xA;    &lt;DataFieldDescriptor id=&quot;c68429ed-74c3-4ad6-afee-b6364f80f224&quot; name=&quot;Title&quot; isNullable=&quot;false&quot; position=&quot;0&quot; groupByPriority=&quot;0&quot; inherited=&quot;false&quot; instanceType=&quot;System.String, mscorlib, Version=4.0.0.0, Culture=neutral, PublicKeyToken=b77a5c561934e089&quot; storeType=&quot;PhysicalStoreType='String'Length='64'&quot; isReadOnly=&quot;false&quot; defaultValue=&quot;ValueType='String'Value=''&quot;&gt;&#xD;&#xA;      &lt;FormRenderingProfile label=&quot;Title&quot; helpText=&quot;&quot; widgetFunctionMarkup=&quot;&amp;lt;f:widgetfunction xmlns:f=&amp;quot;http://www.composite.net/ns/function/1.0&amp;quot; name=&amp;quot;Composite.Widgets.String.TextBox&amp;quot; /&amp;gt;&quot; /&gt;&#xD;&#xA;      &lt;ValidationFunctionMarkups /&gt;&#xD;&#xA;    &lt;/DataFieldDescriptor&gt;&#xD;&#xA;    &lt;DataFieldDescriptor id=&quot;c3056b59-3982-47ee-8d3a-e41436552d78&quot; name=&quot;Content&quot; isNullable=&quot;false&quot; position=&quot;1&quot; groupByPriority=&quot;0&quot; inherited=&quot;false&quot; instanceType=&quot;System.String, mscorlib, Version=4.0.0.0, Culture=neutral, PublicKeyToken=b77a5c561934e089&quot; storeType=&quot;PhysicalStoreType='LargeString'&quot; isReadOnly=&quot;false&quot; defaultValue=&quot;ValueType='String'Value=''&quot;&gt;&#xD;&#xA;      &lt;FormRenderingProfile label=&quot;Content&quot; helpText=&quot;&quot; widgetFunctionMarkup=&quot;&amp;lt;f:widgetfunction xmlns:f=&amp;quot;http://www.composite.net/ns/function/1.0&amp;quot; name=&amp;quot;Composite.Widgets.String.VisualXhtmlEditor&amp;quot; /&amp;gt;&quot; /&gt;&#xD;&#xA;      &lt;ValidationFunctionMarkups /&gt;&#xD;&#xA;    &lt;/DataFieldDescriptor&gt;&#xD;&#xA;    &#xD;&#xA;  &lt;/Fields&gt;&#xD;&#xA;&lt;/DataTypeDescriptor&gt;" />
				<Type providerName="GeneratedDataTypesElementProvider" dataTypeDescriptor="&lt;DataTypeDescriptor dataTypeId=&quot;572c9c36-f1a8-4f21-b6d5-cd60c36c0b88&quot; name=&quot;TopLink&quot; namespace=&quot;Layout.Navigation&quot; title=&quot;Top links&quot; hasCustomPhysicalSortOrder=&quot;false&quot; isCodeGenerated=&quot;true&quot; cachable=&quot;true&quot; labelFieldName=&quot;Page&quot; typeManagerTypeName=&quot;Layout.Navigation.TopLink&quot;&gt;&#xD;&#xA;  &lt;DataAssociations /&gt;&#xD;&#xA;  &lt;DataScopes&gt;&#xD;&#xA;    &lt;DataScopeIdentifier name=&quot;public&quot; /&gt;&#xD;&#xA;  &lt;/DataScopes&gt;&#xD;&#xA;  &lt;KeyPropertyNames&gt;&#xD;&#xA;    &lt;KeyPropertyName name=&quot;Id&quot; /&gt;&#xD;&#xA;  &lt;/KeyPropertyNames&gt;&#xD;&#xA;  &lt;SuperInterfaces&gt;&#xD;&#xA;    &lt;SuperInterface type=&quot;Composite.Data.ProcessControlled.IProcessControlled,Composite&quot; /&gt;&#xD;&#xA;    &lt;SuperInterface type=&quot;Composite.Data.ProcessControlled.ILocalizedControlled,Composite&quot; /&gt;&#xD;&#xA;    &lt;SuperInterface type=&quot;Composite.Data.IPageData,Composite&quot; /&gt;&#xD;&#xA;    &lt;SuperInterface type=&quot;Composite.Data.IPageFolderData,Composite&quot; /&gt;&#xD;&#xA;  &lt;/SuperInterfaces&gt;&#xD;&#xA;  &lt;Fields&gt;&#xD;&#xA;    &lt;DataFieldDescriptor id=&quot;56e290ab-e552-4164-a35e-aaa933282e64&quot; name=&quot;Page&quot; isNullable=&quot;false&quot; position=&quot;0&quot; groupByPriority=&quot;0&quot; inherited=&quot;false&quot; instanceType=&quot;System.Guid, mscorlib, Version=4.0.0.0, Culture=neutral, PublicKeyToken=b77a5c561934e089&quot; storeType=&quot;PhysicalStoreType='Guid'&quot; isReadOnly=&quot;false&quot; defaultValue=&quot;ValueType='Guid'Value='00000000-0000-0000-0000-000000000000'&quot; foreignKeyReferenceTypeName=&quot;Composite.Data.Types.IPage,Composite&quot;&gt;&#xD;&#xA;      &lt;FormRenderingProfile label=&quot;Page&quot; helpText=&quot;Page to include in the top links section.&quot; widgetFunctionMarkup=&quot;&amp;lt;f:widgetfunction xmlns:f=&amp;quot;http://www.composite.net/ns/function/1.0&amp;quot; name=&amp;quot;Composite.Widgets.DataReference.PageSelector&amp;quot; label=&amp;quot;&amp;quot; bindingsourcename=&amp;quot;&amp;quot;&amp;gt;&amp;lt;f:helpdefinition xmlns:f=&amp;quot;http://www.composite.net/ns/function/1.0&amp;quot; helptext=&amp;quot;&amp;quot; /&amp;gt;&amp;lt;/f:widgetfunction&amp;gt;&quot; /&gt;&#xD;&#xA;      &lt;ValidationFunctionMarkups /&gt;&#xD;&#xA;    &lt;/DataFieldDescriptor&gt;&#xD;&#xA;    &lt;DataFieldDescriptor id=&quot;34a29c48-c2b5-44b2-b2df-ff36c6461e3c&quot; name=&quot;Icon&quot; isNullable=&quot;false&quot; position=&quot;1&quot; groupByPriority=&quot;0&quot; inherited=&quot;false&quot; instanceType=&quot;System.String, mscorlib, Version=4.0.0.0, Culture=neutral, PublicKeyToken=b77a5c561934e089&quot; storeType=&quot;PhysicalStoreType='LargeString'&quot; isReadOnly=&quot;false&quot; defaultValue=&quot;ValueType='String'Value=''&quot;&gt;&#xD;&#xA;      &lt;FormRenderingProfile label=&quot;Icon&quot; helpText=&quot;The icon to represent the link. The icon is used on mobile devices&quot; widgetFunctionMarkup=&quot;&amp;lt;f:widgetfunction xmlns:f=&amp;quot;http://www.composite.net/ns/function/1.0&amp;quot; name=&amp;quot;Composite.Widgets.Selector&amp;quot;&amp;gt;&amp;lt;f:param xmlns:f=&amp;quot;http://www.composite.net/ns/function/1.0&amp;quot; name=&amp;quot;Options&amp;quot;&amp;gt;&amp;lt;f:function xmlns:f=&amp;quot;http://www.composite.net/ns/function/1.0&amp;quot; name=&amp;quot;Composite.Utils.String.Split&amp;quot;&amp;gt;&amp;lt;f:param name=&amp;quot;String&amp;quot; value=&amp;quot;adjust,align-center,align-justify,align-left,align-right,arrow-down,arrow-left,arrow-right,arrow-up,asterisk,backward,ban-circle,barcode,bell,bold,book,bookmark,briefcase,bullhorn,calendar,camera,certificate,check,chevron-down,chevron-left,chevron-right,chevron-up,circle-arrow-down,circle-arrow-left,circle-arrow-right,circle-arrow-up,cloud,cloud-download,cloud-upload,cog,collapse-down,collapse-up,comment,compressed,copyright-mark,credit-card,cutlery,dashboard,download,download-alt,earphone,edit,eject,envelope,euro,exclamation-sign,expand,export,eye-close,eye-open,facetime-video,fast-backward,fast-forward,file,film,filter,fire,flag,flash,floppy-disk,floppy-open,floppy-remove,floppy-save,floppy-saved,folder-close,folder-open,font,forward,fullscreen,gbp,gift,glass,globe,hand-down,hand-left,hand-right,hand-up,hdd,hd-video,header,headphones,heart,heart-empty,home,import,inbox,indent-left,indent-right,info-sign,italic,leaf,link,list,list-alt,lock,log-in,log-out,magnet,map-marker,minus,minus-sign,move,music,new-window,off,ok,ok-circle,ok-sign,open,paperclip,pause,pencil,phone,phone-alt,picture,plane,play,play-circle,plus,plus-sign,print,pushpin,qrcode,question-sign,random,record,refresh,registration-mark,remove,remove-circle,remove-sign,repeat,resize-full,resize-horizontal,resize-small,resize-vertical,retweet,road,save,saved,screenshot,sd-video,search,send,share,share-alt,shopping-cart,signal,sort,sort-by-alphabet,sort-by-alphabet-alt,sort-by-attributes,sort-by-attributes-alt,sort-by-order,sort-by-order-alt,sound-5-1,sound-6-1,sound-7-1,sound-dolby,sound-stereo,star,star-empty,stats,step-backward,step-forward,stop,subtitles,tag,tags,tasks,text-height,text-width,th,th-large,th-list,thumbs-down,thumbs-up,time,tint,tower,transfer,trash,tree-conifer,tree-deciduous,unchecked,upload,usd,user,volume-down,volume-off,volume-up,warning-sign,wrench,zoom-in,zoom-out&amp;quot; /&amp;gt;&amp;lt;/f:function&amp;gt;&amp;lt;/f:param&amp;gt;&amp;lt;/f:widgetfunction&amp;gt;&quot; /&gt;&#xD;&#xA;      &lt;ValidationFunctionMarkups /&gt;&#xD;&#xA;    &lt;/DataFieldDescriptor&gt;&#xD;&#xA;    &lt;DataFieldDescriptor id=&quot;25519fad-82f5-4910-bd29-b1d1e265e834&quot; name=&quot;AlwaysUseIcon&quot; isNullable=&quot;false&quot; position=&quot;2&quot; groupByPriority=&quot;0&quot; inherited=&quot;false&quot; instanceType=&quot;System.Boolean, mscorlib, Version=4.0.0.0, Culture=neutral, PublicKeyToken=b77a5c561934e089&quot; storeType=&quot;PhysicalStoreType='Boolean'&quot; isReadOnly=&quot;false&quot; newInstanceDefaultFieldValue=&quot;&amp;lt;f:function xmlns:f=&amp;quot;http://www.composite.net/ns/function/1.0&amp;quot; name=&amp;quot;Composite.Constant.Boolean&amp;quot;&amp;gt;&amp;lt;f:param name=&amp;quot;Constant&amp;quot; value=&amp;quot;True&amp;quot; /&amp;gt;&amp;lt;/f:function&amp;gt;&quot; defaultValue=&quot;ValueType='Boolean'Value='False'&quot;&gt;&#xD;&#xA;      &lt;FormRenderingProfile label=&quot;Always use icon&quot; helpText=&quot;The icon is used on mobile devices. If you also want the icon to be used on desktops (normal PCs) select this option. Otherwise the page title will be used.&quot; widgetFunctionMarkup=&quot;&amp;lt;f:widgetfunction xmlns:f=&amp;quot;http://www.composite.net/ns/function/1.0&amp;quot; name=&amp;quot;Composite.Widgets.Bool.CheckBox&amp;quot; /&amp;gt;&quot; /&gt;&#xD;&#xA;      &lt;ValidationFunctionMarkups /&gt;&#xD;&#xA;    &lt;/DataFieldDescriptor&gt;&#xD;&#xA;    &lt;DataFieldDescriptor id=&quot;bb709059-ae2f-416d-b42f-3ae39e07d795&quot; name=&quot;Position&quot; isNullable=&quot;false&quot; position=&quot;3&quot; groupByPriority=&quot;0&quot; inherited=&quot;false&quot; instanceType=&quot;System.Int32, mscorlib, Version=4.0.0.0, Culture=neutral, PublicKeyToken=b77a5c561934e089&quot; storeType=&quot;PhysicalStoreType='Integer'&quot; isReadOnly=&quot;false&quot; defaultValue=&quot;ValueType='Integer'Value='0'&quot;&gt;&#xD;&#xA;      &lt;FormRenderingProfile label=&quot;Position&quot; helpText=&quot;Top links are ordered by this value - lowest values first.&quot; widgetFunctionMarkup=&quot;&amp;lt;f:widgetfunction xmlns:f=&amp;quot;http://www.composite.net/ns/function/1.0&amp;quot; name=&amp;quot;Composite.Widgets.Integer.TextBox&amp;quot; label=&amp;quot;&amp;quot; bindingsourcename=&amp;quot;&amp;quot;&amp;gt;&amp;lt;f:helpdefinition xmlns:f=&amp;quot;http://www.composite.net/ns/function/1.0&amp;quot; helptext=&amp;quot;&amp;quot; /&amp;gt;&amp;lt;/f:widgetfunction&amp;gt;&quot; /&gt;&#xD;&#xA;      &lt;ValidationFunctionMarkups /&gt;&#xD;&#xA;    &lt;/DataFieldDescriptor&gt;&#xD;&#xA;  &lt;/Fields&gt;&#xD;&#xA;&lt;/DataTypeDescriptor&gt;" />
			</Types>
		</mi:Add>
		<mi:Add installerType="Composite.Core.PackageSystem.PackageFragmentInstallers.DataPackageFragmentInstaller, Composite" uninstallerType="Composite.Core.PackageSystem.PackageFragmentInstallers.DataPackageFragmentUninstaller, Composite">
			<Types>
				<Type type="Composite.Data.Types.IGeneratedTypeWhiteList,Composite">
					<Data dataScopeIdentifier="administrated" dataFilename="~\Datas\Composite.Data.Types.IGeneratedTypeWhiteLists_administrated.xml" />
				</Type>
				<Type type="Composite.Data.Types.IPageType,Composite">
					<Data dataScopeIdentifier="public" dataFilename="~\Datas\Composite.Data.Types.IPageTypes_public.xml" />
				</Type>
				</Types>
		</mi:Add>
	</mi:PackageFragmentInstallers>
</mi:PackageInstaller>